controller,scenario,seed,n,frequency_nadir_hz,frequency_rmse_hz,settling_time_s,voltage_rmse_v,voltage_violation_s,sharing_error,max_attack_deviation_hz,integrated_abs_freq_error,recovery_time_s,safe_trial,unserved_energy_kwh,detection_delay_s,readmission_delay_s,false_isolation_rate,trust_separation,packets,bytes,peak_packets_per_interval,max_valid_silence_s,degraded_fraction,update_time_ms
B0,S1,0,5,49.065613232182116,0.4531547705448934,4.0,1.9338898704416405,7.0,0.07396767379343068,0.5882852693923724,5.481536310904408,5.0,0.0,0.3989340570042684,15.0,0.0,0.0,0.0,0,0,0,0.0,0.0,0.24025102970206194
B1,S1,0,5,49.51830722713261,0.18863584216548757,0.0,1.0003927550604772,1.4000000000000001,0.06005326848555757,0.47898065336103457,2.080269823770813,4.199999999999999,1.0,0.2904796797726966,15.0,0.0,0.0,0.0,18180,654480,180,0.2,0.0,0.3832359504918029
B2,S1,0,5,49.516337139509396,0.1841922326198686,0.0,1.0003927550604772,1.4000000000000001,0.048866738809394336,0.48024763449799934,1.9298234883209866,5.0,1.0,0.28031230011588104,15.0,0.0,0.0,0.0,1818,65448,18,0.2,0.0,0.4565875247493804
B3,S1,0,5,49.51806303867367,0.1836003519038915,0.0,1.0003927550604772,1.4000000000000001,0.04893442653321166,0.47892886063885953,2.016777814594754,5.0,1.0,0.2769859430063428,15.0,0.0,0.0,0.0,1818,65448,18,0.2,0.0,0.3892251881174305
B4,S1,0,5,49.516296393766545,0.18383609679893226,0.0,1.0003927550604772,1.4000000000000001,0.04883064821428124,0.48026677363297665,1.908079507092587,5.0,1.0,0.280076869344395,15.0,0.0,0.0,-0.013110579273780454,1818,65448,18,0.2,0.0,0.45574913861171373
B5,S1,0,5,49.51628791503805,0.18379862094289728,0.0,1.0003927550604772,1.4000000000000001,0.04878868520614834,0.4802731178055524,1.9070465944785586,5.0,1.0,0.2800613285092235,15.0,0.0,0.0,0.0,1818,65448,18,0.2,0.0,0.4323513168342873
P,S1,0,5,49.515797506222086,0.18416027674554267,0.0,1.0003927550604772,1.4000000000000001,0.04886010633511281,0.4806526583537547,1.924116488178468,5.0,1.0,0.28114839289827714,15.0,0.0,0.0,0.0,593,21348,18,1.0,0.0,0.41987743564520613
B0,S2,0,5,49.11678786974664,0.4310175357114717,0.0,1.9338898704416405,7.0,0.0741792007804779,0.5623419323824166,5.215336789611479,5.0,0.0,0.38560279467542924,16.0,0.0,0.0,0.0,0,0,0,0.0,0.0,0.3291985841621348
B1,S2,0,5,49.54621929571051,0.17687707305271336,0.0,1.0003927550604772,1.4000000000000001,0.06249770049363639,0.4537807042894926,1.9966093946863381,4.199999999999999,1.0,0.28076564746606175,16.0,0.0,0.0,0.0,18180,654480,180,0.2,0.0,0.4620758217837161
B2,S2,0,5,49.54447039944865,0.16877142134165657,0.0,1.0003927550604772,1.4000000000000001,0.04946951334998781,0.45536608720262706,1.76107093453943,4.0,1.0,0.2691261333810864,16.0,0.0,0.0,0.0,1818,65448,18,0.2,0.0,0.396734346535109
B3,S2,0,5,49.54726164035637,0.17310619798912985,4.0,1.0003927550604772,1.4000000000000001,0.050247781599081505,0.4527383596436323,2.133312147253285,5.0,1.0,0.2650315259660532,16.0,0.0,0.0,0.0,1818,65448,18,0.2,0.0,0.4004741881184564
B4,S2,0,5,49.545380498371905,0.17008568135491287,0.0,1.0003927550604772,1.4000000000000001,0.049694635684219765,0.4546195016280947,1.9038277425953858,5.0,1.0,0.2688235111404086,16.0,0.0,0.0,-0.0140844086619063,1818,65448,18,0.2,0.0,0.4450963069307318
B5,S2,0,5,49.54528028862304,0.17005575629097927,0.0,1.0003927550604772,1.4000000000000001,0.04965844874518601,0.4547197113769599,1.8918900518356159,5.0,1.0,0.26918063490928096,16.0,0.0,0.0,0.0,1818,65448,18,0.2,0.0,0.4782486039628134
P,S2,0,5,49.54585889758092,0.16990174336216501,0.0,1.0003927550604772,1.4000000000000001,0.04975180217631942,0.45414110241907935,1.9097667794211772,5.0,1.0,0.268760903158825,16.0,0.0,0.0,0.0,617,22212,18,1.0,0.0,0.5181313564378905
B0,S3,0,5,49.065613232182116,0.4531547705448934,4.0,1.9338898704416405,7.0,0.07396767379343068,0.5882852693923724,5.481536310904408,5.0,0.0,0.4022673903376018,15.0,0.0,0.0,0.0,0,0,0,0.0,0.0,0.26357667326856876
B1,S3,0,5,49.51859890866954,0.18822511753541346,0.0,1.0003927550604772,1.4000000000000001,0.06005440792297889,0.4787570121003313,2.0737148874358615,4.199999999999999,1.0,0.2937705743610398,15.0,0.0,0.0,0.0,18180,654480,180,0.2,0.0,0.4342508910883793
B2,S3,0,5,49.51633527446281,0.18419286727916295,0.0,1.0003927550604772,1.4000000000000001,0.048866616291655084,0.48024978108421124,1.9298306250121477,5.0,1.0,0.2836458756003264,15.0,0.0,0.0,0.0,1818,65448,18,0.2,0.0,0.42457949504552905
B3,S3,0,5,49.51819742148913,0.18355291900146725,0.0,1.0003927550604772,1.4000000000000001,0.04896015923922556,0.47882821945643883,2.0171018644556455,5.0,1.0,0.2802991650327341,15.0,0.0,0.0,0.0,1818,65448,18,0.2,0.0,0.38915677227897943
B4,S3,0,5,49.51636310279425,0.1837912190039586,0.0,1.0003927550604772,1.4000000000000001,0.04884331558690066,0.48021669209553863,1.9078417675666703,5.0,1.0,0.28340023864382896,15.0,0.0,0.0,-0.013110580485506396,1818,65448,18,0.2,0.0,0.4469339901018853
B5,S3,0,5,49.51635462405313,0.18375426517120727,0.0,1.0003927550604772,1.4000000000000001,0.0488017804715726,0.4802230362775646,1.9068059733397758,5.0,1.0,0.2833846978105553,15.0,0.0,0.0,0.0,1818,65448,18,0.2,0.0,0.49156751485119604
P,S3,0,5,49.51568318807953,0.18425768997122702,0.0,1.0003927550604772,1.4000000000000001,0.048825912501883915,0.48072191425981714,1.924194050566209,5.0,1.0,0.284500741607214,15.0,0.0,0.0,0.0,597,21492,18,1.0,0.0,0.44129973267075967
B0,S4,0,5,49.065613232182116,0.4531547705448934,4.0,1.9338898704416405,7.0,0.07396767379343068,0.5882852693923724,5.481536310904408,5.0,0.0,0.3989340570042684,0.0,0.0,0.0,0.0,0,0,0,0.0,0.0,0.2555151287098023
B1,S4,0,5,49.51830722713261,0.18863584216548757,0.0,1.0003927550604772,1.4000000000000001,0.06005326848555757,0.47898065336103457,2.080269823770813,4.199999999999999,1.0,0.2904796797726966,0.0,0.0,0.0,0.0,18180,654480,180,0.2,0.0,0.3970297326700932
B2,S4,0,5,49.516337139509396,0.1841922326198686,0.0,1.0003927550604772,1.4000000000000001,0.048866738809394336,0.48024763449799934,1.9298234883209866,5.0,1.0,0.28031230011588104,0.0,0.0,0.0,0.0,1818,65448,18,0.2,0.0,0.3950245544558021
B3,S4,0,5,49.51806303867367,0.1836003519038915,0.0,1.0003927550604772,1.4000000000000001,0.04893442653321166,0.47892886063885953,2.016777814594754,5.0,1.0,0.2769859430063428,0.0,0.0,0.0,0.0,1818,65448,18,0.2,0.0,0.38234045544836903
B4,S4,0,5,49.516296393766545,0.18383609679893226,0.0,1.0003927550604772,1.4000000000000001,0.04883064821428124,0.48026677363297665,1.908079507092587,5.0,1.0,0.280076869344395,0.0,0.0,0.0,-0.013110579273780454,1818,65448,18,0.2,0.0,0.4327538019811748
B5,S4,0,5,49.51628791503805,0.18379862094289728,0.0,1.0003927550604772,1.4000000000000001,0.04878868520614834,0.4802731178055524,1.9070465944785586,5.0,1.0,0.2800613285092235,0.0,0.0,0.0,0.0,1818,65448,18,0.2,0.0,0.43765499009564923
P,S4,0,5,49.515797506222086,0.18416027674554267,0.0,1.0003927550604772,1.4000000000000001,0.04886010633511281,0.4806526583537547,1.924116488178468,5.0,1.0,0.28114839289827714,0.0,0.0,0.0,0.0,593,21348,18,1.0,0.0,0.43017231683455126
B0,S5,0,5,49.065613232182116,0.4531547705448934,4.0,1.9338898704416405,7.0,0.07396767379343068,0.5882852693923724,5.481536310904408,5.0,0.0,0.3989340570042684,15.0,0.0,0.0,0.0,0,0,0,0.0,0.0,0.23067315841316405
B1,S5,0,5,49.51830722713261,0.18863584216548757,0.0,1.0003927550604772,1.4000000000000001,0.06005326848555757,0.47898065336103457,2.080269823770813,4.199999999999999,1.0,0.2904796797726966,15.0,0.0,0.0,0.0,18180,654480,180,0.2,0.0,0.3648344950486735
B2,S5,0,5,49.516337139509396,0.1841922326198686,0.0,1.0003927550604772,1.4000000000000001,0.048866738809394336,0.48024763449799934,1.9298234883209866,5.0,1.0,0.28031230011588104,15.0,0.0,0.0,0.0,1818,65448,18,0.2,0.0,0.408960435640555
B3,S5,0,5,49.51806303867367,0.1836003519038915,0.0,1.0003927550604772,1.4000000000000001,0.04893442653321166,0.47892886063885953,2.016777814594754,5.0,1.0,0.2769859430063428,15.0,0.0,0.0,0.0,1818,65448,18,0.2,0.0,0.42689404950344917
B4,S5,0,5,49.516296393766545,0.18383609679893226,0.0,1.0003927550604772,1.4000000000000001,0.04883064821428124,0.48026677363297665,1.908079507092587,5.0,1.0,0.280076869344395,15.0,0.0,0.0,-0.013110579273780454,1818,65448,18,0.2,0.0,0.42774264356201386
B5,S5,0,5,49.51628791503805,0.18379862094289728,0.0,1.0003927550604772,1.4000000000000001,0.04878868520614834,0.4802731178055524,1.9070465944785586,5.0,1.0,0.2800613285092235,15.0,0.0,0.0,0.0,1818,65448,18,0.2,0.0,0.4219528118843336
P,S5,0,5,49.515797506222086,0.18416027674554267,0.0,1.0003927550604772,1.4000000000000001,0.04886010633511281,0.4806526583537547,1.924116488178468,5.0,1.0,0.28114839289827714,15.0,0.0,0.0,0.0,593,21348,18,1.0,0.0,0.42316342574345567
B0,S6,0,5,49.11678786974664,0.4310175357114717,0.0,1.9338898704416405,7.0,0.0741792007804779,0.5623419323824166,5.215336789611479,5.0,0.0,0.38560279467542924,16.0,0.0,0.0,0.0,0,0,0,0.0,0.0,0.2611167524759871
B1,S6,0,5,49.54621929571051,0.17687707305271336,0.0,1.0003927550604772,1.4000000000000001,0.06249770049363639,0.4537807042894926,1.9966093946863381,4.199999999999999,1.0,0.28076564746606175,16.0,0.0,0.0,0.0,18180,654480,180,0.2,0.0,0.3992797227699994
B2,S6,0,5,49.54447039944865,0.16877142134165657,0.0,1.0003927550604772,1.4000000000000001,0.04946951334998781,0.45536608720262706,1.76107093453943,4.0,1.0,0.2691261333810864,16.0,0.0,0.0,0.0,1818,65448,18,0.2,0.0,0.39988259405699056
B3,S6,0,5,49.54726164035637,0.17310619798912985,4.0,1.0003927550604772,1.4000000000000001,0.050247781599081505,0.4527383596436323,2.133312147253285,5.0,1.0,0.2650315259660532,16.0,0.0,0.0,0.0,1818,65448,18,0.2,0.0,0.3954261485139994
B4,S6,0,5,49.545380498371905,0.17008568135491287,0.0,1.0003927550604772,1.4000000000000001,0.049694635684219765,0.4546195016280947,1.9038277425953858,5.0,1.0,0.2688235111404086,16.0,0.0,0.0,-0.0140844086619063,1818,65448,18,0.2,0.0,0.42995218811736075
B5,S6,0,5,49.54528028862304,0.17005575629097927,0.0,1.0003927550604772,1.4000000000000001,0.04965844874518601,0.4547197113769599,1.8918900518356159,5.0,1.0,0.26918063490928096,16.0,0.0,0.0,0.0,1818,65448,18,0.2,0.0,0.4579322178212558
P,S6,0,5,49.54585889758092,0.16990174336216501,0.0,1.0003927550604772,1.4000000000000001,0.04975180217631942,0.45414110241907935,1.9097667794211772,5.0,1.0,0.268760903158825,16.0,0.0,0.0,0.0,617,22212,18,1.0,0.0,0.4220441287138288
B0,S7,0,5,49.11678786974664,0.4310175357114717,0.0,1.9338898704416405,7.0,0.0741792007804779,0.5623419323824166,5.215336789611479,5.0,0.0,0.38560279467542924,16.0,0.0,0.0,0.0,0,0,0,0.0,0.0,0.24232671286863658
B1,S7,0,5,49.54621929571051,0.17687707305271336,0.0,1.0003927550604772,1.4000000000000001,0.06249770049363639,0.4537807042894926,1.9966093946863381,4.199999999999999,1.0,0.28076564746606175,16.0,0.0,0.0,0.0,18180,654480,180,0.2,0.0,0.37657075247330113
B2,S7,0,5,49.54447039944865,0.16877142134165657,0.0,1.0003927550604772,1.4000000000000001,0.04946951334998781,0.45536608720262706,1.76107093453943,4.0,1.0,0.2691261333810864,16.0,0.0,0.0,0.0,1818,65448,18,0.2,0.0,0.38754654455224585
B3,S7,0,5,49.54726164035637,0.17310619798912985,4.0,1.0003927550604772,1.4000000000000001,0.050247781599081505,0.4527383596436323,2.133312147253285,5.0,1.0,0.2650315259660532,16.0,0.0,0.0,0.0,1818,65448,18,0.2,0.0,0.3911482673255804
B4,S7,0,5,49.545380498371905,0.17008568135491287,0.0,1.0003927550604772,1.4000000000000001,0.049694635684219765,0.4546195016280947,1.9038277425953858,5.0,1.0,0.2688235111404086,16.0,0.0,0.0,-0.0140844086619063,1818,65448,18,0.2,0.0,0.4597233960384533
B5,S7,0,5,49.54528028862304,0.17005575629097927,0.0,1.0003927550604772,1.4000000000000001,0.04965844874518601,0.4547197113769599,1.8918900518356159,5.0,1.0,0.26918063490928096,16.0,0.0,0.0,0.0,1818,65448,18,0.2,0.0,0.4786729999986984
P,S7,0,5,49.54585889758092,0.16990174336216501,0.0,1.0003927550604772,1.4000000000000001,0.04975180217631942,0.45414110241907935,1.9097667794211772,5.0,1.0,0.268760903158825,16.0,0.0,0.0,0.0,617,22212,18,1.0,0.0,0.5242096435632438
B0,S1,1,5,49.065613232182116,0.4531547705448934,4.0,1.9338898704416405,7.0,0.07396767379343068,0.5882852693923724,5.481536310904408,5.0,0.0,0.3989340570042684,15.0,0.0,0.0,0.0,0,0,0,0.0,0.0,0.23371275247513093
B1,S1,1,5,49.51829663126508,0.18869915763932324,0.0,1.0003927550604772,1.4000000000000001,0.06008795596092007,0.4789877517711574,2.0801204590107076,4.199999999999999,1.0,0.29047682109179973,15.0,0.0,0.0,0.0,18180,654480,180,0.2,0.0,0.46470798019756765
B2,S1,1,5,49.516388603751025,0.1843833036406394,0.0,1.0003927550604772,1.4000000000000001,0.04893525094119555,0.4801429115071798,1.9362931821631506,5.0,1.0,0.2805241571616276,15.0,0.0,0.0,0.0,1818,65448,18,0.2,0.0,0.3691353762369905
B3,S1,1,5,49.51829456263781,0.18352868784597565,0.0,1.0003927550604772,1.4000000000000001,0.049009252363181134,0.4787130275420779,2.019154540658181,5.0,1.0,0.2770430476913777,15.0,0.0,0.0,0.0,1818,65448,18,0.2,0.0,0.42241389108780686
B4,S1,1,5,49.517473230121105,0.18338148746517954,0.0,1.0003927550604772,1.4000000000000001,0.04896885142374792,0.47932792095221544,1.939460915310499,5.0,1.0,0.27893159856314836,15.0,0.0,0.0,-0.01245005279696254,1818,65448,18,0.2,0.0,0.41252843564255065
B5,S1,1,5,49.51752964113004,0.18336348983671355,0.0,1.0003927550604772,1.4000000000000001,0.04893616714194054,0.4792857116544269,1.9425516513574934,5.0,1.0,0.27882708306431603,15.0,0.0,0.0,0.0,1818,65448,18,0.2,0.0,0.43628708910978503
P,S1,1,5,49.51697635921876,0.1835900108718788,0.0,1.0003927550604772,1.4000000000000001,0.04884544580018359,0.4796855421577959,1.9323190390910392,5.0,1.0,0.2787983925147878,15.0,0.0,0.0,0.0,596,21456,18,1.0,0.0,0.43112968316815775
B0,S2,1,5,49.11678786974664,0.4310175357114717,0.0,1.9338898704416405,7.0,0.0741792007804779,0.5623419323824166,5.215336789611479,5.0,0.0,0.38560279467542924,16.0,0.0,0.0,0.0,0,0,0,0.0,0.0,0.31491387128673776
B1,S2,1,5,49.546212197300406,0.1769555847378198,0.0,1.0003927550604772,1.4000000000000001,0.06253686590512839,0.45378780269959407,1.9975058767874743,4.199999999999999,1.0,0.2807523218875333,16.0,0.0,0.0,0.0,18180,654480,180,0.2,0.0,0.42205147524733133
B2,S2,1,5,49.54439719163887,0.16890256223847877,0.0,1.0003927550604772,1.4000000000000001,0.04947660707983899,0.4553915308089813,1.7659961275042064,4.0,1.0,0.26941469709275057,16.0,0.0,0.0,0.0,1818,65448,18,0.2,0.0,0.4273190396014626
B3,S2,1,5,49.54742175208404,0.17332996518575683,4.0,1.0003927550604772,1.4000000000000001,0.05021759333342775,0.4525782479159588,2.1425610979744913,5.0,1.0,0.26493051256550504,16.0,0.0,0.0,0.0,1818,65448,18,0.2,0.0,0.4196486138605924
B4,S2,1,5,49.54578546805592,0.17013830278739017,0.0,1.0003927550604772,1.4000000000000001,0.04970343391394201,0.454214531944082,1.930512767981061,5.0,1.0,0.2681004322065064,16.0,0.0,0.0,-0.013352054208156772,1818,65448,18,0.2,0.0,0.4492570098978597
B5,S2,1,5,49.545617030305166,0.17005550197378624,0.0,1.0003927550604772,1.4000000000000001,0.04966784180066988,0.4543829696948336,1.9142052555131512,5.0,1.0,0.2684935501794721,16.0,0.0,0.0,0.0,1818,65448,18,0.2,0.0,0.450980277230766
P,S2,1,5,49.545152224510716,0.1699338521757304,0.0,1.0003927550604772,1.4000000000000001,0.049636678341532785,0.45483264356060005,1.8872766616976229,5.0,1.0,0.26922600717061046,16.0,0.0,0.0,0.0,659,23724,18,1.0,0.0,0.4857552277268168
B0,S3,1,5,49.065613232182116,0.4531547705448934,4.0,1.9338898704416405,7.0,0.07396767379343068,0.5882852693923724,5.481536310904408,5.0,0.0,0.4022673903376018,15.0,0.0,0.0,0.0,0,0,0,0.0,0.0,0.2688619603966547
B1,S3,1,5,49.51858831280201,0.1882870446493093,0.0,1.0003927550604772,1.4000000000000001,0.06008910040578827,0.478764110510447,2.0735659407863696,4.199999999999999,1.0,0.2937677156801433,15.0,0.0,0.0,0.0,18180,654480,180,0.2,0.0,0.4454133366353105
B2,S3,1,5,49.51638977522138,0.18438291185727665,0.0,1.0003927550604772,1.4000000000000001,0.048935309510553616,0.48014188775111677,1.9362888304509271,5.0,1.0,0.28385739333247534,15.0,0.0,0.0,0.0,1818,65448,18,0.2,0.0,0.3904713564387037
B3,S3,1,5,49.518281517010735,0.18353350750132474,0.0,1.0003927550604772,1.4000000000000001,0.04900686452775312,0.4787228018751861,2.0191264779422284,5.0,1.0,0.2803783313775738,15.0,0.0,0.0,0.0,1818,65448,18,0.2,0.0,0.3908957425737033
B4,S3,1,5,49.51746636941322,0.18338435193815408,0.0,1.0003927550604772,1.4000000000000001,0.04896750308874978,0.4793329719505479,1.939469102103536,5.0,1.0,0.28226597403044357,15.0,0.0,0.0,-0.012450060871030177,1818,65448,18,0.2,0.0,0.4291293960407772
B5,S3,1,5,49.51752278041905,0.18336620698529696,0.0,1.0003927550604772,1.4000000000000001,0.048934799649235534,0.47929076265508996,1.9425596549739066,5.0,1.0,0.2821614585320764,15.0,0.0,0.0,0.0,1818,65448,18,0.2,0.0,0.45695148515048933
P,S3,1,5,49.517558585473054,0.18334367764050236,0.0,1.0003927550604772,1.4000000000000001,0.04893378754808761,0.4792410987382425,1.9313410972549578,5.0,1.0,0.282045599052602,15.0,0.0,0.0,0.0,578,20808,18,1.0,0.0,0.42124999009673153
B0,S4,1,5,49.065613232182116,0.4531547705448934,4.0,1.9338898704416405,7.0,0.07396767379343068,0.5882852693923724,5.481536310904408,5.0,0.0,0.3989340570042684,0.0,0.0,0.0,0.0,0,0,0,0.0,0.0,0.24412439603957586
B1,S4,1,5,49.51829663126508,0.18869915763932324,0.0,1.0003927550604772,1.4000000000000001,0.06008795596092007,0.4789877517711574,2.0801204590107076,4.199999999999999,1.0,0.29047682109179973,0.0,0.0,0.0,0.0,18180,654480,180,0.2,0.0,0.40453649504649214
B2,S4,1,5,49.516388603751025,0.1843833036406394,0.0,1.0003927550604772,1.4000000000000001,0.04893525094119555,0.4801429115071798,1.9362931821631506,5.0,1.0,0.2805241571616276,0.0,0.0,0.0,0.0,1818,65448,18,0.2,0.0,0.38764541584284173
B3,S4,1,5,49.51829456263781,0.18352868784597565,0.0,1.0003927550604772,1.4000000000000001,0.049009252363181134,0.4787130275420779,2.019154540658181,5.0,1.0,0.2770430476913777,0.0,0.0,0.0,0.0,1818,65448,18,0.2,0.0,0.3791230891071638
B4,S4,1,5,49.517473230121105,0.18338148746517954,0.0,1.0003927550604772,1.4000000000000001,0.04896885142374792,0.47932792095221544,1.939460915310499,5.0,1.0,0.27893159856314836,0.0,0.0,0.0,-0.01245005279696254,1818,65448,18,0.2,0.0,0.4128858019819493
B5,S4,1,5,49.51752964113004,0.18336348983671355,0.0,1.0003927550604772,1.4000000000000001,0.04893616714194054,0.4792857116544269,1.9425516513574934,5.0,1.0,0.27882708306431603,0.0,0.0,0.0,0.0,1818,65448,18,0.2,0.0,0.43136882178340885
P,S4,1,5,49.51697635921876,0.1835900108718788,0.0,1.0003927550604772,1.4000000000000001,0.04884544580018359,0.4796855421577959,1.9323190390910392,5.0,1.0,0.2787983925147878,0.0,0.0,0.0,0.0,596,21456,18,1.0,0.0,0.4052159108888902
B0,S5,1,5,49.065613232182116,0.4531547705448934,4.0,1.9338898704416405,7.0,0.07396767379343068,0.5882852693923724,5.481536310904408,5.0,0.0,0.3989340570042684,15.0,0.0,0.0,0.0,0,0,0,0.0,0.0,0.23409112871395157
B1,S5,1,5,49.51829663126508,0.18869915763932324,0.0,1.0003927550604772,1.4000000000000001,0.06008795596092007,0.4789877517711574,2.0801204590107076,4.199999999999999,1.0,0.29047682109179973,15.0,0.0,0.0,0.0,18180,654480,180,0.2,0.0,0.40440669307025756
B2,S5,1,5,49.516388603751025,0.1843833036406394,0.0,1.0003927550604772,1.4000000000000001,0.04893525094119555,0.4801429115071798,1.9362931821631506,5.0,1.0,0.2805241571616276,15.0,0.0,0.0,0.0,1818,65448,18,0.2,0.0,0.4062372673246554
B3,S5,1,5,49.51829456263781,0.18352868784597565,0.0,1.0003927550604772,1.4000000000000001,0.049009252363181134,0.4787130275420779,2.019154540658181,5.0,1.0,0.2770430476913777,15.0,0.0,0.0,0.0,1818,65448,18,0.2,0.0,0.41406217821918967
B4,S5,1,5,49.517473230121105,0.18338148746517954,0.0,1.0003927550604772,1.4000000000000001,0.04896885142374792,0.47932792095221544,1.939460915310499,5.0,1.0,0.27893159856314836,15.0,0.0,0.0,-0.01245005279696254,1818,65448,18,0.2,0.0,0.47224069306922856
B5,S5,1,5,49.51752964113004,0.18336348983671355,0.0,1.0003927550604772,1.4000000000000001,0.04893616714194054,0.4792857116544269,1.9425516513574934,5.0,1.0,0.27882708306431603,15.0,0.0,0.0,0.0,1818,65448,18,0.2,0.0,0.5180247524747594
P,S5,1,5,49.51697635921876,0.1835900108718788,0.0,1.0003927550604772,1.4000000000000001,0.04884544580018359,0.4796855421577959,1.9323190390910392,5.0,1.0,0.2787983925147878,15.0,0.0,0.0,0.0,596,21456,18,1.0,0.0,0.43570515841601815
B0,S6,1,5,49.11678786974664,0.4310175357114717,0.0,1.9338898704416405,7.0,0.0741792007804779,0.5623419323824166,5.215336789611479,5.0,0.0,0.38560279467542924,16.0,0.0,0.0,0.0,0,0,0,0.0,0.0,0.2870671980219575
B1,S6,1,5,49.546212197300406,0.1769555847378198,0.0,1.0003927550604772,1.4000000000000001,0.06253686590512839,0.45378780269959407,1.9975058767874743,4.199999999999999,1.0,0.2807523218875333,16.0,0.0,0.0,0.0,18180,654480,180,0.2,0.0,0.4288305742580399
B2,S6,1,5,49.54439719163887,0.16890256223847877,0.0,1.0003927550604772,1.4000000000000001,0.04947660707983899,0.4553915308089813,1.7659961275042064,4.0,1.0,0.26941469709275057,16.0,0.0,0.0,0.0,1818,65448,18,0.2,0.0,0.4632649405955295
B3,S6,1,5,49.54742175208404,0.17332996518575683,4.0,1.0003927550604772,1.4000000000000001,0.05021759333342775,0.4525782479159588,2.1425610979744913,5.0,1.0,0.26493051256550504,16.0,0.0,0.0,0.0,1818,65448,18,0.2,0.0,0.44870555445350596
B4,S6,1,5,49.54578546805592,0.17013830278739017,0.0,1.0003927550604772,1.4000000000000001,0.04970343391394201,0.454214531944082,1.930512767981061,5.0,1.0,0.2681004322065064,16.0,0.0,0.0,-0.013352054208156772,1818,65448,18,0.2,0.0,0.4544540891104832
B5,S6,1,5,49.545617030305166,0.17005550197378624,0.0,1.0003927550604772,1.4000000000000001,0.04966784180066988,0.4543829696948336,1.9142052555131512,5.0,1.0,0.2684935501794721,16.0,0.0,0.0,0.0,1818,65448,18,0.2,0.0,0.48057200000143757
P,S6,1,5,49.545152224510716,0.1699338521757304,0.0,1.0003927550604772,1.4000000000000001,0.049636678341532785,0.45483264356060005,1.8872766616976229,5.0,1.0,0.26922600717061046,16.0,0.0,0.0,0.0,659,23724,18,1.0,0.0,0.4699807623768324
B0,S7,1,5,49.11678786974664,0.4310175357114717,0.0,1.9338898704416405,7.0,0.0741792007804779,0.5623419323824166,5.215336789611479,5.0,0.0,0.38560279467542924,16.0,0.0,0.0,0.0,0,0,0,0.0,0.0,0.2613811287137471
B1,S7,1,5,49.546212197300406,0.1769555847378198,0.0,1.0003927550604772,1.4000000000000001,0.06253686590512839,0.45378780269959407,1.9975058767874743,4.199999999999999,1.0,0.2807523218875333,16.0,0.0,0.0,0.0,18180,654480,180,0.2,0.0,0.4407851584162044
B2,S7,1,5,49.54439719163887,0.16890256223847877,0.0,1.0003927550604772,1.4000000000000001,0.04947660707983899,0.4553915308089813,1.7659961275042064,4.0,1.0,0.26941469709275057,16.0,0.0,0.0,0.0,1818,65448,18,0.2,0.0,0.5153459801972126
B3,S7,1,5,49.54742175208404,0.17332996518575683,4.0,1.0003927550604772,1.4000000000000001,0.05021759333342775,0.4525782479159588,2.1425610979744913,5.0,1.0,0.26493051256550504,16.0,0.0,0.0,0.0,1818,65448,18,0.2,0.0,0.5030286831675083
B4,S7,1,5,49.54578546805592,0.17013830278739017,0.0,1.0003927550604772,1.4000000000000001,0.04970343391394201,0.454214531944082,1.930512767981061,5.0,1.0,0.2681004322065064,16.0,0.0,0.0,-0.013352054208156772,1818,65448,18,0.2,0.0,0.5366320891079169
B5,S7,1,5,49.545617030305166,0.17005550197378624,0.0,1.0003927550604772,1.4000000000000001,0.04966784180066988,0.4543829696948336,1.9142052555131512,5.0,1.0,0.2684935501794721,16.0,0.0,0.0,0.0,1818,65448,18,0.2,0.0,0.4635223465379342
P,S7,1,5,49.545152224510716,0.1699338521757304,0.0,1.0003927550604772,1.4000000000000001,0.049636678341532785,0.45483264356060005,1.8872766616976229,5.0,1.0,0.26922600717061046,16.0,0.0,0.0,0.0,659,23724,18,1.0,0.0,0.44609550495086225
B0,S1,2,5,49.065613232182116,0.4531547705448934,4.0,1.9338898704416405,7.0,0.07396767379343068,0.5882852693923724,5.481536310904408,5.0,0.0,0.3989340570042684,15.0,0.0,0.0,0.0,0,0,0,0.0,0.0,0.22981513861265226
B1,S1,2,5,49.51828620205317,0.18868603911460385,0.0,1.0003927550604772,1.4000000000000001,0.0600705258796302,0.4790010568675811,2.08002583926999,4.199999999999999,1.0,0.29048145081446053,15.0,0.0,0.0,0.0,18180,654480,180,0.2,0.0,0.36822784158634886
B2,S1,2,5,49.516486271883934,0.1841993944836434,0.0,1.0003927550604772,1.4000000000000001,0.048921464110643395,0.48006096262857056,1.930847284107806,5.0,1.0,0.28055687061428275,15.0,0.0,0.0,0.0,1818,65448,18,0.2,0.0,0.35872863366484403
B3,S1,2,5,49.51844608840397,0.18347572141175938,0.0,1.0003927550604772,1.4000000000000001,0.04898631525763372,0.4786096381787672,2.0167144199902074,5.0,1.0,0.2768058790280788,15.0,0.0,0.0,0.0,1818,65448,18,0.2,0.0,0.38609414851445834
B4,S1,2,5,49.5190830515122,0.1837166298581935,0.0,1.0003927550604772,1.4000000000000001,0.048905382868952685,0.4781104864634571,2.078901057573573,5.0,1.0,0.2761112529079829,15.0,0.0,0.0,-0.012986750823930415,1818,65448,18,0.2,0.0,0.42583905940881606
B5,S1,2,5,49.519139785833914,0.18374251339665204,0.0,1.0003927550604772,1.4000000000000001,0.048870531770362824,0.47806803524825625,2.082992258902442,5.0,1.0,0.27601106310923607,15.0,0.0,0.0,0.0,1818,65448,18,0.2,0.0,0.436915782180528
P,S1,2,5,49.51815680748684,0.18406418952202036,0.0,1.0003927550604772,1.4000000000000001,0.04882854080196974,0.4788096243019808,2.077775928411832,5.0,1.0,0.27662493276016936,15.0,0.0,0.0,0.0,633,22788,18,1.0,0.0,0.4075227623769312
B0,S2,2,5,49.11678786974664,0.4310175357114717,0.0,1.9338898704416405,7.0,0.0741792007804779,0.5623419323824166,5.215336789611479,5.0,0.0,0.38560279467542924,16.0,0.0,0.0,0.0,0,0,0,0.0,0.0,0.24655947524956676
B1,S2,2,5,49.54619889220398,0.17694719144857876,0.0,1.0003927550604772,1.4000000000000001,0.0625176554144154,0.4538011077960178,1.9973568020512242,4.199999999999999,1.0,0.28076636375076763,16.0,0.0,0.0,0.0,18180,654480,180,0.2,0.0,0.3742360594028784
B2,S2,2,5,49.544514588252035,0.1687166340397343,0.0,1.0003927550604772,1.4000000000000001,0.04950715939385872,0.45528898397666495,1.7625518301498255,4.0,1.0,0.26937092816055547,16.0,0.0,0.0,0.0,1818,65448,18,0.2,0.0,0.42065088118671146
B3,S2,2,5,49.547500286115415,0.1731273890769721,4.0,1.0003927550604772,1.4000000000000001,0.05018723677172898,0.45249971388458476,2.1368346148272446,5.0,1.0,0.26473250543383514,16.0,0.0,0.0,0.0,1818,65448,18,0.2,0.0,0.3957483564356675
B4,S2,2,5,49.547379122222104,0.17277172855665404,4.0,1.0003927550604772,1.4000000000000001,0.049561888785545564,0.45262087777789617,2.125918152871315,5.0,1.0,0.26455072842569044,16.0,0.0,0.0,-0.014079960753518916,1818,65448,18,0.2,0.0,0.42250603960518235
B5,S2,2,5,49.547230358038604,0.172448257182861,4.0,1.0003927550604772,1.4000000000000001,0.049533819339690754,0.452769641961396,2.1077543129405507,5.0,1.0,0.2648780993490839,16.0,0.0,0.0,0.0,1818,65448,18,0.2,0.0,0.44472303960730536
P,S2,2,5,49.54643052356845,0.17215249885224787,4.0,1.0003927550604772,1.4000000000000001,0.04937798528370287,0.45356947643154655,2.089460207729562,5.0,1.0,0.26518503408788346,16.0,0.0,0.0,0.0,620,22320,18,1.0,0.0,0.4242030495063746
B0,S3,2,5,49.065613232182116,0.4531547705448934,4.0,1.9338898704416405,7.0,0.07396767379343068,0.5882852693923724,5.481536310904408,5.0,0.0,0.4022673903376018,15.0,0.0,0.0,0.0,0,0,0,0.0,0.0,0.22730879207770024
B1,S3,2,5,49.51857788359011,0.18827451886439311,0.0,1.0003927550604772,1.4000000000000001,0.06007166472913174,0.4787774156068636,2.07347110889218,4.199999999999999,1.0,0.29377234540280406,15.0,0.0,0.0,0.0,18180,654480,180,0.2,0.0,0.3655995346574369
B2,S3,2,5,49.51648440683732,0.18420007287188955,0.0,1.0003927550604772,1.4000000000000001,0.048921337792862146,0.4800631092148038,1.9308551642722298,5.0,1.0,0.28389044609872777,15.0,0.0,0.0,0.0,1818,65448,18,0.2,0.0,0.37370269306974124
B3,S3,2,5,49.518448175756,0.18347500990528562,0.0,1.0003927550604772,1.4000000000000001,0.04898668178589948,0.478608028012907,2.016718179339177,5.0,1.0,0.28013890942203107,15.0,0.0,0.0,0.0,1818,65448,18,0.2,0.0,0.3902978019771644
B4,S3,2,5,49.51898809272535,0.18374487146619903,0.0,1.0003927550604772,1.4000000000000001,0.04888618061047909,0.47818143244188605,2.078678094916045,5.0,1.0,0.27945880470191614,15.0,0.0,0.0,-0.012986743580691962,1818,65448,18,0.2,0.0,0.6079076732669701
B5,S3,2,5,49.51904482704723,0.18376939178778806,0.0,1.0003927550604772,1.4000000000000001,0.04885131442832164,0.4781389812265715,2.082771315535101,5.0,1.0,0.27935861490314473,15.0,0.0,0.0,0.0,1818,65448,18,0.2,0.0,0.5433185049534388
P,S3,2,5,49.519198512623866,0.18361988832858073,0.0,1.0003927550604772,1.4000000000000001,0.04897993074495401,0.4780539881142474,2.0760912945962957,5.0,1.0,0.2798013106871761,15.0,0.0,0.0,0.0,619,22284,18,1.0,0.0,0.41322209901211115
B0,S4,2,5,49.065613232182116,0.4531547705448934,4.0,1.9338898704416405,7.0,0.07396767379343068,0.5882852693923724,5.481536310904408,5.0,0.0,0.3989340570042684,0.0,0.0,0.0,0.0,0,0,0,0.0,0.0,0.22790037623377826
B1,S4,2,5,49.51828620205317,0.18868603911460385,0.0,1.0003927550604772,1.4000000000000001,0.0600705258796302,0.4790010568675811,2.08002583926999,4.199999999999999,1.0,0.29048145081446053,0.0,0.0,0.0,0.0,18180,654480,180,0.2,0.0,0.36589969306870707
B2,S4,2,5,49.516486271883934,0.1841993944836434,0.0,1.0003927550604772,1.4000000000000001,0.048921464110643395,0.48006096262857056,1.930847284107806,5.0,1.0,0.28055687061428275,0.0,0.0,0.0,0.0,1818,65448,18,0.2,0.0,0.3611520594066599
B3,S4,2,5,49.51844608840397,0.18347572141175938,0.0,1.0003927550604772,1.4000000000000001,0.04898631525763372,0.4786096381787672,2.0167144199902074,5.0,1.0,0.2768058790280788,0.0,0.0,0.0,0.0,1818,65448,18,0.2,0.0,0.4105216138632746
B4,S4,2,5,49.5190830515122,0.1837166298581935,0.0,1.0003927550604772,1.4000000000000001,0.048905382868952685,0.4781104864634571,2.078901057573573,5.0,1.0,0.2761112529079829,0.0,0.0,0.0,-0.012986750823930415,1818,65448,18,0.2,0.0,0.4311179702991728
B5,S4,2,5,49.519139785833914,0.18374251339665204,0.0,1.0003927550604772,1.4000000000000001,0.048870531770362824,0.47806803524825625,2.082992258902442,5.0,1.0,0.27601106310923607,0.0,0.0,0.0,0.0,1818,65448,18,0.2,0.0,0.4039420396066357
P,S4,2,5,49.51815680748684,0.18406418952202036,0.0,1.0003927550604772,1.4000000000000001,0.04882854080196974,0.4788096243019808,2.077775928411832,5.0,1.0,0.27662493276016936,0.0,0.0,0.0,0.0,633,22788,18,1.0,0.0,0.4069887821753924
B0,S5,2,5,49.065613232182116,0.4531547705448934,4.0,1.9338898704416405,7.0,0.07396767379343068,0.5882852693923724,5.481536310904408,5.0,0.0,0.3989340570042684,15.0,0.0,0.0,0.0,0,0,0,0.0,0.0,0.23682278217868113
B1,S5,2,5,49.51828620205317,0.18868603911460385,0.0,1.0003927550604772,1.4000000000000001,0.0600705258796302,0.4790010568675811,2.08002583926999,4.199999999999999,1.0,0.29048145081446053,15.0,0.0,0.0,0.0,18180,654480,180,0.2,0.0,0.37626743564357124
B2,S5,2,5,49.516486271883934,0.1841993944836434,0.0,1.0003927550604772,1.4000000000000001,0.048921464110643395,0.48006096262857056,1.930847284107806,5.0,1.0,0.28055687061428275,15.0,0.0,0.0,0.0,1818,65448,18,0.2,0.0,0.37910753465412467
B3,S5,2,5,49.51844608840397,0.18347572141175938,0.0,1.0003927550604772,1.4000000000000001,0.04898631525763372,0.4786096381787672,2.0167144199902074,5.0,1.0,0.2768058790280788,15.0,0.0,0.0,0.0,1818,65448,18,0.2,0.0,0.38155615841490786
B4,S5,2,5,49.5190830515122,0.1837166298581935,0.0,1.0003927550604772,1.4000000000000001,0.048905382868952685,0.4781104864634571,2.078901057573573,5.0,1.0,0.2761112529079829,15.0,0.0,0.0,-0.012986750823930415,1818,65448,18,0.2,0.0,0.41020618812013926
B5,S5,2,5,49.519139785833914,0.18374251339665204,0.0,1.0003927550604772,1.4000000000000001,0.048870531770362824,0.47806803524825625,2.082992258902442,5.0,1.0,0.27601106310923607,15.0,0.0,0.0,0.0,1818,65448,18,0.2,0.0,0.43066144554350194
P,S5,2,5,49.51815680748684,0.18406418952202036,0.0,1.0003927550604772,1.4000000000000001,0.04882854080196974,0.4788096243019808,2.077775928411832,5.0,1.0,0.27662493276016936,15.0,0.0,0.0,0.0,633,22788,18,1.0,0.0,0.4184657128723419
B0,S6,2,5,49.11678786974664,0.4310175357114717,0.0,1.9338898704416405,7.0,0.0741792007804779,0.5623419323824166,5.215336789611479,5.0,0.0,0.38560279467542924,16.0,0.0,0.0,0.0,0,0,0,0.0,0.0,0.24415646534504445
B1,S6,2,5,49.54619889220398,0.17694719144857876,0.0,1.0003927550604772,1.4000000000000001,0.0625176554144154,0.4538011077960178,1.9973568020512242,4.199999999999999,1.0,0.28076636375076763,16.0,0.0,0.0,0.0,18180,654480,180,0.2,0.0,0.4045753663367667
B2,S6,2,5,49.544514588252035,0.1687166340397343,0.0,1.0003927550604772,1.4000000000000001,0.04950715939385872,0.45528898397666495,1.7625518301498255,4.0,1.0,0.26937092816055547,16.0,0.0,0.0,0.0,1818,65448,18,0.2,0.0,0.3949735346530829
B3,S6,2,5,49.547500286115415,0.1731273890769721,4.0,1.0003927550604772,1.4000000000000001,0.05018723677172898,0.45249971388458476,2.1368346148272446,5.0,1.0,0.26473250543383514,16.0,0.0,0.0,0.0,1818,65448,18,0.2,0.0,0.42680516831877513
B4,S6,2,5,49.547379122222104,0.17277172855665404,4.0,1.0003927550604772,1.4000000000000001,0.049561888785545564,0.45262087777789617,2.125918152871315,5.0,1.0,0.26455072842569044,16.0,0.0,0.0,-0.014079960753518916,1818,65448,18,0.2,0.0,0.436608495046229
B5,S6,2,5,49.547230358038604,0.172448257182861,4.0,1.0003927550604772,1.4000000000000001,0.049533819339690754,0.452769641961396,2.1077543129405507,5.0,1.0,0.2648780993490839,16.0,0.0,0.0,0.0,1818,65448,18,0.2,0.0,0.42921719801993863
P,S6,2,5,49.54643052356845,0.17215249885224787,4.0,1.0003927550604772,1.4000000000000001,0.04937798528370287,0.45356947643154655,2.089460207729562,5.0,1.0,0.26518503408788346,16.0,0.0,0.0,0.0,620,22320,18,1.0,0.0,0.44027181188044273
B0,S7,2,5,49.11678786974664,0.4310175357114717,0.0,1.9338898704416405,7.0,0.0741792007804779,0.5623419323824166,5.215336789611479,5.0,0.0,0.38560279467542924,16.0,0.0,0.0,0.0,0,0,0,0.0,0.0,0.24519247524877566
B1,S7,2,5,49.54619889220398,0.17694719144857876,0.0,1.0003927550604772,1.4000000000000001,0.0625176554144154,0.4538011077960178,1.9973568020512242,4.199999999999999,1.0,0.28076636375076763,16.0,0.0,0.0,0.0,18180,654480,180,0.2,0.0,0.3995349306933349
B2,S7,2,5,49.544514588252035,0.1687166340397343,0.0,1.0003927550604772,1.4000000000000001,0.04950715939385872,0.45528898397666495,1.7625518301498255,4.0,1.0,0.26937092816055547,16.0,0.0,0.0,0.0,1818,65448,18,0.2,0.0,0.3949811683167642
B3,S7,2,5,49.547500286115415,0.1731273890769721,4.0,1.0003927550604772,1.4000000000000001,0.05018723677172898,0.45249971388458476,2.1368346148272446,5.0,1.0,0.26473250543383514,16.0,0.0,0.0,0.0,1818,65448,18,0.2,0.0,0.4422032871249516
B4,S7,2,5,49.547379122222104,0.17277172855665404,4.0,1.0003927550604772,1.4000000000000001,0.049561888785545564,0.45262087777789617,2.125918152871315,5.0,1.0,0.26455072842569044,16.0,0.0,0.0,-0.014079960753518916,1818,65448,18,0.2,0.0,0.5706080297017305
B5,S7,2,5,49.547230358038604,0.172448257182861,4.0,1.0003927550604772,1.4000000000000001,0.049533819339690754,0.452769641961396,2.1077543129405507,5.0,1.0,0.2648780993490839,16.0,0.0,0.0,0.0,1818,65448,18,0.2,0.0,0.544688445544206
P,S7,2,5,49.54643052356845,0.17215249885224787,4.0,1.0003927550604772,1.4000000000000001,0.04937798528370287,0.45356947643154655,2.089460207729562,5.0,1.0,0.26518503408788346,16.0,0.0,0.0,0.0,620,22320,18,1.0,0.0,0.5140928613868574
B0,S1,3,5,49.065613232182116,0.4531547705448934,4.0,1.9338898704416405,7.0,0.07396767379343068,0.5882852693923724,5.481536310904408,5.0,0.0,0.3989340570042684,15.0,0.0,0.0,0.0,0,0,0,0.0,0.0,0.2302035247501606
B1,S1,3,5,49.5182675057151,0.1886594894345918,0.0,1.0003927550604772,1.4000000000000001,0.060055166216530995,0.4790169793670742,2.079647826127128,4.199999999999999,1.0,0.2904710111060912,15.0,0.0,0.0,0.0,18180,654480,180,0.2,0.0,0.393557554458978
B2,S1,3,5,49.516524240020416,0.18418348185471248,0.0,1.0003927550604772,1.4000000000000001,0.04893676478185641,0.48000180215827015,1.9292058339300087,5.0,1.0,0.28062896161601625,15.0,0.0,0.0,0.0,1818,65448,18,0.2,0.0,0.36510313861306193
B3,S1,3,5,49.518210077444316,0.18354731666131024,0.0,1.0003927550604772,1.4000000000000001,0.048991656134798646,0.4787612130604586,2.0088868947793492,5.0,1.0,0.2774718097881946,15.0,0.0,0.0,0.0,1818,65448,18,0.2,0.0,0.3802173267347213
B4,S1,3,5,49.51700971849271,0.18360436665953592,0.0,1.0003927550604772,1.4000000000000001,0.048894451734449555,0.47965129810037865,1.922797095644877,5.0,1.0,0.2794811609959444,15.0,0.0,0.0,-0.013043034165659773,1818,65448,18,0.2,0.0,0.41327329703076743
B5,S1,3,5,49.51712422137923,0.1835333883092786,0.0,1.0003927550604772,1.4000000000000001,0.048851300029481425,0.4795656218019886,1.9287351590957542,5.0,1.0,0.2792669612680866,15.0,0.0,0.0,0.0,1818,65448,18,0.2,0.0,0.416150594059452
P,S1,3,5,49.51654420850578,0.1837355369457831,0.0,1.0003927550604772,1.4000000000000001,0.04877715362904666,0.48000125555269335,1.9322276955705455,5.0,1.0,0.27939351649205246,15.0,0.0,0.0,0.0,565,20340,18,1.0,0.0,0.3905458019793928
B0,S2,3,5,49.11678786974664,0.4310175357114717,0.0,1.9338898704416405,7.0,0.0741792007804779,0.5623419323824166,5.215336789611479,5.0,0.0,0.38560279467542924,16.0,0.0,0.0,0.0,0,0,0,0.0,0.0,0.2605255940579809
B1,S2,3,5,49.54618296970445,0.17690942377000346,0.0,1.0003927550604772,1.4000000000000001,0.06250127564006003,0.45381703029555354,1.9963319669366635,4.199999999999999,1.0,0.28075472511099575,16.0,0.0,0.0,0.0,18180,654480,180,0.2,0.0,0.4255548118824591
B2,S2,3,5,49.54461013769423,0.16868458344486595,0.0,1.0003927550604772,1.4000000000000001,0.04959505654207737,0.4551697044777754,1.7597340315637346,4.0,1.0,0.2694592160151569,16.0,0.0,0.0,0.0,1818,65448,18,0.2,0.0,0.37803830692871204
B3,S2,3,5,49.547408542284195,0.17311250706093523,4.0,1.0003927550604772,1.4000000000000001,0.0503932812831193,0.4525914577158048,2.1327023473643636,5.0,1.0,0.2654046702995697,16.0,0.0,0.0,0.0,1818,65448,18,0.2,0.0,0.40382178217847053
B4,S2,3,5,49.54578754476238,0.17001311662883178,0.0,1.0003927550604772,1.4000000000000001,0.04992783349027458,0.45421245523761655,1.9100173384732897,5.0,1.0,0.26927757091813953,16.0,0.0,0.0,-0.014013564554071323,1818,65448,18,0.2,0.0,0.41086513861631435
B5,S2,3,5,49.54564015721695,0.16995235610576737,0.0,1.0003927550604772,1.4000000000000001,0.04988517932567292,0.45435984278304886,1.8942132969139613,5.0,1.0,0.26969182790584295,16.0,0.0,0.0,0.0,1818,65448,18,0.2,0.0,0.4483137425736324
P,S2,3,5,49.54614080960364,0.17015010611908077,0.0,1.0003927550604772,1.4000000000000001,0.049874988087300835,0.4538591903963578,1.9262460845291698,5.0,1.0,0.26823289093526076,16.0,0.0,0.0,0.0,605,21780,18,1.0,0.0,0.4270058019810136
B0,S3,3,5,49.065613232182116,0.4531547705448934,4.0,1.9338898704416405,7.0,0.07396767379343068,0.5882852693923724,5.481536310904408,5.0,0.0,0.4022673903376018,15.0,0.0,0.0,0.0,0,0,0,0.0,0.0,0.23823628712892572
B1,S3,3,5,49.51855918725203,0.18824841253145955,0.0,1.0003927550604772,1.4000000000000001,0.060056311653081874,0.47879333810637803,2.073092972116925,4.199999999999999,1.0,0.2937619056944341,15.0,0.0,0.0,0.0,18180,654480,180,0.2,0.0,0.3757270198034933
B2,S3,3,5,49.5165223749738,0.18418416597741008,0.0,1.0003927550604772,1.4000000000000001,0.04893663842830116,0.48000394874451047,1.9292137435824985,5.0,1.0,0.2839625371004611,15.0,0.0,0.0,0.0,1818,65448,18,0.2,0.0,0.3777066237606698
B3,S3,3,5,49.518256330376786,0.18353031974523776,0.0,1.0003927550604772,1.4000000000000001,0.04899981177935784,0.47872661788148463,2.0088311038253543,5.0,1.0,0.2807982182791769,15.0,0.0,0.0,0.0,1818,65448,18,0.2,0.0,0.37784435643615244
B4,S3,3,5,49.51708608208672,0.18356436604529577,0.0,1.0003927550604772,1.4000000000000001,0.048910672543712196,0.4795942515895817,1.9226120926413237,5.0,1.0,0.2828030554150746,15.0,0.0,0.0,-0.013043029959847408,1818,65448,18,0.2,0.0,0.41184561385955815
B5,S3,3,5,49.51720058497112,0.18349747065992558,0.0,1.0003927550604772,1.4000000000000001,0.04886706525393074,0.479508575292769,1.9285848121627132,5.0,1.0,0.2825888556875407,15.0,0.0,0.0,0.0,1818,65448,18,0.2,0.0,0.4933147920788128
P,S3,3,5,49.517676408979796,0.1831859190919855,0.0,1.0003927550604772,1.4000000000000001,0.048977937317912786,0.4791479657166704,1.9294156285564341,5.0,1.0,0.2825597476644452,15.0,0.0,0.0,0.0,579,20844,18,1.0,0.0,0.5461425346514054
B0,S4,3,5,49.065613232182116,0.4531547705448934,4.0,1.9338898704416405,7.0,0.07396767379343068,0.5882852693923724,5.481536310904408,5.0,0.0,0.3989340570042684,0.0,0.0,0.0,0.0,0,0,0,0.0,0.0,0.2953718910905784
B1,S4,3,5,49.5182675057151,0.1886594894345918,0.0,1.0003927550604772,1.4000000000000001,0.060055166216530995,0.4790169793670742,2.079647826127128,4.199999999999999,1.0,0.2904710111060912,0.0,0.0,0.0,0.0,18180,654480,180,0.2,0.0,0.45670248514983147
B2,S4,3,5,49.516524240020416,0.18418348185471248,0.0,1.0003927550604772,1.4000000000000001,0.04893676478185641,0.48000180215827015,1.9292058339300087,5.0,1.0,0.28062896161601625,0.0,0.0,0.0,0.0,1818,65448,18,0.2,0.0,0.44426757425537633
B3,S4,3,5,49.518210077444316,0.18354731666131024,0.0,1.0003927550604772,1.4000000000000001,0.048991656134798646,0.4787612130604586,2.0088868947793492,5.0,1.0,0.2774718097881946,0.0,0.0,0.0,0.0,1818,65448,18,0.2,0.0,0.43007734653332197
B4,S4,3,5,49.51700971849271,0.18360436665953592,0.0,1.0003927550604772,1.4000000000000001,0.048894451734449555,0.47965129810037865,1.922797095644877,5.0,1.0,0.2794811609959444,0.0,0.0,0.0,-0.013043034165659773,1818,65448,18,0.2,0.0,0.4529085643586615
B5,S4,3,5,49.51712422137923,0.1835333883092786,0.0,1.0003927550604772,1.4000000000000001,0.048851300029481425,0.4795656218019886,1.9287351590957542,5.0,1.0,0.2792669612680866,0.0,0.0,0.0,0.0,1818,65448,18,0.2,0.0,0.4600193465329098
P,S4,3,5,49.51654420850578,0.1837355369457831,0.0,1.0003927550604772,1.4000000000000001,0.04877715362904666,0.48000125555269335,1.9322276955705455,5.0,1.0,0.27939351649205246,0.0,0.0,0.0,0.0,565,20340,18,1.0,0.0,0.4185142376249276
B0,S5,3,5,49.065613232182116,0.4531547705448934,4.0,1.9338898704416405,7.0,0.07396767379343068,0.5882852693923724,5.481536310904408,5.0,0.0,0.3989340570042684,15.0,0.0,0.0,0.0,0,0,0,0.0,0.0,0.2639883168289953
B1,S5,3,5,49.5182675057151,0.1886594894345918,0.0,1.0003927550604772,1.4000000000000001,0.060055166216530995,0.4790169793670742,2.079647826127128,4.199999999999999,1.0,0.2904710111060912,15.0,0.0,0.0,0.0,18180,654480,180,0.2,0.0,0.4542113168297712
B2,S5,3,5,49.516524240020416,0.18418348185471248,0.0,1.0003927550604772,1.4000000000000001,0.04893676478185641,0.48000180215827015,1.9292058339300087,5.0,1.0,0.28062896161601625,15.0,0.0,0.0,0.0,1818,65448,18,0.2,0.0,0.4140333564356468
B3,S5,3,5,49.518210077444316,0.18354731666131024,0.0,1.0003927550604772,1.4000000000000001,0.048991656134798646,0.4787612130604586,2.0088868947793492,5.0,1.0,0.2774718097881946,15.0,0.0,0.0,0.0,1818,65448,18,0.2,0.0,0.40953848514672614
B4,S5,3,5,49.51700971849271,0.18360436665953592,0.0,1.0003927550604772,1.4000000000000001,0.048894451734449555,0.47965129810037865,1.922797095644877,5.0,1.0,0.2794811609959444,15.0,0.0,0.0,-0.013043034165659773,1818,65448,18,0.2,0.0,0.41839674257530396
B5,S5,3,5,49.51712422137923,0.1835333883092786,0.0,1.0003927550604772,1.4000000000000001,0.048851300029481425,0.4795656218019886,1.9287351590957542,5.0,1.0,0.2792669612680866,15.0,0.0,0.0,0.0,1818,65448,18,0.2,0.0,0.43782373267285857
P,S5,3,5,49.51654420850578,0.1837355369457831,0.0,1.0003927550604772,1.4000000000000001,0.04877715362904666,0.48000125555269335,1.9322276955705455,5.0,1.0,0.27939351649205246,15.0,0.0,0.0,0.0,565,20340,18,1.0,0.0,0.40264307920614834
B0,S6,3,5,49.11678786974664,0.4310175357114717,0.0,1.9338898704416405,7.0,0.0741792007804779,0.5623419323824166,5.215336789611479,5.0,0.0,0.38560279467542924,16.0,0.0,0.0,0.0,0,0,0,0.0,0.0,0.2514021980189655
B1,S6,3,5,49.54618296970445,0.17690942377000346,0.0,1.0003927550604772,1.4000000000000001,0.06250127564006003,0.45381703029555354,1.9963319669366635,4.199999999999999,1.0,0.28075472511099575,16.0,0.0,0.0,0.0,18180,654480,180,0.2,0.0,0.4016070693069196
B2,S6,3,5,49.54461013769423,0.16868458344486595,0.0,1.0003927550604772,1.4000000000000001,0.04959505654207737,0.4551697044777754,1.7597340315637346,4.0,1.0,0.2694592160151569,16.0,0.0,0.0,0.0,1818,65448,18,0.2,0.0,0.3857698217808041
B3,S6,3,5,49.547408542284195,0.17311250706093523,4.0,1.0003927550604772,1.4000000000000001,0.0503932812831193,0.4525914577158048,2.1327023473643636,5.0,1.0,0.2654046702995697,16.0,0.0,0.0,0.0,1818,65448,18,0.2,0.0,0.405234891088797
B4,S6,3,5,49.54578754476238,0.17001311662883178,0.0,1.0003927550604772,1.4000000000000001,0.04992783349027458,0.45421245523761655,1.9100173384732897,5.0,1.0,0.26927757091813953,16.0,0.0,0.0,-0.014013564554071323,1818,65448,18,0.2,0.0,0.42774265346289925
B5,S6,3,5,49.54564015721695,0.16995235610576737,0.0,1.0003927550604772,1.4000000000000001,0.04988517932567292,0.45435984278304886,1.8942132969139613,5.0,1.0,0.26969182790584295,16.0,0.0,0.0,0.0,1818,65448,18,0.2,0.0,0.43568309900923724
P,S6,3,5,49.54614080960364,0.17015010611908077,0.0,1.0003927550604772,1.4000000000000001,0.049874988087300835,0.4538591903963578,1.9262460845291698,5.0,1.0,0.26823289093526076,16.0,0.0,0.0,0.0,605,21780,18,1.0,0.0,0.41832801980040085
B0,S7,3,5,49.11678786974664,0.4310175357114717,0.0,1.9338898704416405,7.0,0.0741792007804779,0.5623419323824166,5.215336789611479,5.0,0.0,0.38560279467542924,16.0,0.0,0.0,0.0,0,0,0,0.0,0.0,0.24733599009706078
B1,S7,3,5,49.54618296970445,0.17690942377000346,0.0,1.0003927550604772,1.4000000000000001,0.06250127564006003,0.45381703029555354,1.9963319669366635,4.199999999999999,1.0,0.28075472511099575,16.0,0.0,0.0,0.0,18180,654480,180,0.2,0.0,0.41695685148633765
B2,S7,3,5,49.54461013769423,0.16868458344486595,0.0,1.0003927550604772,1.4000000000000001,0.04959505654207737,0.4551697044777754,1.7597340315637346,4.0,1.0,0.2694592160151569,16.0,0.0,0.0,0.0,1818,65448,18,0.2,0.0,0.47809801980301836
B3,S7,3,5,49.547408542284195,0.17311250706093523,4.0,1.0003927550604772,1.4000000000000001,0.0503932812831193,0.4525914577158048,2.1327023473643636,5.0,1.0,0.2654046702995697,16.0,0.0,0.0,0.0,1818,65448,18,0.2,0.0,0.47071734653481245
B4,S7,3,5,49.54578754476238,0.17001311662883178,0.0,1.0003927550604772,1.4000000000000001,0.04992783349027458,0.45421245523761655,1.9100173384732897,5.0,1.0,0.26927757091813953,16.0,0.0,0.0,-0.014013564554071323,1818,65448,18,0.2,0.0,0.4618033069326173
B5,S7,3,5,49.54564015721695,0.16995235610576737,0.0,1.0003927550604772,1.4000000000000001,0.04988517932567292,0.45435984278304886,1.8942132969139613,5.0,1.0,0.26969182790584295,16.0,0.0,0.0,0.0,1818,65448,18,0.2,0.0,0.505720346532909
P,S7,3,5,49.54614080960364,0.17015010611908077,0.0,1.0003927550604772,1.4000000000000001,0.049874988087300835,0.4538591903963578,1.9262460845291698,5.0,1.0,0.26823289093526076,16.0,0.0,0.0,0.0,605,21780,18,1.0,0.0,0.45781325742258433
B0,S1,4,5,49.065613232182116,0.4531547705448934,4.0,1.9338898704416405,7.0,0.07396767379343068,0.5882852693923724,5.481536310904408,5.0,0.0,0.3989340570042684,15.0,0.0,0.0,0.0,0,0,0,0.0,0.0,0.27690792079072096
B1,S1,4,5,49.51831600935284,0.1885653287760336,0.0,1.0003927550604772,1.4000000000000001,0.060064124425056785,0.478977790693186,2.07738534518383,4.199999999999999,1.0,0.29049125491383504,15.0,0.0,0.0,0.0,18180,654480,180,0.2,0.0,0.4276486435655627
B2,S1,4,5,49.51655337918592,0.1841457353345584,0.0,1.0003927550604772,1.4000000000000001,0.04892700170552291,0.47991814449370906,1.9311026636793136,5.0,1.0,0.28051141320372613,15.0,0.0,0.0,0.0,1818,65448,18,0.2,0.0,0.43306524752335807
B3,S1,4,5,49.51841793338361,0.1835076121767993,0.0,1.0003927550604772,1.4000000000000001,0.048999159867351406,0.47853260840206957,2.0159060094817227,5.0,1.0,0.2771981201542498,15.0,0.0,0.0,0.0,1818,65448,18,0.2,0.0,0.4150617326711942
B4,S1,4,5,49.51847179083246,0.18370301600477432,0.0,1.0003927550604772,1.4000000000000001,0.04885978411074475,0.47848661502109024,2.054976341993236,5.0,1.0,0.27689311957637464,15.0,0.0,0.0,-0.013297499197118867,1818,65448,18,0.2,0.0,0.42321476237450745
B5,S1,4,5,49.51852382678284,0.18370546226141035,0.0,1.0003927550604772,1.4000000000000001,0.04882218401379452,0.47844767934227406,2.0586251824905153,5.0,1.0,0.27679848659375117,15.0,0.0,0.0,0.0,1818,65448,18,0.2,0.0,0.43826053465321335
P,S1,4,5,49.51801937192831,0.18360506664887136,0.0,1.0003927550604772,1.4000000000000001,0.04889165272092874,0.47885758345274354,2.0239107877773335,5.0,1.0,0.2780349729857194,15.0,0.0,0.0,0.0,598,21528,18,1.0,0.0,0.4682855148512497
B0,S2,4,5,49.11678786974664,0.4310175357114717,0.0,1.9338898704416405,7.0,0.0741792007804779,0.5623419323824166,5.215336789611479,5.0,0.0,0.38560279467542924,16.0,0.0,0.0,0.0,0,0,0,0.0,0.0,0.2739803564356119
B1,S2,4,5,49.54622215837838,0.17682263920897248,0.0,1.0003927550604772,1.4000000000000001,0.06250319473962905,0.4537778416216227,1.9949293484174178,4.199999999999999,1.0,0.2807697611926767,16.0,0.0,0.0,0.0,18180,654480,180,0.2,0.0,0.40311864356253596
B2,S2,4,5,49.54456196707379,0.16861825832632749,0.0,1.0003927550604772,1.4000000000000001,0.04951728449308865,0.45516676379548926,1.7582095859346432,4.0,1.0,0.2693451699095716,16.0,0.0,0.0,0.0,1818,65448,18,0.2,0.0,0.4059551782183286
B3,S2,4,5,49.54752029200403,0.17312125289227806,4.0,1.0003927550604772,1.4000000000000001,0.05024425962463315,0.4524797079959697,2.135400701301539,5.0,1.0,0.2649930922313397,16.0,0.0,0.0,0.0,1818,65448,18,0.2,0.0,0.412915138616035
B4,S2,4,5,49.546921808358306,0.17221551455655407,4.0,1.0003927550604772,1.4000000000000001,0.0495646405678577,0.45307819164169416,2.096376260123645,5.0,1.0,0.2654283930910941,16.0,0.0,0.0,-0.014218352725326566,1818,65448,18,0.2,0.0,0.4417047128722831
B5,S2,4,5,49.54678243845277,0.171807225171822,4.0,1.0003927550604772,1.4000000000000001,0.04953195215108299,0.4532175615472269,2.0705525206799664,5.0,1.0,0.2657478041590912,16.0,0.0,0.0,0.0,1818,65448,18,0.2,0.0,0.44895906930742957
P,S2,4,5,49.54720753766439,0.17136748985740968,4.0,1.0003927550604772,1.4000000000000001,0.049646216109298154,0.45279246233560855,2.047462645545307,5.0,1.0,0.265920550380277,16.0,0.0,0.0,0.0,664,23904,18,1.0,0.0,0.4344100000005458
B0,S3,4,5,49.065613232182116,0.4531547705448934,4.0,1.9338898704416405,7.0,0.07396767379343068,0.5882852693923724,5.481536310904408,5.0,0.0,0.4022673903376018,15.0,0.0,0.0,0.0,0,0,0,0.0,0.0,0.2378193168336264
B1,S3,4,5,49.5186076908898,0.18815498893382568,0.0,1.0003927550604772,1.4000000000000001,0.060065017389912725,0.4787541494324543,2.0708296877701433,4.199999999999999,1.0,0.2937821495021792,15.0,0.0,0.0,0.0,18180,654480,180,0.2,0.0,0.43525849505025654
B2,S3,4,5,49.51655455065629,0.18414538621835458,0.0,1.0003927550604772,1.4000000000000001,0.048927055397507704,0.4799171207376318,1.9310989720868574,5.0,1.0,0.2838446493745741,15.0,0.0,0.0,0.0,1818,65448,18,0.2,0.0,0.43304071286821444
B3,S3,4,5,49.51847235848491,0.1834876694681787,0.0,1.0003927550604772,1.4000000000000001,0.04900867387431959,0.47849188111107566,2.0160328055854855,5.0,1.0,0.28052330645900736,15.0,0.0,0.0,0.0,1818,65448,18,0.2,0.0,0.38752781188347873
B4,S3,4,5,49.518558023959855,0.18367387338484428,0.0,1.0003927550604772,1.4000000000000001,0.048876360872653186,0.47842192993981314,2.0551922132036125,5.0,1.0,0.2802135491277309,15.0,0.0,0.0,-0.013297502611190448,1818,65448,18,0.2,0.0,0.4489887722787772
B5,S3,4,5,49.51861005991682,0.1836775332032782,0.0,1.0003927550604772,1.4000000000000001,0.048838830425141776,0.47838299425608,2.0588367981967743,5.0,1.0,0.28011891614412154,15.0,0.0,0.0,0.0,1818,65448,18,0.2,0.0,0.45428151485010504
P,S3,4,5,49.51820680035124,0.18353684960773267,0.0,1.0003927550604772,1.4000000000000001,0.048881896899380245,0.47868965314415135,2.022166931680197,5.0,1.0,0.28134489742525387,15.0,0.0,0.0,0.0,635,22860,18,1.0,0.0,0.5157681683176454
B0,S4,4,5,49.065613232182116,0.4531547705448934,4.0,1.9338898704416405,7.0,0.07396767379343068,0.5882852693923724,5.481536310904408,5.0,0.0,0.3989340570042684,0.0,0.0,0.0,0.0,0,0,0,0.0,0.0,0.25639196039516926
B1,S4,4,5,49.51831600935284,0.1885653287760336,0.0,1.0003927550604772,1.4000000000000001,0.060064124425056785,0.478977790693186,2.07738534518383,4.199999999999999,1.0,0.29049125491383504,0.0,0.0,0.0,0.0,18180,654480,180,0.2,0.0,0.4202564653469651
B2,S4,4,5,49.51655337918592,0.1841457353345584,0.0,1.0003927550604772,1.4000000000000001,0.04892700170552291,0.47991814449370906,1.9311026636793136,5.0,1.0,0.28051141320372613,0.0,0.0,0.0,0.0,1818,65448,18,0.2,0.0,0.46271219801806496
B3,S4,4,5,49.51841793338361,0.1835076121767993,0.0,1.0003927550604772,1.4000000000000001,0.048999159867351406,0.47853260840206957,2.0159060094817227,5.0,1.0,0.2771981201542498,0.0,0.0,0.0,0.0,1818,65448,18,0.2,0.0,0.39655720792154064
B4,S4,4,5,49.51847179083246,0.18370301600477432,0.0,1.0003927550604772,1.4000000000000001,0.04885978411074475,0.47848661502109024,2.054976341993236,5.0,1.0,0.27689311957637464,0.0,0.0,0.0,-0.013297499197118867,1818,65448,18,0.2,0.0,0.5147780099004293
B5,S4,4,5,49.51852382678284,0.18370546226141035,0.0,1.0003927550604772,1.4000000000000001,0.04882218401379452,0.47844767934227406,2.0586251824905153,5.0,1.0,0.27679848659375117,0.0,0.0,0.0,0.0,1818,65448,18,0.2,0.0,0.4313558019795423
P,S4,4,5,49.51801937192831,0.18360506664887136,0.0,1.0003927550604772,1.4000000000000001,0.04889165272092874,0.47885758345274354,2.0239107877773335,5.0,1.0,0.2780349729857194,0.0,0.0,0.0,0.0,598,21528,18,1.0,0.0,0.4051397029725915
B0,S5,4,5,49.065613232182116,0.4531547705448934,4.0,1.9338898704416405,7.0,0.07396767379343068,0.5882852693923724,5.481536310904408,5.0,0.0,0.3989340570042684,15.0,0.0,0.0,0.0,0,0,0,0.0,0.0,0.22661645544479206
B1,S5,4,5,49.51831600935284,0.1885653287760336,0.0,1.0003927550604772,1.4000000000000001,0.060064124425056785,0.478977790693186,2.07738534518383,4.199999999999999,1.0,0.29049125491383504,15.0,0.0,0.0,0.0,18180,654480,180,0.2,0.0,0.35724301980087264
B2,S5,4,5,49.51655337918592,0.1841457353345584,0.0,1.0003927550604772,1.4000000000000001,0.04892700170552291,0.47991814449370906,1.9311026636793136,5.0,1.0,0.28051141320372613,15.0,0.0,0.0,0.0,1818,65448,18,0.2,0.0,0.3747628910886225
B3,S5,4,5,49.51841793338361,0.1835076121767993,0.0,1.0003927550604772,1.4000000000000001,0.048999159867351406,0.47853260840206957,2.0159060094817227,5.0,1.0,0.2771981201542498,15.0,0.0,0.0,0.0,1818,65448,18,0.2,0.0,0.38117529703134156
B4,S5,4,5,49.51847179083246,0.18370301600477432,0.0,1.0003927550604772,1.4000000000000001,0.04885978411074475,0.47848661502109024,2.054976341993236,5.0,1.0,0.27689311957637464,15.0,0.0,0.0,-0.013297499197118867,1818,65448,18,0.2,0.0,0.4369074059369349
B5,S5,4,5,49.51852382678284,0.18370546226141035,0.0,1.0003927550604772,1.4000000000000001,0.04882218401379452,0.47844767934227406,2.0586251824905153,5.0,1.0,0.27679848659375117,15.0,0.0,0.0,0.0,1818,65448,18,0.2,0.0,0.4178096138626769
P,S5,4,5,49.51801937192831,0.18360506664887136,0.0,1.0003927550604772,1.4000000000000001,0.04889165272092874,0.47885758345274354,2.0239107877773335,5.0,1.0,0.2780349729857194,15.0,0.0,0.0,0.0,598,21528,18,1.0,0.0,0.3989307722777355
B0,S6,4,5,49.11678786974664,0.4310175357114717,0.0,1.9338898704416405,7.0,0.0741792007804779,0.5623419323824166,5.215336789611479,5.0,0.0,0.38560279467542924,16.0,0.0,0.0,0.0,0,0,0,0.0,0.0,0.2502669306946106
B1,S6,4,5,49.54622215837838,0.17682263920897248,0.0,1.0003927550604772,1.4000000000000001,0.06250319473962905,0.4537778416216227,1.9949293484174178,4.199999999999999,1.0,0.2807697611926767,16.0,0.0,0.0,0.0,18180,654480,180,0.2,0.0,0.4106870495087434
B2,S6,4,5,49.54456196707379,0.16861825832632749,0.0,1.0003927550604772,1.4000000000000001,0.04951728449308865,0.45516676379548926,1.7582095859346432,4.0,1.0,0.2693451699095716,16.0,0.0,0.0,0.0,1818,65448,18,0.2,0.0,0.3854790891069786
B3,S6,4,5,49.54752029200403,0.17312125289227806,4.0,1.0003927550604772,1.4000000000000001,0.05024425962463315,0.4524797079959697,2.135400701301539,5.0,1.0,0.2649930922313397,16.0,0.0,0.0,0.0,1818,65448,18,0.2,0.0,0.41004845544454954
B4,S6,4,5,49.546921808358306,0.17221551455655407,4.0,1.0003927550604772,1.4000000000000001,0.0495646405678577,0.45307819164169416,2.096376260123645,5.0,1.0,0.2654283930910941,16.0,0.0,0.0,-0.014218352725326566,1818,65448,18,0.2,0.0,0.49767321782085916
B5,S6,4,5,49.54678243845277,0.171807225171822,4.0,1.0003927550604772,1.4000000000000001,0.04953195215108299,0.4532175615472269,2.0705525206799664,5.0,1.0,0.2657478041590912,16.0,0.0,0.0,0.0,1818,65448,18,0.2,0.0,0.4757848019781335
P,S6,4,5,49.54720753766439,0.17136748985740968,4.0,1.0003927550604772,1.4000000000000001,0.049646216109298154,0.45279246233560855,2.047462645545307,5.0,1.0,0.265920550380277,16.0,0.0,0.0,0.0,664,23904,18,1.0,0.0,0.496757930691409
B0,S7,4,5,49.11678786974664,0.4310175357114717,0.0,1.9338898704416405,7.0,0.0741792007804779,0.5623419323824166,5.215336789611479,5.0,0.0,0.38560279467542924,16.0,0.0,0.0,0.0,0,0,0,0.0,0.0,0.2682592277220591
B1,S7,4,5,49.54622215837838,0.17682263920897248,0.0,1.0003927550604772,1.4000000000000001,0.06250319473962905,0.4537778416216227,1.9949293484174178,4.199999999999999,1.0,0.2807697611926767,16.0,0.0,0.0,0.0,18180,654480,180,0.2,0.0,0.41166858416023155
B2,S7,4,5,49.54456196707379,0.16861825832632749,0.0,1.0003927550604772,1.4000000000000001,0.04951728449308865,0.45516676379548926,1.7582095859346432,4.0,1.0,0.2693451699095716,16.0,0.0,0.0,0.0,1818,65448,18,0.2,0.0,0.4601951485134429
B3,S7,4,5,49.54752029200403,0.17312125289227806,4.0,1.0003927550604772,1.4000000000000001,0.05024425962463315,0.4524797079959697,2.135400701301539,5.0,1.0,0.2649930922313397,16.0,0.0,0.0,0.0,1818,65448,18,0.2,0.0,0.4619118712845634
B4,S7,4,5,49.546921808358306,0.17221551455655407,4.0,1.0003927550604772,1.4000000000000001,0.0495646405678577,0.45307819164169416,2.096376260123645,5.0,1.0,0.2654283930910941,16.0,0.0,0.0,-0.014218352725326566,1818,65448,18,0.2,0.0,0.43192652474947923
B5,S7,4,5,49.54678243845277,0.171807225171822,4.0,1.0003927550604772,1.4000000000000001,0.04953195215108299,0.4532175615472269,2.0705525206799664,5.0,1.0,0.2657478041590912,16.0,0.0,0.0,0.0,1818,65448,18,0.2,0.0,0.4438912178241904
P,S7,4,5,49.54720753766439,0.17136748985740968,4.0,1.0003927550604772,1.4000000000000001,0.049646216109298154,0.45279246233560855,2.047462645545307,5.0,1.0,0.265920550380277,16.0,0.0,0.0,0.0,664,23904,18,1.0,0.0,0.45662893069333005
B0,S1,5,5,49.065613232182116,0.4531547705448934,4.0,1.9338898704416405,7.0,0.07396767379343068,0.5882852693923724,5.481536310904408,5.0,0.0,0.3989340570042684,15.0,0.0,0.0,0.0,0,0,0,0.0,0.0,0.23030852475184843
B1,S1,5,5,49.51833552981765,0.18858558615541596,0.0,1.0003927550604772,1.4000000000000001,0.06007450436789971,0.4789604278825337,2.078362340910277,4.199999999999999,1.0,0.29048033083418506,15.0,0.0,0.0,0.0,18180,654480,180,0.2,0.0,0.37588041584175436
B2,S1,5,5,49.516432563984054,0.18426116130453507,0.0,1.0003927550604772,1.4000000000000001,0.04892378309160878,0.48005842764285234,1.9310474003207587,5.0,1.0,0.28053758355924047,15.0,0.0,0.0,0.0,1818,65448,18,0.2,0.0,0.37001929703283976
B3,S1,5,5,49.51838523897771,0.18347575427685464,0.0,1.0003927550604772,1.4000000000000001,0.049049187560106164,0.4786218166896461,2.016457827584901,5.0,1.0,0.27707090331604267,15.0,0.0,0.0,0.0,1818,65448,18,0.2,0.0,0.41914081187918206
B4,S1,5,5,49.51927939336416,0.1839304582767831,0.0,1.0003927550604772,1.4000000000000001,0.04891502667407593,0.4779435236106693,2.100996386889082,5.0,1.0,0.27540796344634494,15.0,0.0,0.0,-0.013125178053331021,1818,65448,18,0.2,0.0,0.4018269603938558
B5,S1,5,5,49.51934023832798,0.18395802371252826,0.0,1.0003927550604772,1.4000000000000001,0.04888797878626782,0.4778979966249821,2.105394952723461,5.0,1.0,0.2753335733990013,15.0,0.0,0.0,0.0,1818,65448,18,0.2,0.0,0.4187462673234231
P,S1,5,5,49.518329096768504,0.18420516730077788,0.0,1.0003927550604772,1.4000000000000001,0.04888983871504948,0.4786125326003372,2.0912274541013263,5.0,1.0,0.2765760602929604,15.0,0.0,0.0,0.0,606,21816,18,1.0,0.0,0.4125883663366742
B0,S2,5,5,49.11678786974664,0.4310175357114717,0.0,1.9338898704416405,7.0,0.0741792007804779,0.5623419323824166,5.215336789611479,5.0,0.0,0.38560279467542924,16.0,0.0,0.0,0.0,0,0,0,0.0,0.0,0.24630091089006378
B1,S2,5,5,49.546239521189015,0.1768348537396686,0.0,1.0003927550604772,1.4000000000000001,0.06251471171744029,0.4537604788109846,1.9953827847120051,4.199999999999999,1.0,0.28076224052842197,16.0,0.0,0.0,0.0,18180,654480,180,0.2,0.0,0.3932896633663818
B2,S2,5,5,49.54444115187188,0.16874152290292915,0.0,1.0003927550604772,1.4000000000000001,0.04948387111947443,0.45530704694466806,1.7603484354785204,4.0,1.0,0.2694275049048319,16.0,0.0,0.0,0.0,1818,65448,18,0.2,0.0,0.38895161385808746
B3,S2,5,5,49.547304199607154,0.17315801698360975,4.0,1.0003927550604772,1.4000000000000001,0.050214893167849224,0.4526958003928456,2.1334705306399457,5.0,1.0,0.26524203492184456,16.0,0.0,0.0,0.0,1818,65448,18,0.2,0.0,0.3964327722792179
B4,S2,5,5,49.547307350235926,0.17307031585526123,4.0,1.0003927550604772,1.4000000000000001,0.04955941629356395,0.4526926497640744,2.133918420013679,5.0,1.0,0.26479117072460173,16.0,0.0,0.0,-0.014278508874440154,1818,65448,18,0.2,0.0,0.4461793861343839
B5,S2,5,5,49.547125402640496,0.17268805961709344,4.0,1.0003927550604772,1.4000000000000001,0.04953036345668255,0.45287459735950364,2.112164097177842,5.0,1.0,0.265229427704977,16.0,0.0,0.0,0.0,1818,65448,18,0.2,0.0,0.42689774257422247
P,S2,5,5,49.546901836520654,0.17283344970977016,4.0,1.0003927550604772,1.4000000000000001,0.04962501200818294,0.4530981634793463,2.1190259658733366,5.0,1.0,0.265839586187617,16.0,0.0,0.0,0.0,637,22932,18,1.0,0.0,0.4234568712868933
B0,S3,5,5,49.065613232182116,0.4531547705448934,4.0,1.9338898704416405,7.0,0.07396767379343068,0.5882852693923724,5.481536310904408,5.0,0.0,0.4022673903376018,15.0,0.0,0.0,0.0,0,0,0,0.0,0.0,0.23535082177974376
B1,S3,5,5,49.5186272113546,0.18817491899611563,0.0,1.0003927550604772,1.4000000000000001,0.060075627514123715,0.4787367866218162,2.0718074146636254,4.199999999999999,1.0,0.2937712254225289,15.0,0.0,0.0,0.0,18180,654480,180,0.2,0.0,0.39872639603579435
B2,S3,5,5,49.51643373545443,0.18426073071357682,0.0,1.0003927550604772,1.4000000000000001,0.04892384197082609,0.4800574038867609,1.9310425085452723,5.0,1.0,0.2838708197300887,15.0,0.0,0.0,0.0,1818,65448,18,0.2,0.0,0.36207258415851185
B3,S3,5,5,49.51842788905306,0.18346108976239103,0.0,1.0003927550604772,1.4000000000000001,0.049056999907619706,0.4785899210236906,2.0165644181110087,5.0,1.0,0.2803978569821738,15.0,0.0,0.0,0.0,1818,65448,18,0.2,0.0,0.4042188217798605
B4,S3,5,5,49.51932953171851,0.18391397860417122,0.0,1.0003927550604772,1.4000000000000001,0.048924292291532494,0.4779059763046192,2.1010426257981103,5.0,1.0,0.2787337931404657,15.0,0.0,0.0,-0.013125184785347521,1818,65448,18,0.2,0.0,0.44845546534645003
B5,S3,5,5,49.51939037668084,0.1839421619725559,0.0,1.0003927550604772,1.4000000000000001,0.048897797245199354,0.47786044932004756,2.1054400849123547,5.0,1.0,0.27865940309334536,15.0,0.0,0.0,0.0,1818,65448,18,0.2,0.0,0.5537594059403839
P,S3,5,5,49.518529487727086,0.18387340436935512,0.0,1.0003927550604772,1.4000000000000001,0.04887792418651019,0.47856088887792225,2.084739723339528,5.0,1.0,0.279864725069682,15.0,0.0,0.0,0.0,636,22896,18,1.0,0.0,0.41140626732914537
B0,S4,5,5,49.065613232182116,0.4531547705448934,4.0,1.9338898704416405,7.0,0.07396767379343068,0.5882852693923724,5.481536310904408,5.0,0.0,0.3989340570042684,0.0,0.0,0.0,0.0,0,0,0,0.0,0.0,0.2336305643565187
B1,S4,5,5,49.51833552981765,0.18858558615541596,0.0,1.0003927550604772,1.4000000000000001,0.06007450436789971,0.4789604278825337,2.078362340910277,4.199999999999999,1.0,0.29048033083418506,0.0,0.0,0.0,0.0,18180,654480,180,0.2,0.0,0.40108841584255833
B2,S4,5,5,49.516432563984054,0.18426116130453507,0.0,1.0003927550604772,1.4000000000000001,0.04892378309160878,0.48005842764285234,1.9310474003207587,5.0,1.0,0.28053758355924047,0.0,0.0,0.0,0.0,1818,65448,18,0.2,0.0,0.40058656435630297
B3,S4,5,5,49.51838523897771,0.18347575427685464,0.0,1.0003927550604772,1.4000000000000001,0.049049187560106164,0.4786218166896461,2.016457827584901,5.0,1.0,0.27707090331604267,0.0,0.0,0.0,0.0,1818,65448,18,0.2,0.0,0.3886864257432229
B4,S4,5,5,49.51927939336416,0.1839304582767831,0.0,1.0003927550604772,1.4000000000000001,0.04891502667407593,0.4779435236106693,2.100996386889082,5.0,1.0,0.27540796344634494,0.0,0.0,0.0,-0.013125178053331021,1818,65448,18,0.2,0.0,0.44390317821981257
B5,S4,5,5,49.51934023832798,0.18395802371252826,0.0,1.0003927550604772,1.4000000000000001,0.04888797878626782,0.4778979966249821,2.105394952723461,5.0,1.0,0.2753335733990013,0.0,0.0,0.0,0.0,1818,65448,18,0.2,0.0,0.45670954455315516
P,S4,5,5,49.518329096768504,0.18420516730077788,0.0,1.0003927550604772,1.4000000000000001,0.04888983871504948,0.4786125326003372,2.0912274541013263,5.0,1.0,0.2765760602929604,0.0,0.0,0.0,0.0,606,21816,18,1.0,0.0,0.3981408118838006
B0,S5,5,5,49.065613232182116,0.4531547705448934,4.0,1.9338898704416405,7.0,0.07396767379343068,0.5882852693923724,5.481536310904408,5.0,0.0,0.3989340570042684,15.0,0.0,0.0,0.0,0,0,0,0.0,0.0,0.23842379207755837
B1,S5,5,5,49.51833552981765,0.18858558615541596,0.0,1.0003927550604772,1.4000000000000001,0.06007450436789971,0.4789604278825337,2.078362340910277,4.199999999999999,1.0,0.29048033083418506,15.0,0.0,0.0,0.0,18180,654480,180,0.2,0.0,0.3922518217808433
B2,S5,5,5,49.516432563984054,0.18426116130453507,0.0,1.0003927550604772,1.4000000000000001,0.04892378309160878,0.48005842764285234,1.9310474003207587,5.0,1.0,0.28053758355924047,15.0,0.0,0.0,0.0,1818,65448,18,0.2,0.0,0.43379781188134686
B3,S5,5,5,49.51838523897771,0.18347575427685464,0.0,1.0003927550604772,1.4000000000000001,0.049049187560106164,0.4786218166896461,2.016457827584901,5.0,1.0,0.27707090331604267,15.0,0.0,0.0,0.0,1818,65448,18,0.2,0.0,0.3956509405932341
B4,S5,5,5,49.51927939336416,0.1839304582767831,0.0,1.0003927550604772,1.4000000000000001,0.04891502667407593,0.4779435236106693,2.100996386889082,5.0,1.0,0.27540796344634494,15.0,0.0,0.0,-0.013125178053331021,1818,65448,18,0.2,0.0,0.4076685841568232
B5,S5,5,5,49.51934023832798,0.18395802371252826,0.0,1.0003927550604772,1.4000000000000001,0.04888797878626782,0.4778979966249821,2.105394952723461,5.0,1.0,0.2753335733990013,15.0,0.0,0.0,0.0,1818,65448,18,0.2,0.0,0.4406245940603779
P,S5,5,5,49.518329096768504,0.18420516730077788,0.0,1.0003927550604772,1.4000000000000001,0.04888983871504948,0.4786125326003372,2.0912274541013263,5.0,1.0,0.2765760602929604,15.0,0.0,0.0,0.0,606,21816,18,1.0,0.0,0.418760475247044
B0,S6,5,5,49.11678786974664,0.4310175357114717,0.0,1.9338898704416405,7.0,0.0741792007804779,0.5623419323824166,5.215336789611479,5.0,0.0,0.38560279467542924,16.0,0.0,0.0,0.0,0,0,0,0.0,0.0,0.2582265940621048
B1,S6,5,5,49.546239521189015,0.1768348537396686,0.0,1.0003927550604772,1.4000000000000001,0.06251471171744029,0.4537604788109846,1.9953827847120051,4.199999999999999,1.0,0.28076224052842197,16.0,0.0,0.0,0.0,18180,654480,180,0.2,0.0,0.4090698019822277
B2,S6,5,5,49.54444115187188,0.16874152290292915,0.0,1.0003927550604772,1.4000000000000001,0.04948387111947443,0.45530704694466806,1.7603484354785204,4.0,1.0,0.2694275049048319,16.0,0.0,0.0,0.0,1818,65448,18,0.2,0.0,0.40523820792142295
B3,S6,5,5,49.547304199607154,0.17315801698360975,4.0,1.0003927550604772,1.4000000000000001,0.050214893167849224,0.4526958003928456,2.1334705306399457,5.0,1.0,0.26524203492184456,16.0,0.0,0.0,0.0,1818,65448,18,0.2,0.0,0.3967129306948835
B4,S6,5,5,49.547307350235926,0.17307031585526123,4.0,1.0003927550604772,1.4000000000000001,0.04955941629356395,0.4526926497640744,2.133918420013679,5.0,1.0,0.26479117072460173,16.0,0.0,0.0,-0.014278508874440154,1818,65448,18,0.2,0.0,0.43087828713072274
B5,S6,5,5,49.547125402640496,0.17268805961709344,4.0,1.0003927550604772,1.4000000000000001,0.04953036345668255,0.45287459735950364,2.112164097177842,5.0,1.0,0.265229427704977,16.0,0.0,0.0,0.0,1818,65448,18,0.2,0.0,0.445175099009635
P,S6,5,5,49.546901836520654,0.17283344970977016,4.0,1.0003927550604772,1.4000000000000001,0.04962501200818294,0.4530981634793463,2.1190259658733366,5.0,1.0,0.265839586187617,16.0,0.0,0.0,0.0,637,22932,18,1.0,0.0,0.46542560396191407
B0,S7,5,5,49.11678786974664,0.4310175357114717,0.0,1.9338898704416405,7.0,0.0741792007804779,0.5623419323824166,5.215336789611479,5.0,0.0,0.38560279467542924,16.0,0.0,0.0,0.0,0,0,0,0.0,0.0,0.27589858415589025
B1,S7,5,5,49.546239521189015,0.1768348537396686,0.0,1.0003927550604772,1.4000000000000001,0.06251471171744029,0.4537604788109846,1.9953827847120051,4.199999999999999,1.0,0.28076224052842197,16.0,0.0,0.0,0.0,18180,654480,180,0.2,0.0,0.4837387326744539
B2,S7,5,5,49.54444115187188,0.16874152290292915,0.0,1.0003927550604772,1.4000000000000001,0.04948387111947443,0.45530704694466806,1.7603484354785204,4.0,1.0,0.2694275049048319,16.0,0.0,0.0,0.0,1818,65448,18,0.2,0.0,0.6683381089075765
B3,S7,5,5,49.547304199607154,0.17315801698360975,4.0,1.0003927550604772,1.4000000000000001,0.050214893167849224,0.4526958003928456,2.1334705306399457,5.0,1.0,0.26524203492184456,16.0,0.0,0.0,0.0,1818,65448,18,0.2,0.0,0.4739661386149309
B4,S7,5,5,49.547307350235926,0.17307031585526123,4.0,1.0003927550604772,1.4000000000000001,0.04955941629356395,0.4526926497640744,2.133918420013679,5.0,1.0,0.26479117072460173,16.0,0.0,0.0,-0.014278508874440154,1818,65448,18,0.2,0.0,0.44634993069524687
B5,S7,5,5,49.547125402640496,0.17268805961709344,4.0,1.0003927550604772,1.4000000000000001,0.04953036345668255,0.45287459735950364,2.112164097177842,5.0,1.0,0.265229427704977,16.0,0.0,0.0,0.0,1818,65448,18,0.2,0.0,0.4695900594051276
P,S7,5,5,49.546901836520654,0.17283344970977016,4.0,1.0003927550604772,1.4000000000000001,0.04962501200818294,0.4530981634793463,2.1190259658733366,5.0,1.0,0.265839586187617,16.0,0.0,0.0,0.0,637,22932,18,1.0,0.0,0.4876719603998936
B0,S1,6,5,49.065613232182116,0.4531547705448934,4.0,1.9338898704416405,7.0,0.07396767379343068,0.5882852693923724,5.481536310904408,5.0,0.0,0.3989340570042684,15.0,0.0,0.0,0.0,0,0,0,0.0,0.0,0.23714058415682285
B1,S1,6,5,49.518275475048036,0.18872356218004932,0.0,1.0003927550604772,1.4000000000000001,0.06008018584968966,0.4790037717735274,2.0819708415927223,4.199999999999999,1.0,0.2905443946708426,15.0,0.0,0.0,0.0,18180,654480,180,0.2,0.0,0.37740791089217424
B2,S1,6,5,49.51633216695357,0.18427790798762334,0.0,1.0003927550604772,1.4000000000000001,0.04898216805059012,0.48020302032922757,1.9327215541955538,5.0,1.0,0.28104786870344095,15.0,0.0,0.0,0.0,1818,65448,18,0.2,0.0,0.36482288118854245
B3,S1,6,5,49.518002702068394,0.1835930328486188,0.0,1.0003927550604772,1.4000000000000001,0.04905174398995794,0.47894075557763927,2.0092129829547085,5.0,1.0,0.27779429199413297,15.0,0.0,0.0,0.0,1818,65448,18,0.2,0.0,0.3814086633628724
B4,S1,6,5,49.51683189770295,0.18362096534995445,0.0,1.0003927550604772,1.4000000000000001,0.04900054221664498,0.4798088222871755,1.921691441525619,5.0,1.0,0.2800652841564304,15.0,0.0,0.0,-0.013377156526733991,1818,65448,18,0.2,0.0,0.4168172673272769
B5,S1,6,5,49.516898952048955,0.18356937406290966,0.0,1.0003927550604772,1.4000000000000001,0.04895436707727663,0.4797586491576453,1.9232805077345205,5.0,1.0,0.2799298348807267,15.0,0.0,0.0,0.0,1818,65448,18,0.2,0.0,0.41786547524787976
P,S1,6,5,49.5165159599229,0.18379305249909644,0.0,1.0003927550604772,1.4000000000000001,0.04907244748169553,0.48007224742277543,1.9122402272378025,5.0,1.0,0.28142356600386936,15.0,0.0,0.0,0.0,602,21672,18,1.0,0.0,0.4102583168310273
B0,S2,6,5,49.11678786974664,0.4310175357114717,0.0,1.9338898704416405,7.0,0.0741792007804779,0.5623419323824166,5.215336789611479,5.0,0.0,0.38560279467542924,16.0,0.0,0.0,0.0,0,0,0,0.0,0.0,0.2617890792079028
B1,S2,6,5,49.546196177298036,0.17695959946982726,0.0,1.0003927550604772,1.4000000000000001,0.06252973507957237,0.45380382270196407,1.9982077529258675,4.199999999999999,1.0,0.28082501874782734,16.0,0.0,0.0,0.0,18180,654480,180,0.2,0.0,0.38872836633948615
B2,S2,6,5,49.54434075484143,0.1687503550691255,0.0,1.0003927550604772,1.4000000000000001,0.04951396220105058,0.455451639631022,1.7582253609412775,4.0,1.0,0.26977699674775385,16.0,0.0,0.0,0.0,1818,65448,18,0.2,0.0,0.38580100000208495
B3,S2,6,5,49.547298585646786,0.17330391411212068,4.0,1.0003927550604772,1.4000000000000001,0.050304728799097045,0.4527014143532142,2.137297499174265,5.0,1.0,0.26554777767249427,16.0,0.0,0.0,0.0,1818,65448,18,0.2,0.0,0.4339192871274202
B4,S2,6,5,49.545769078359264,0.17029379345742796,0.0,1.0003927550604772,1.4000000000000001,0.04979599943386275,0.4542309216407361,1.9360838108538294,5.0,1.0,0.26846372148572706,16.0,0.0,0.0,-0.014429854081917992,1818,65448,18,0.2,0.0,0.4577475247510892
B5,S2,6,5,49.54569466168713,0.17023712570772911,0.0,1.0003927550604772,1.4000000000000001,0.04975489906444005,0.4543053383128708,1.926936639972964,5.0,1.0,0.2686167516108737,16.0,0.0,0.0,0.0,1818,65448,18,0.2,0.0,0.43161438613631364
P,S2,6,5,49.546722332203096,0.16995360289215294,0.0,1.0003927550604772,1.4000000000000001,0.049971475527113986,0.4532776677969039,1.9279914819890478,5.0,1.0,0.2687008139045492,16.0,0.0,0.0,0.0,608,21888,18,1.0,0.0,0.4847560990128841
B0,S3,6,5,49.065613232182116,0.4531547705448934,4.0,1.9338898704416405,7.0,0.07396767379343068,0.5882852693923724,5.481536310904408,5.0,0.0,0.4022673903376018,15.0,0.0,0.0,0.0,0,0,0,0.0,0.0,0.2529692970296814
B1,S3,6,5,49.518567156584965,0.1883120669322534,0.0,1.0003927550604772,1.4000000000000001,0.0600813397553395,0.478780130512817,2.075416096801053,4.199999999999999,1.0,0.293835289259186,15.0,0.0,0.0,0.0,18180,654480,180,0.2,0.0,0.4737122970317893
B2,S3,6,5,49.51633333842391,0.1842775658841652,0.0,1.0003927550604772,1.4000000000000001,0.048982219393846976,0.48020199657316454,1.9327179731227828,5.0,1.0,0.2843811048742887,15.0,0.0,0.0,0.0,1818,65448,18,0.2,0.0,0.5291904356427309
B3,S3,6,5,49.518060631214006,0.18357180722141828,0.0,1.0003927550604772,1.4000000000000001,0.04906198954708189,0.47889739800366016,2.009351667294122,5.0,1.0,0.28111895614989857,15.0,0.0,0.0,0.0,1818,65448,18,0.2,0.0,0.5202572673273481
B4,S3,6,5,49.516849109195775,0.18361313190691064,0.0,1.0003927550604772,1.4000000000000001,0.04900376999041834,0.4797959909779621,1.9216665302792235,5.0,1.0,0.2833960380209474,15.0,0.0,0.0,-0.013377154797036606,1818,65448,18,0.2,0.0,0.424607079209393
B5,S3,6,5,49.51691616356419,0.18356190995812421,0.0,1.0003927550604772,1.4000000000000001,0.048957680328818705,0.47974581783166315,1.9232565417108893,5.0,1.0,0.28326058874189103,15.0,0.0,0.0,0.0,1818,65448,18,0.2,0.0,0.4308656930694305
P,S3,6,5,49.51767766335982,0.18312152268688353,0.0,1.0003927550604772,1.4000000000000001,0.04923625587912026,0.47918611827143565,1.9056799690947244,5.0,1.0,0.28458729615875816,15.0,0.0,0.0,0.0,621,22356,18,1.0,0.0,0.44107279208138506
B0,S4,6,5,49.065613232182116,0.4531547705448934,4.0,1.9338898704416405,7.0,0.07396767379343068,0.5882852693923724,5.481536310904408,5.0,0.0,0.3989340570042684,0.0,0.0,0.0,0.0,0,0,0,0.0,0.0,0.23035564356520116
B1,S4,6,5,49.518275475048036,0.18872356218004932,0.0,1.0003927550604772,1.4000000000000001,0.06008018584968966,0.4790037717735274,2.0819708415927223,4.199999999999999,1.0,0.2905443946708426,0.0,0.0,0.0,0.0,18180,654480,180,0.2,0.0,0.39909968316549405
B2,S4,6,5,49.51633216695357,0.18427790798762334,0.0,1.0003927550604772,1.4000000000000001,0.04898216805059012,0.48020302032922757,1.9327215541955538,5.0,1.0,0.28104786870344095,0.0,0.0,0.0,0.0,1818,65448,18,0.2,0.0,0.38356864356366244
B3,S4,6,5,49.518002702068394,0.1835930328486188,0.0,1.0003927550604772,1.4000000000000001,0.04905174398995794,0.47894075557763927,2.0092129829547085,5.0,1.0,0.27779429199413297,0.0,0.0,0.0,0.0,1818,65448,18,0.2,0.0,0.4006125445542212
B4,S4,6,5,49.51683189770295,0.18362096534995445,0.0,1.0003927550604772,1.4000000000000001,0.04900054221664498,0.4798088222871755,1.921691441525619,5.0,1.0,0.2800652841564304,0.0,0.0,0.0,-0.013377156526733991,1818,65448,18,0.2,0.0,0.47791197029354326
B5,S4,6,5,49.516898952048955,0.18356937406290966,0.0,1.0003927550604772,1.4000000000000001,0.04895436707727663,0.4797586491576453,1.9232805077345205,5.0,1.0,0.2799298348807267,0.0,0.0,0.0,0.0,1818,65448,18,0.2,0.0,0.425712712868598
P,S4,6,5,49.5165159599229,0.18379305249909644,0.0,1.0003927550604772,1.4000000000000001,0.04907244748169553,0.48007224742277543,1.9122402272378025,5.0,1.0,0.28142356600386936,0.0,0.0,0.0,0.0,602,21672,18,1.0,0.0,0.4147885841589279
B0,S5,6,5,49.065613232182116,0.4531547705448934,4.0,1.9338898704416405,7.0,0.07396767379343068,0.5882852693923724,5.481536310904408,5.0,0.0,0.3989340570042684,15.0,0.0,0.0,0.0,0,0,0,0.0,0.0,0.26567807920553893
B1,S5,6,5,49.518275475048036,0.18872356218004932,0.0,1.0003927550604772,1.4000000000000001,0.06008018584968966,0.4790037717735274,2.0819708415927223,4.199999999999999,1.0,0.2905443946708426,15.0,0.0,0.0,0.0,18180,654480,180,0.2,0.0,0.3966536336619275
B2,S5,6,5,49.51633216695357,0.18427790798762334,0.0,1.0003927550604772,1.4000000000000001,0.04898216805059012,0.48020302032922757,1.9327215541955538,5.0,1.0,0.28104786870344095,15.0,0.0,0.0,0.0,1818,65448,18,0.2,0.0,0.3768292673283771
B3,S5,6,5,49.518002702068394,0.1835930328486188,0.0,1.0003927550604772,1.4000000000000001,0.04905174398995794,0.47894075557763927,2.0092129829547085,5.0,1.0,0.27779429199413297,15.0,0.0,0.0,0.0,1818,65448,18,0.2,0.0,0.38504158415925854
B4,S5,6,5,49.51683189770295,0.18362096534995445,0.0,1.0003927550604772,1.4000000000000001,0.04900054221664498,0.4798088222871755,1.921691441525619,5.0,1.0,0.2800652841564304,15.0,0.0,0.0,-0.013377156526733991,1818,65448,18,0.2,0.0,0.4064036237614706
B5,S5,6,5,49.516898952048955,0.18356937406290966,0.0,1.0003927550604772,1.4000000000000001,0.04895436707727663,0.4797586491576453,1.9232805077345205,5.0,1.0,0.2799298348807267,15.0,0.0,0.0,0.0,1818,65448,18,0.2,0.0,0.41483042574183476
P,S5,6,5,49.5165159599229,0.18379305249909644,0.0,1.0003927550604772,1.4000000000000001,0.04907244748169553,0.48007224742277543,1.9122402272378025,5.0,1.0,0.28142356600386936,15.0,0.0,0.0,0.0,602,21672,18,1.0,0.0,0.48418050494880244
B0,S6,6,5,49.11678786974664,0.4310175357114717,0.0,1.9338898704416405,7.0,0.0741792007804779,0.5623419323824166,5.215336789611479,5.0,0.0,0.38560279467542924,16.0,0.0,0.0,0.0,0,0,0,0.0,0.0,0.2647266336644312
B1,S6,6,5,49.546196177298036,0.17695959946982726,0.0,1.0003927550604772,1.4000000000000001,0.06252973507957237,0.45380382270196407,1.9982077529258675,4.199999999999999,1.0,0.28082501874782734,16.0,0.0,0.0,0.0,18180,654480,180,0.2,0.0,0.41723621782216697
B2,S6,6,5,49.54434075484143,0.1687503550691255,0.0,1.0003927550604772,1.4000000000000001,0.04951396220105058,0.455451639631022,1.7582253609412775,4.0,1.0,0.26977699674775385,16.0,0.0,0.0,0.0,1818,65448,18,0.2,0.0,0.4022675247511816
B3,S6,6,5,49.547298585646786,0.17330391411212068,4.0,1.0003927550604772,1.4000000000000001,0.050304728799097045,0.4527014143532142,2.137297499174265,5.0,1.0,0.26554777767249427,16.0,0.0,0.0,0.0,1818,65448,18,0.2,0.0,0.39732576237613537
B4,S6,6,5,49.545769078359264,0.17029379345742796,0.0,1.0003927550604772,1.4000000000000001,0.04979599943386275,0.4542309216407361,1.9360838108538294,5.0,1.0,0.26846372148572706,16.0,0.0,0.0,-0.014429854081917992,1818,65448,18,0.2,0.0,0.45235077227561765
B5,S6,6,5,49.54569466168713,0.17023712570772911,0.0,1.0003927550604772,1.4000000000000001,0.04975489906444005,0.4543053383128708,1.926936639972964,5.0,1.0,0.2686167516108737,16.0,0.0,0.0,0.0,1818,65448,18,0.2,0.0,0.4319222079229263
P,S6,6,5,49.546722332203096,0.16995360289215294,0.0,1.0003927550604772,1.4000000000000001,0.049971475527113986,0.4532776677969039,1.9279914819890478,5.0,1.0,0.2687008139045492,16.0,0.0,0.0,0.0,608,21888,18,1.0,0.0,0.43689401980481135
B0,S7,6,5,49.11678786974664,0.4310175357114717,0.0,1.9338898704416405,7.0,0.0741792007804779,0.5623419323824166,5.215336789611479,5.0,0.0,0.38560279467542924,16.0,0.0,0.0,0.0,0,0,0,0.0,0.0,0.28083833663319213
B1,S7,6,5,49.546196177298036,0.17695959946982726,0.0,1.0003927550604772,1.4000000000000001,0.06252973507957237,0.45380382270196407,1.9982077529258675,4.199999999999999,1.0,0.28082501874782734,16.0,0.0,0.0,0.0,18180,654480,180,0.2,0.0,0.40376441584067824
B2,S7,6,5,49.54434075484143,0.1687503550691255,0.0,1.0003927550604772,1.4000000000000001,0.04951396220105058,0.455451639631022,1.7582253609412775,4.0,1.0,0.26977699674775385,16.0,0.0,0.0,0.0,1818,65448,18,0.2,0.0,0.3891048019777552
B3,S7,6,5,49.547298585646786,0.17330391411212068,4.0,1.0003927550604772,1.4000000000000001,0.050304728799097045,0.4527014143532142,2.137297499174265,5.0,1.0,0.26554777767249427,16.0,0.0,0.0,0.0,1818,65448,18,0.2,0.0,0.40551547524703685
B4,S7,6,5,49.545769078359264,0.17029379345742796,0.0,1.0003927550604772,1.4000000000000001,0.04979599943386275,0.4542309216407361,1.9360838108538294,5.0,1.0,0.26846372148572706,16.0,0.0,0.0,-0.014429854081917992,1818,65448,18,0.2,0.0,0.45114301980389104
B5,S7,6,5,49.54569466168713,0.17023712570772911,0.0,1.0003927550604772,1.4000000000000001,0.04975489906444005,0.4543053383128708,1.926936639972964,5.0,1.0,0.2686167516108737,16.0,0.0,0.0,0.0,1818,65448,18,0.2,0.0,0.4587536435666503
P,S7,6,5,49.546722332203096,0.16995360289215294,0.0,1.0003927550604772,1.4000000000000001,0.049971475527113986,0.4532776677969039,1.9279914819890478,5.0,1.0,0.2687008139045492,16.0,0.0,0.0,0.0,608,21888,18,1.0,0.0,0.41982366336483073
B0,S1,7,5,49.065613232182116,0.4531547705448934,4.0,1.9338898704416405,7.0,0.07396767379343068,0.5882852693923724,5.481536310904408,5.0,0.0,0.3989340570042684,15.0,0.0,0.0,0.0,0,0,0,0.0,0.0,0.2321085049507109
B1,S1,7,5,49.518250908140494,0.18873724081837706,0.0,1.0003927550604772,1.4000000000000001,0.060058577497674265,0.47901869747179404,2.081002799049851,4.199999999999999,1.0,0.2904825247765032,15.0,0.0,0.0,0.0,18180,654480,180,0.2,0.0,0.373761792080487
B2,S1,7,5,49.516228775293484,0.18432338153938765,0.0,1.0003927550604772,1.4000000000000001,0.048885210108753456,0.480325644775796,1.9344677504093655,5.0,1.0,0.2804764436616758,15.0,0.0,0.0,0.0,1818,65448,18,0.2,0.0,0.4106104356426363
B3,S1,7,5,49.517675880936245,0.18357815296134528,0.0,1.0003927550604772,1.4000000000000001,0.04892339831671588,0.47919968899043397,2.002839345148993,5.0,1.0,0.2775265647794719,15.0,0.0,0.0,0.0,1818,65448,18,0.2,0.0,0.3813349306904339
B4,S1,7,5,49.517930961134425,0.1836369070688588,0.0,1.0003927550604772,1.4000000000000001,0.048823522007115344,0.4790355236642938,2.0311170269907515,5.0,1.0,0.27719700003046094,15.0,0.0,0.0,-0.01290408002987986,1818,65448,18,0.2,0.0,0.4331284752438343
B5,S1,7,5,49.51804716179746,0.1836665860101962,0.0,1.0003927550604772,1.4000000000000001,0.04878427663048252,0.4789485770118347,2.0402797511103286,5.0,1.0,0.27698229186550327,15.0,0.0,0.0,0.0,1818,65448,18,0.2,0.0,0.421784227725793
P,S1,7,5,49.518265107129224,0.1839365155030354,0.0,1.0003927550604772,1.4000000000000001,0.048844343219097495,0.4787486000411363,2.0638791899212205,5.0,1.0,0.2769424088121694,15.0,0.0,0.0,0.0,588,21168,18,1.0,0.0,0.4944986633628366
B0,S2,7,5,49.11678786974664,0.4310175357114717,0.0,1.9338898704416405,7.0,0.0741792007804779,0.5623419323824166,5.215336789611479,5.0,0.0,0.38560279467542924,16.0,0.0,0.0,0.0,0,0,0,0.0,0.0,0.257937930691336
B1,S2,7,5,49.54618125159975,0.1769936277435979,0.0,1.0003927550604772,1.4000000000000001,0.06250917197555568,0.45381874840025205,1.998090396648121,4.199999999999999,1.0,0.28076237621514605,16.0,0.0,0.0,0.0,18180,654480,180,0.2,0.0,0.397989425743284
B2,S2,7,5,49.544268320938876,0.1688441104662239,0.0,1.0003927550604772,1.4000000000000001,0.04951221521910988,0.4555419419499813,1.7621284925016945,4.0,1.0,0.26932907185168503,16.0,0.0,0.0,0.0,1818,65448,18,0.2,0.0,0.3967362574239994
B3,S2,7,5,49.546961698726086,0.1728748825561909,4.0,1.0003927550604772,1.4000000000000001,0.05029824683865465,0.45303830127391365,2.122091289594395,5.0,1.0,0.2653730313505918,16.0,0.0,0.0,0.0,1818,65448,18,0.2,0.0,0.4070838514854757
B4,S2,7,5,49.54651812227794,0.17189414533693384,4.0,1.0003927550604772,1.4000000000000001,0.04964743793090906,0.45348187772206217,2.07307468684458,5.0,1.0,0.26574042728671177,16.0,0.0,0.0,-0.01400819975498524,1818,65448,18,0.2,0.0,0.427593633661006
B5,S2,7,5,49.54641167187131,0.17165645599547402,4.0,1.0003927550604772,1.4000000000000001,0.04961114387575247,0.45358832812868854,2.055725347817008,5.0,1.0,0.26598859742822684,16.0,0.0,0.0,0.0,1818,65448,18,0.2,0.0,0.44288281188159145
P,S2,7,5,49.54653155311297,0.17237575841758243,4.0,1.0003927550604772,1.4000000000000001,0.04954828749700525,0.4534684468870296,2.094717419235154,5.0,1.0,0.2652491275946677,16.0,0.0,0.0,0.0,625,22500,18,1.0,0.0,0.42379050495187
B0,S3,7,5,49.065613232182116,0.4531547705448934,4.0,1.9338898704416405,7.0,0.07396767379343068,0.5882852693923724,5.481536310904408,5.0,0.0,0.4022673903376018,15.0,0.0,0.0,0.0,0,0,0,0.0,0.0,0.24887552475468844
B1,S3,7,5,49.5185425896774,0.18832531844822548,0.0,1.0003927550604772,1.4000000000000001,0.06005973464107712,0.47879505621111207,2.0744481492904914,4.199999999999999,1.0,0.2937734193648459,15.0,0.0,0.0,0.0,18180,654480,180,0.2,0.0,0.3853915148481812
B2,S3,7,5,49.516226910246836,0.18432408951896265,0.0,1.0003927550604772,1.4000000000000001,0.04888507999679393,0.4803277913620576,1.9344760807862846,5.0,1.0,0.28381001914612003,15.0,0.0,0.0,0.0,1818,65448,18,0.2,0.0,0.3617573465367014
B3,S3,7,5,49.51762015385805,0.18360071150707405,0.0,1.0003927550604772,1.4000000000000001,0.048913884551490164,0.47924140341510224,2.0029088881715706,5.0,1.0,0.2808682370057366,15.0,0.0,0.0,0.0,1818,65448,18,0.2,0.0,0.37744454455533555
B4,S3,7,5,49.51779322649124,0.18368516682962344,0.0,1.0003927550604772,1.4000000000000001,0.04879856793212773,0.479138616056936,2.03069113797302,5.0,1.0,0.2805509532925088,15.0,0.0,0.0,-0.01290408480002081,1818,65448,18,0.2,0.0,0.4245841683174635
B5,S3,7,5,49.5179094271401,0.18371250117462218,0.0,1.0003927550604772,1.4000000000000001,0.04875891188997331,0.47905166941508526,2.039875998406328,5.0,1.0,0.28033624512967553,15.0,0.0,0.0,0.0,1818,65448,18,0.2,0.0,0.5110677722750732
P,S3,7,5,49.518369539142775,0.18385104706339114,0.0,1.0003927550604772,1.4000000000000001,0.0488603819774179,0.4786731047476209,2.063000007848084,5.0,1.0,0.28025830419037834,15.0,0.0,0.0,0.0,609,21924,18,1.0,0.0,0.4834578415842644
B0,S4,7,5,49.065613232182116,0.4531547705448934,4.0,1.9338898704416405,7.0,0.07396767379343068,0.5882852693923724,5.481536310904408,5.0,0.0,0.3989340570042684,0.0,0.0,0.0,0.0,0,0,0,0.0,0.0,0.27474978217712603
B1,S4,7,5,49.518250908140494,0.18873724081837706,0.0,1.0003927550604772,1.4000000000000001,0.060058577497674265,0.47901869747179404,2.081002799049851,4.199999999999999,1.0,0.2904825247765032,0.0,0.0,0.0,0.0,18180,654480,180,0.2,0.0,0.48688029702665664
B2,S4,7,5,49.516228775293484,0.18432338153938765,0.0,1.0003927550604772,1.4000000000000001,0.048885210108753456,0.480325644775796,1.9344677504093655,5.0,1.0,0.2804764436616758,0.0,0.0,0.0,0.0,1818,65448,18,0.2,0.0,0.3925227623776574
B3,S4,7,5,49.517675880936245,0.18357815296134528,0.0,1.0003927550604772,1.4000000000000001,0.04892339831671588,0.47919968899043397,2.002839345148993,5.0,1.0,0.2775265647794719,0.0,0.0,0.0,0.0,1818,65448,18,0.2,0.0,0.4384671782159191
B4,S4,7,5,49.517930961134425,0.1836369070688588,0.0,1.0003927550604772,1.4000000000000001,0.048823522007115344,0.4790355236642938,2.0311170269907515,5.0,1.0,0.27719700003046094,0.0,0.0,0.0,-0.01290408002987986,1818,65448,18,0.2,0.0,0.42373974257217095
B5,S4,7,5,49.51804716179746,0.1836665860101962,0.0,1.0003927550604772,1.4000000000000001,0.04878427663048252,0.4789485770118347,2.0402797511103286,5.0,1.0,0.27698229186550327,0.0,0.0,0.0,0.0,1818,65448,18,0.2,0.0,0.41909345544457993
P,S4,7,5,49.518265107129224,0.1839365155030354,0.0,1.0003927550604772,1.4000000000000001,0.048844343219097495,0.4787486000411363,2.0638791899212205,5.0,1.0,0.2769424088121694,0.0,0.0,0.0,0.0,588,21168,18,1.0,0.0,0.4384335643543195
B0,S5,7,5,49.065613232182116,0.4531547705448934,4.0,1.9338898704416405,7.0,0.07396767379343068,0.5882852693923724,5.481536310904408,5.0,0.0,0.3989340570042684,15.0,0.0,0.0,0.0,0,0,0,0.0,0.0,0.23435385148584126
B1,S5,7,5,49.518250908140494,0.18873724081837706,0.0,1.0003927550604772,1.4000000000000001,0.060058577497674265,0.47901869747179404,2.081002799049851,4.199999999999999,1.0,0.2904825247765032,15.0,0.0,0.0,0.0,18180,654480,180,0.2,0.0,0.378939366337273
B2,S5,7,5,49.516228775293484,0.18432338153938765,0.0,1.0003927550604772,1.4000000000000001,0.048885210108753456,0.480325644775796,1.9344677504093655,5.0,1.0,0.2804764436616758,15.0,0.0,0.0,0.0,1818,65448,18,0.2,0.0,0.3758683168292342
B3,S5,7,5,49.517675880936245,0.18357815296134528,0.0,1.0003927550604772,1.4000000000000001,0.04892339831671588,0.47919968899043397,2.002839345148993,5.0,1.0,0.2775265647794719,15.0,0.0,0.0,0.0,1818,65448,18,0.2,0.0,0.383151821781644
B4,S5,7,5,49.517930961134425,0.1836369070688588,0.0,1.0003927550604772,1.4000000000000001,0.048823522007115344,0.4790355236642938,2.0311170269907515,5.0,1.0,0.27719700003046094,15.0,0.0,0.0,-0.01290408002987986,1818,65448,18,0.2,0.0,0.42420756435513784
B5,S5,7,5,49.51804716179746,0.1836665860101962,0.0,1.0003927550604772,1.4000000000000001,0.04878427663048252,0.4789485770118347,2.0402797511103286,5.0,1.0,0.27698229186550327,15.0,0.0,0.0,0.0,1818,65448,18,0.2,0.0,0.4920775049507902
P,S5,7,5,49.518265107129224,0.1839365155030354,0.0,1.0003927550604772,1.4000000000000001,0.048844343219097495,0.4787486000411363,2.0638791899212205,5.0,1.0,0.2769424088121694,15.0,0.0,0.0,0.0,588,21168,18,1.0,0.0,0.39561100989921766
B0,S6,7,5,49.11678786974664,0.4310175357114717,0.0,1.9338898704416405,7.0,0.0741792007804779,0.5623419323824166,5.215336789611479,5.0,0.0,0.38560279467542924,16.0,0.0,0.0,0.0,0,0,0,0.0,0.0,0.24611466336288082
B1,S6,7,5,49.54618125159975,0.1769936277435979,0.0,1.0003927550604772,1.4000000000000001,0.06250917197555568,0.45381874840025205,1.998090396648121,4.199999999999999,1.0,0.28076237621514605,16.0,0.0,0.0,0.0,18180,654480,180,0.2,0.0,0.41095510891188886
B2,S6,7,5,49.544268320938876,0.1688441104662239,0.0,1.0003927550604772,1.4000000000000001,0.04951221521910988,0.4555419419499813,1.7621284925016945,4.0,1.0,0.26932907185168503,16.0,0.0,0.0,0.0,1818,65448,18,0.2,0.0,0.3915934950494528
B3,S6,7,5,49.546961698726086,0.1728748825561909,4.0,1.0003927550604772,1.4000000000000001,0.05029824683865465,0.45303830127391365,2.122091289594395,5.0,1.0,0.2653730313505918,16.0,0.0,0.0,0.0,1818,65448,18,0.2,0.0,0.4226416435632909
B4,S6,7,5,49.54651812227794,0.17189414533693384,4.0,1.0003927550604772,1.4000000000000001,0.04964743793090906,0.45348187772206217,2.07307468684458,5.0,1.0,0.26574042728671177,16.0,0.0,0.0,-0.01400819975498524,1818,65448,18,0.2,0.0,0.44847774257721196
B5,S6,7,5,49.54641167187131,0.17165645599547402,4.0,1.0003927550604772,1.4000000000000001,0.04961114387575247,0.45358832812868854,2.055725347817008,5.0,1.0,0.26598859742822684,16.0,0.0,0.0,0.0,1818,65448,18,0.2,0.0,0.4255979801975159
P,S6,7,5,49.54653155311297,0.17237575841758243,4.0,1.0003927550604772,1.4000000000000001,0.04954828749700525,0.4534684468870296,2.094717419235154,5.0,1.0,0.2652491275946677,16.0,0.0,0.0,0.0,625,22500,18,1.0,0.0,0.42809042574079664
B0,S7,7,5,49.11678786974664,0.4310175357114717,0.0,1.9338898704416405,7.0,0.0741792007804779,0.5623419323824166,5.215336789611479,5.0,0.0,0.38560279467542924,16.0,0.0,0.0,0.0,0,0,0,0.0,0.0,0.27296444554534416
B1,S7,7,5,49.54618125159975,0.1769936277435979,0.0,1.0003927550604772,1.4000000000000001,0.06250917197555568,0.45381874840025205,1.998090396648121,4.199999999999999,1.0,0.28076237621514605,16.0,0.0,0.0,0.0,18180,654480,180,0.2,0.0,0.6398751584129059
B2,S7,7,5,49.544268320938876,0.1688441104662239,0.0,1.0003927550604772,1.4000000000000001,0.04951221521910988,0.4555419419499813,1.7621284925016945,4.0,1.0,0.26932907185168503,16.0,0.0,0.0,0.0,1818,65448,18,0.2,0.0,0.37085465346355684
B3,S7,7,5,49.546961698726086,0.1728748825561909,4.0,1.0003927550604772,1.4000000000000001,0.05029824683865465,0.45303830127391365,2.122091289594395,5.0,1.0,0.2653730313505918,16.0,0.0,0.0,0.0,1818,65448,18,0.2,0.0,0.4183115940604423
B4,S7,7,5,49.54651812227794,0.17189414533693384,4.0,1.0003927550604772,1.4000000000000001,0.04964743793090906,0.45348187772206217,2.07307468684458,5.0,1.0,0.26574042728671177,16.0,0.0,0.0,-0.01400819975498524,1818,65448,18,0.2,0.0,0.4309592772286952
B5,S7,7,5,49.54641167187131,0.17165645599547402,4.0,1.0003927550604772,1.4000000000000001,0.04961114387575247,0.45358832812868854,2.055725347817008,5.0,1.0,0.26598859742822684,16.0,0.0,0.0,0.0,1818,65448,18,0.2,0.0,0.4544465841583119
P,S7,7,5,49.54653155311297,0.17237575841758243,4.0,1.0003927550604772,1.4000000000000001,0.04954828749700525,0.4534684468870296,2.094717419235154,5.0,1.0,0.2652491275946677,16.0,0.0,0.0,0.0,625,22500,18,1.0,0.0,0.42962103960163217
B0,S1,8,5,49.065613232182116,0.4531547705448934,4.0,1.9338898704416405,7.0,0.07396767379343068,0.5882852693923724,5.481536310904408,5.0,0.0,0.3989340570042684,15.0,0.0,0.0,0.0,0,0,0,0.0,0.0,0.22489311881019045
B1,S1,8,5,49.51826545154302,0.18867316534091214,0.0,1.0003927550604772,1.4000000000000001,0.06004876441618436,0.47901359687197953,2.078874347175661,4.199999999999999,1.0,0.29043168465778624,15.0,0.0,0.0,0.0,18180,654480,180,0.2,0.0,0.3858859504947363
B2,S1,8,5,49.51640361080228,0.1842284959589901,0.0,1.0003927550604772,1.4000000000000001,0.04895195694834239,0.48018061470748563,1.9297291315445457,5.0,1.0,0.28051896974997365,15.0,0.0,0.0,0.0,1818,65448,18,0.2,0.0,0.3983745940570203
B3,S1,8,5,49.51792935646212,0.18361293878901644,0.0,1.0003927550604772,1.4000000000000001,0.04900512921728315,0.47903512154895367,2.015923383132479,5.0,1.0,0.2773745122600475,15.0,0.0,0.0,0.0,1818,65448,18,0.2,0.0,0.3789865841594796
B4,S1,8,5,49.51809300298212,0.18381196346316853,0.0,1.0003927550604772,1.4000000000000001,0.0488958892360765,0.4789193751069618,2.0593813417339035,5.0,1.0,0.27702495349396755,15.0,0.0,0.0,-0.013604101766206522,1818,65448,18,0.2,0.0,0.3961173465315801
B5,S1,8,5,49.51816742102014,0.18382243409231874,0.0,1.0003927550604772,1.4000000000000001,0.04885465628809419,0.4788636921261755,2.064116236018365,5.0,1.0,0.2768869637607473,15.0,0.0,0.0,0.0,1818,65448,18,0.2,0.0,0.4263417227766785
P,S1,8,5,49.5164001483366,0.18433695490727967,0.0,1.0003927550604772,1.4000000000000001,0.048639612403313076,0.4801609569244718,2.0371445617144928,5.0,1.0,0.27818674256271747,15.0,0.0,0.0,0.0,597,21492,18,1.0,0.0,0.3992522475248797
B0,S2,8,5,49.11678786974664,0.4310175357114717,0.0,1.9338898704416405,7.0,0.0741792007804779,0.5623419323824166,5.215336789611479,5.0,0.0,0.38560279467542924,16.0,0.0,0.0,0.0,0,0,0,0.0,0.0,0.24965730693174287
B1,S2,8,5,49.546186352199584,0.17693426875945112,0.0,1.0003927550604772,1.4000000000000001,0.06249263722127439,0.4538136478004162,1.9965858229089746,4.199999999999999,1.0,0.2807014209958244,16.0,0.0,0.0,0.0,18180,654480,180,0.2,0.0,0.4167097425727994
B2,S2,8,5,49.54453242038465,0.16876365563470466,0.0,1.0003927550604772,1.4000000000000001,0.04949248395256517,0.4553037139051028,1.7640712075745566,4.0,1.0,0.2693801004378811,16.0,0.0,0.0,0.0,1818,65448,18,0.2,0.0,0.38730401980267354
B3,S2,8,5,49.54705255135104,0.1730866992035526,4.0,1.0003927550604772,1.4000000000000001,0.050209812357121734,0.4529474486489633,2.133045784680529,5.0,1.0,0.26526221108943165,16.0,0.0,0.0,0.0,1818,65448,18,0.2,0.0,0.4176843762351301
B4,S2,8,5,49.54650279051321,0.17209933767787147,4.0,1.0003927550604772,1.4000000000000001,0.04955497410453716,0.45349720948679106,2.086099765112261,5.0,1.0,0.26570983038073165,16.0,0.0,0.0,-0.014776425418606243,1818,65448,18,0.2,0.0,0.4207717722760442
B5,S2,8,5,49.546408816291546,0.17197437963620454,4.0,1.0003927550604772,1.4000000000000001,0.049516180121726684,0.4535911837084541,2.0767856009371526,5.0,1.0,0.26593944788646257,16.0,0.0,0.0,0.0,1818,65448,18,0.2,0.0,0.4351868910861872
P,S2,8,5,49.54692894044532,0.17187943053018173,4.0,1.0003927550604772,1.4000000000000001,0.04941548866051121,0.45307105955468074,2.081447887690693,5.0,1.0,0.2648123982122463,16.0,0.0,0.0,0.0,632,22752,18,1.0,0.0,0.4318632772272322
B0,S3,8,5,49.065613232182116,0.4531547705448934,4.0,1.9338898704416405,7.0,0.07396767379343068,0.5882852693923724,5.481536310904408,5.0,0.0,0.4022673903376018,15.0,0.0,0.0,0.0,0,0,0,0.0,0.0,0.2506538613839565
B1,S3,8,5,49.51855713307999,0.18826169379303465,0.0,1.0003927550604772,1.4000000000000001,0.06004991056969969,0.4787899556112407,2.0723195805434944,4.199999999999999,1.0,0.2937225792461301,15.0,0.0,0.0,0.0,18180,654480,180,0.2,0.0,0.39388786138594095
B2,S3,8,5,49.51640174575571,0.18422917086048188,0.0,1.0003927550604772,1.4000000000000001,0.04895183191058284,0.4801827612936904,1.9297368911846697,5.0,1.0,0.2838525452344191,15.0,0.0,0.0,0.0,1818,65448,18,0.2,0.0,0.36875469306936126
B3,S3,8,5,49.51795672466457,0.18360260803879344,0.0,1.0003927550604772,1.4000000000000001,0.04900975114299182,0.4790146937869153,2.015891628811498,5.0,1.0,0.28070374353343375,15.0,0.0,0.0,0.0,1818,65448,18,0.2,0.0,0.4238492673280099
B4,S3,8,5,49.51820924401875,0.18377288548715615,0.0,1.0003927550604772,1.4000000000000001,0.04891809520681826,0.4788324113083817,2.0597168087985422,5.0,1.0,0.28034088635702875,15.0,0.0,0.0,-0.013604100959363596,1818,65448,18,0.2,0.0,0.43589537623876534
B5,S3,8,5,49.51828366205519,0.18378562628256884,0.0,1.0003927550604772,1.4000000000000001,0.04887720046046657,0.47877672832876783,2.0644540187711224,5.0,1.0,0.28020289662404096,15.0,0.0,0.0,0.0,1818,65448,18,0.2,0.0,0.45292975247402056
P,S3,8,5,49.51754298993967,0.1837472019032454,0.0,1.0003927550604772,1.4000000000000001,0.04887213999307097,0.4793341604992989,2.0355668346861906,5.0,1.0,0.28134189705653895,15.0,0.0,0.0,0.0,568,20448,18,1.0,0.0,0.4521006930694471
B0,S4,8,5,49.065613232182116,0.4531547705448934,4.0,1.9338898704416405,7.0,0.07396767379343068,0.5882852693923724,5.481536310904408,5.0,0.0,0.3989340570042684,0.0,0.0,0.0,0.0,0,0,0,0.0,0.0,0.232378267328656
B1,S4,8,5,49.51826545154302,0.18867316534091214,0.0,1.0003927550604772,1.4000000000000001,0.06004876441618436,0.47901359687197953,2.078874347175661,4.199999999999999,1.0,0.29043168465778624,0.0,0.0,0.0,0.0,18180,654480,180,0.2,0.0,0.3758466336651031
B2,S4,8,5,49.51640361080228,0.1842284959589901,0.0,1.0003927550604772,1.4000000000000001,0.04895195694834239,0.48018061470748563,1.9297291315445457,5.0,1.0,0.28051896974997365,0.0,0.0,0.0,0.0,1818,65448,18,0.2,0.0,0.39109933663219115
B3,S4,8,5,49.51792935646212,0.18361293878901644,0.0,1.0003927550604772,1.4000000000000001,0.04900512921728315,0.47903512154895367,2.015923383132479,5.0,1.0,0.2773745122600475,0.0,0.0,0.0,0.0,1818,65448,18,0.2,0.0,0.3855920495060682
B4,S4,8,5,49.51809300298212,0.18381196346316853,0.0,1.0003927550604772,1.4000000000000001,0.0488958892360765,0.4789193751069618,2.0593813417339035,5.0,1.0,0.27702495349396755,0.0,0.0,0.0,-0.013604101766206522,1818,65448,18,0.2,0.0,0.4125406435648101
B5,S4,8,5,49.51816742102014,0.18382243409231874,0.0,1.0003927550604772,1.4000000000000001,0.04885465628809419,0.4788636921261755,2.064116236018365,5.0,1.0,0.2768869637607473,0.0,0.0,0.0,0.0,1818,65448,18,0.2,0.0,0.42552439603835834
P,S4,8,5,49.5164001483366,0.18433695490727967,0.0,1.0003927550604772,1.4000000000000001,0.048639612403313076,0.4801609569244718,2.0371445617144928,5.0,1.0,0.27818674256271747,0.0,0.0,0.0,0.0,597,21492,18,1.0,0.0,0.4253538415856149
B0,S5,8,5,49.065613232182116,0.4531547705448934,4.0,1.9338898704416405,7.0,0.07396767379343068,0.5882852693923724,5.481536310904408,5.0,0.0,0.3989340570042684,15.0,0.0,0.0,0.0,0,0,0,0.0,0.0,0.23286391088992903
B1,S5,8,5,49.51826545154302,0.18867316534091214,0.0,1.0003927550604772,1.4000000000000001,0.06004876441618436,0.47901359687197953,2.078874347175661,4.199999999999999,1.0,0.29043168465778624,15.0,0.0,0.0,0.0,18180,654480,180,0.2,0.0,0.3605360198025214
B2,S5,8,5,49.51640361080228,0.1842284959589901,0.0,1.0003927550604772,1.4000000000000001,0.04895195694834239,0.48018061470748563,1.9297291315445457,5.0,1.0,0.28051896974997365,15.0,0.0,0.0,0.0,1818,65448,18,0.2,0.0,0.3688183465324118
B3,S5,8,5,49.51792935646212,0.18361293878901644,0.0,1.0003927550604772,1.4000000000000001,0.04900512921728315,0.47903512154895367,2.015923383132479,5.0,1.0,0.2773745122600475,15.0,0.0,0.0,0.0,1818,65448,18,0.2,0.0,0.4430215544563889
B4,S5,8,5,49.51809300298212,0.18381196346316853,0.0,1.0003927550604772,1.4000000000000001,0.0488958892360765,0.4789193751069618,2.0593813417339035,5.0,1.0,0.27702495349396755,15.0,0.0,0.0,-0.013604101766206522,1818,65448,18,0.2,0.0,0.4304159009878655
B5,S5,8,5,49.51816742102014,0.18382243409231874,0.0,1.0003927550604772,1.4000000000000001,0.04885465628809419,0.4788636921261755,2.064116236018365,5.0,1.0,0.2768869637607473,15.0,0.0,0.0,0.0,1818,65448,18,0.2,0.0,0.4162023762393513
P,S5,8,5,49.5164001483366,0.18433695490727967,0.0,1.0003927550604772,1.4000000000000001,0.048639612403313076,0.4801609569244718,2.0371445617144928,5.0,1.0,0.27818674256271747,15.0,0.0,0.0,0.0,597,21492,18,1.0,0.0,0.4100728811854514
B0,S6,8,5,49.11678786974664,0.4310175357114717,0.0,1.9338898704416405,7.0,0.0741792007804779,0.5623419323824166,5.215336789611479,5.0,0.0,0.38560279467542924,16.0,0.0,0.0,0.0,0,0,0,0.0,0.0,0.2652331089136916
B1,S6,8,5,49.546186352199584,0.17693426875945112,0.0,1.0003927550604772,1.4000000000000001,0.06249263722127439,0.4538136478004162,1.9965858229089746,4.199999999999999,1.0,0.2807014209958244,16.0,0.0,0.0,0.0,18180,654480,180,0.2,0.0,0.39280387128732547
B2,S6,8,5,49.54453242038465,0.16876365563470466,0.0,1.0003927550604772,1.4000000000000001,0.04949248395256517,0.4553037139051028,1.7640712075745566,4.0,1.0,0.2693801004378811,16.0,0.0,0.0,0.0,1818,65448,18,0.2,0.0,0.38290495049385764
B3,S6,8,5,49.54705255135104,0.1730866992035526,4.0,1.0003927550604772,1.4000000000000001,0.050209812357121734,0.4529474486489633,2.133045784680529,5.0,1.0,0.26526221108943165,16.0,0.0,0.0,0.0,1818,65448,18,0.2,0.0,0.39221626732319465
B4,S6,8,5,49.54650279051321,0.17209933767787147,4.0,1.0003927550604772,1.4000000000000001,0.04955497410453716,0.45349720948679106,2.086099765112261,5.0,1.0,0.26570983038073165,16.0,0.0,0.0,-0.014776425418606243,1818,65448,18,0.2,0.0,0.4488599306929281
B5,S6,8,5,49.546408816291546,0.17197437963620454,4.0,1.0003927550604772,1.4000000000000001,0.049516180121726684,0.4535911837084541,2.0767856009371526,5.0,1.0,0.26593944788646257,16.0,0.0,0.0,0.0,1818,65448,18,0.2,0.0,0.4299047326739047
P,S6,8,5,49.54692894044532,0.17187943053018173,4.0,1.0003927550604772,1.4000000000000001,0.04941548866051121,0.45307105955468074,2.081447887690693,5.0,1.0,0.2648123982122463,16.0,0.0,0.0,0.0,632,22752,18,1.0,0.0,0.42343274257705565
B0,S7,8,5,49.11678786974664,0.4310175357114717,0.0,1.9338898704416405,7.0,0.0741792007804779,0.5623419323824166,5.215336789611479,5.0,0.0,0.38560279467542924,16.0,0.0,0.0,0.0,0,0,0,0.0,0.0,0.2542086336634924
B1,S7,8,5,49.546186352199584,0.17693426875945112,0.0,1.0003927550604772,1.4000000000000001,0.06249263722127439,0.4538136478004162,1.9965858229089746,4.199999999999999,1.0,0.2807014209958244,16.0,0.0,0.0,0.0,18180,654480,180,0.2,0.0,0.39862925742715677
B2,S7,8,5,49.54453242038465,0.16876365563470466,0.0,1.0003927550604772,1.4000000000000001,0.04949248395256517,0.4553037139051028,1.7640712075745566,4.0,1.0,0.2693801004378811,16.0,0.0,0.0,0.0,1818,65448,18,0.2,0.0,0.4050435346552248
B3,S7,8,5,49.54705255135104,0.1730866992035526,4.0,1.0003927550604772,1.4000000000000001,0.050209812357121734,0.4529474486489633,2.133045784680529,5.0,1.0,0.26526221108943165,16.0,0.0,0.0,0.0,1818,65448,18,0.2,0.0,0.4520174356462076
B4,S7,8,5,49.54650279051321,0.17209933767787147,4.0,1.0003927550604772,1.4000000000000001,0.04955497410453716,0.45349720948679106,2.086099765112261,5.0,1.0,0.26570983038073165,16.0,0.0,0.0,-0.014776425418606243,1818,65448,18,0.2,0.0,0.4141289603980437
B5,S7,8,5,49.546408816291546,0.17197437963620454,4.0,1.0003927550604772,1.4000000000000001,0.049516180121726684,0.4535911837084541,2.0767856009371526,5.0,1.0,0.26593944788646257,16.0,0.0,0.0,0.0,1818,65448,18,0.2,0.0,0.4429328118796079
P,S7,8,5,49.54692894044532,0.17187943053018173,4.0,1.0003927550604772,1.4000000000000001,0.04941548866051121,0.45307105955468074,2.081447887690693,5.0,1.0,0.2648123982122463,16.0,0.0,0.0,0.0,632,22752,18,1.0,0.0,0.43207869306894675
B0,S1,9,5,49.065613232182116,0.4531547705448934,4.0,1.9338898704416405,7.0,0.07396767379343068,0.5882852693923724,5.481536310904408,5.0,0.0,0.3989340570042684,15.0,0.0,0.0,0.0,0,0,0,0.0,0.0,0.2406286336628171
B1,S1,9,5,49.51827786633267,0.18864716360996486,0.0,1.0003927550604772,1.4000000000000001,0.0600425759692951,0.47900322314534094,2.0780341377471054,4.199999999999999,1.0,0.29040266027039696,15.0,0.0,0.0,0.0,18180,654480,180,0.2,0.0,0.37567111881024645
B2,S1,9,5,49.516396809226,0.18423287256449244,0.0,1.0003927550604772,1.4000000000000001,0.04891156354758947,0.480190539796169,1.92928734717545,5.0,1.0,0.2802254891701097,15.0,0.0,0.0,0.0,1818,65448,18,0.2,0.0,0.38036906930711206
B3,S1,9,5,49.5180023155037,0.18355415865094693,0.0,1.0003927550604772,1.4000000000000001,0.048928298657659804,0.47899560730358104,2.0131689085621156,5.0,1.0,0.27707307021565986,15.0,0.0,0.0,0.0,1818,65448,18,0.2,0.0,0.3813587623782122
B4,S1,9,5,49.51836208958307,0.1836662769651973,0.0,1.0003927550604772,1.4000000000000001,0.048786388447929825,0.4787248990816906,2.050519485138919,5.0,1.0,0.27627507021787123,15.0,0.0,0.0,-0.013227533732536267,1818,65448,18,0.2,0.0,0.4335106336613967
B5,S1,9,5,49.51829069797386,0.18364174069549194,0.0,1.0003927550604772,1.4000000000000001,0.04875707681831967,0.47877831754998823,2.0453100615103814,5.0,1.0,0.27640849642587734,15.0,0.0,0.0,0.0,1818,65448,18,0.2,0.0,0.42349441584051556
P,S1,9,5,49.51835132027057,0.1834189555417171,0.0,1.0003927550604772,1.4000000000000001,0.049041723913568626,0.47875402221656316,2.0188404100276998,5.0,1.0,0.27801157011665373,15.0,0.0,0.0,0.0,576,20736,18,1.0,0.0,0.4144786930692585
B0,S2,9,5,49.11678786974664,0.4310175357114717,0.0,1.9338898704416405,7.0,0.0741792007804779,0.5623419323824166,5.215336789611479,5.0,0.0,0.38560279467542924,16.0,0.0,0.0,0.0,0,0,0,0.0,0.0,0.24647256435459308
B1,S2,9,5,49.54619672592617,0.17691640003592543,0.0,1.0003927550604772,1.4000000000000001,0.06248655484004215,0.45380327407382737,1.9958422858831233,4.199999999999999,1.0,0.2806759204435872,16.0,0.0,0.0,0.0,18180,654480,180,0.2,0.0,0.3983086831695881
B2,S2,9,5,49.54440539711383,0.16873224082200827,0.0,1.0003927550604772,1.4000000000000001,0.049429073064837535,0.4554391590979847,1.7642725340055203,4.0,1.0,0.26907761481205156,16.0,0.0,0.0,0.0,1818,65448,18,0.2,0.0,0.38714271287143776
B3,S2,9,5,49.547222238457024,0.1731783273847096,4.0,1.0003927550604772,1.4000000000000001,0.0502064257635804,0.45277776154297555,2.1365461730363964,5.0,1.0,0.2650646571210549,16.0,0.0,0.0,0.0,1818,65448,18,0.2,0.0,0.4376083861418442
B4,S2,9,5,49.54714058592404,0.172741612213221,4.0,1.0003927550604772,1.4000000000000001,0.04955285400581101,0.4528594140759594,2.1228321140923945,5.0,1.0,0.2648005062427254,16.0,0.0,0.0,-0.0143271525921711,1818,65448,18,0.2,0.0,0.6740959108923346
B5,S2,9,5,49.54695804382756,0.1723714910813381,4.0,1.0003927550604772,1.4000000000000001,0.04952217325550739,0.4530419561724415,2.100788033360949,5.0,1.0,0.2652295603585888,16.0,0.0,0.0,0.0,1818,65448,18,0.2,0.0,0.5021192574252444
P,S2,9,5,49.5474323919116,0.1722622958094968,4.0,1.0003927550604772,1.4000000000000001,0.049649321346347954,0.45256760808840113,2.0849868607642352,5.0,1.0,0.26483247425199,16.0,0.0,0.0,0.0,611,21996,18,1.0,0.0,0.4512088019798131
B0,S3,9,5,49.065613232182116,0.4531547705448934,4.0,1.9338898704416405,7.0,0.07396767379343068,0.5882852693923724,5.481536310904408,5.0,0.0,0.4022673903376018,15.0,0.0,0.0,0.0,0,0,0,0.0,0.0,0.24400291089261714
B1,S3,9,5,49.5185695478696,0.188235902133025,0.0,1.0003927550604772,1.4000000000000001,0.0600437189777233,0.47877958188465897,2.07147934069738,4.199999999999999,1.0,0.29369355485874016,15.0,0.0,0.0,0.0,18180,654480,180,0.2,0.0,0.40971143564525164
B2,S3,9,5,49.51639798069634,0.18423254408975814,0.0,1.0003927550604772,1.4000000000000001,0.04891161499503607,0.48018951604011306,1.9292840483584022,5.0,1.0,0.283558725340957,15.0,0.0,0.0,0.0,1818,65448,18,0.2,0.0,0.40510056435390884
B3,S3,9,5,49.51788792740244,0.18359833701965017,0.0,1.0003927550604772,1.4000000000000001,0.04891012703412842,0.47908123323122,2.0132967350696522,5.0,1.0,0.2804235208468447,15.0,0.0,0.0,0.0,1818,65448,18,0.2,0.0,0.42790256435578744
B4,S3,9,5,49.51834681223064,0.18367136522209815,0.0,1.0003927550604772,1.4000000000000001,0.048783789979252055,0.47873647466666114,2.050478868729841,5.0,1.0,0.27961067919892346,15.0,0.0,0.0,-0.013227518428274188,1818,65448,18,0.2,0.0,0.4091397920794659
B5,S3,9,5,49.51827542061243,0.18364675150733784,0.0,1.0003927550604772,1.4000000000000001,0.048754392438549954,0.47878989314168763,2.045269751672124,5.0,1.0,0.27974410540826894,15.0,0.0,0.0,0.0,1818,65448,18,0.2,0.0,0.40087212870942196
P,S3,9,5,49.518825241819734,0.1834410439169288,0.0,1.0003927550604772,1.4000000000000001,0.049182937060433224,0.4784084036950702,2.023043932767234,5.0,1.0,0.281274047745619,15.0,0.0,0.0,0.0,603,21708,18,1.0,0.0,0.41364597029656797
B0,S4,9,5,49.065613232182116,0.4531547705448934,4.0,1.9338898704416405,7.0,0.07396767379343068,0.5882852693923724,5.481536310904408,5.0,0.0,0.3989340570042684,0.0,0.0,0.0,0.0,0,0,0,0.0,0.0,0.2311524356420957
B1,S4,9,5,49.51827786633267,0.18864716360996486,0.0,1.0003927550604772,1.4000000000000001,0.0600425759692951,0.47900322314534094,2.0780341377471054,4.199999999999999,1.0,0.29040266027039696,0.0,0.0,0.0,0.0,18180,654480,180,0.2,0.0,0.38684611881042585
B2,S4,9,5,49.516396809226,0.18423287256449244,0.0,1.0003927550604772,1.4000000000000001,0.04891156354758947,0.480190539796169,1.92928734717545,5.0,1.0,0.2802254891701097,0.0,0.0,0.0,0.0,1818,65448,18,0.2,0.0,0.3895632673294752
B3,S4,9,5,49.5180023155037,0.18355415865094693,0.0,1.0003927550604772,1.4000000000000001,0.048928298657659804,0.47899560730358104,2.0131689085621156,5.0,1.0,0.27707307021565986,0.0,0.0,0.0,0.0,1818,65448,18,0.2,0.0,0.3743559801964378
B4,S4,9,5,49.51836208958307,0.1836662769651973,0.0,1.0003927550604772,1.4000000000000001,0.048786388447929825,0.4787248990816906,2.050519485138919,5.0,1.0,0.27627507021787123,0.0,0.0,0.0,-0.013227533732536267,1818,65448,18,0.2,0.0,0.39496365346590523
B5,S4,9,5,49.51829069797386,0.18364174069549194,0.0,1.0003927550604772,1.4000000000000001,0.04875707681831967,0.47877831754998823,2.0453100615103814,5.0,1.0,0.27640849642587734,0.0,0.0,0.0,0.0,1818,65448,18,0.2,0.0,0.409897554456422
P,S4,9,5,49.51835132027057,0.1834189555417171,0.0,1.0003927550604772,1.4000000000000001,0.049041723913568626,0.47875402221656316,2.0188404100276998,5.0,1.0,0.27801157011665373,0.0,0.0,0.0,0.0,576,20736,18,1.0,0.0,0.4195100099026928
B0,S5,9,5,49.065613232182116,0.4531547705448934,4.0,1.9338898704416405,7.0,0.07396767379343068,0.5882852693923724,5.481536310904408,5.0,0.0,0.3989340570042684,15.0,0.0,0.0,0.0,0,0,0,0.0,0.0,0.22574580197944652
B1,S5,9,5,49.51827786633267,0.18864716360996486,0.0,1.0003927550604772,1.4000000000000001,0.0600425759692951,0.47900322314534094,2.0780341377471054,4.199999999999999,1.0,0.29040266027039696,15.0,0.0,0.0,0.0,18180,654480,180,0.2,0.0,0.3694638712839169
B2,S5,9,5,49.516396809226,0.18423287256449244,0.0,1.0003927550604772,1.4000000000000001,0.04891156354758947,0.480190539796169,1.92928734717545,5.0,1.0,0.2802254891701097,15.0,0.0,0.0,0.0,1818,65448,18,0.2,0.0,0.3649713960407782
B3,S5,9,5,49.5180023155037,0.18355415865094693,0.0,1.0003927550604772,1.4000000000000001,0.048928298657659804,0.47899560730358104,2.0131689085621156,5.0,1.0,0.27707307021565986,15.0,0.0,0.0,0.0,1818,65448,18,0.2,0.0,0.36877799999670646
B4,S5,9,5,49.51836208958307,0.1836662769651973,0.0,1.0003927550604772,1.4000000000000001,0.048786388447929825,0.4787248990816906,2.050519485138919,5.0,1.0,0.27627507021787123,15.0,0.0,0.0,-0.013227533732536267,1818,65448,18,0.2,0.0,0.3971872871297459
B5,S5,9,5,49.51829069797386,0.18364174069549194,0.0,1.0003927550604772,1.4000000000000001,0.04875707681831967,0.47877831754998823,2.0453100615103814,5.0,1.0,0.27640849642587734,15.0,0.0,0.0,0.0,1818,65448,18,0.2,0.0,0.40190416831308645
P,S5,9,5,49.51835132027057,0.1834189555417171,0.0,1.0003927550604772,1.4000000000000001,0.049041723913568626,0.47875402221656316,2.0188404100276998,5.0,1.0,0.27801157011665373,15.0,0.0,0.0,0.0,576,20736,18,1.0,0.0,0.40594390099280336
B0,S6,9,5,49.11678786974664,0.4310175357114717,0.0,1.9338898704416405,7.0,0.0741792007804779,0.5623419323824166,5.215336789611479,5.0,0.0,0.38560279467542924,16.0,0.0,0.0,0.0,0,0,0,0.0,0.0,0.2911847524757994
B1,S6,9,5,49.54619672592617,0.17691640003592543,0.0,1.0003927550604772,1.4000000000000001,0.06248655484004215,0.45380327407382737,1.9958422858831233,4.199999999999999,1.0,0.2806759204435872,16.0,0.0,0.0,0.0,18180,654480,180,0.2,0.0,0.4021620891105365
B2,S6,9,5,49.54440539711383,0.16873224082200827,0.0,1.0003927550604772,1.4000000000000001,0.049429073064837535,0.4554391590979847,1.7642725340055203,4.0,1.0,0.26907761481205156,16.0,0.0,0.0,0.0,1818,65448,18,0.2,0.0,0.37268882177987406
B3,S6,9,5,49.547222238457024,0.1731783273847096,4.0,1.0003927550604772,1.4000000000000001,0.0502064257635804,0.45277776154297555,2.1365461730363964,5.0,1.0,0.2650646571210549,16.0,0.0,0.0,0.0,1818,65448,18,0.2,0.0,0.3819126732691579
B4,S6,9,5,49.54714058592404,0.172741612213221,4.0,1.0003927550604772,1.4000000000000001,0.04955285400581101,0.4528594140759594,2.1228321140923945,5.0,1.0,0.2648005062427254,16.0,0.0,0.0,-0.0143271525921711,1818,65448,18,0.2,0.0,0.40850615841288285
B5,S6,9,5,49.54695804382756,0.1723714910813381,4.0,1.0003927550604772,1.4000000000000001,0.04952217325550739,0.4530419561724415,2.100788033360949,5.0,1.0,0.2652295603585888,16.0,0.0,0.0,0.0,1818,65448,18,0.2,0.0,0.41461275247123613
P,S6,9,5,49.5474323919116,0.1722622958094968,4.0,1.0003927550604772,1.4000000000000001,0.049649321346347954,0.45256760808840113,2.0849868607642352,5.0,1.0,0.26483247425199,16.0,0.0,0.0,0.0,611,21996,18,1.0,0.0,0.41761240593830123
B0,S7,9,5,49.11678786974664,0.4310175357114717,0.0,1.9338898704416405,7.0,0.0741792007804779,0.5623419323824166,5.215336789611479,5.0,0.0,0.38560279467542924,16.0,0.0,0.0,0.0,0,0,0,0.0,0.0,0.24171046535040733
B1,S7,9,5,49.54619672592617,0.17691640003592543,0.0,1.0003927550604772,1.4000000000000001,0.06248655484004215,0.45380327407382737,1.9958422858831233,4.199999999999999,1.0,0.2806759204435872,16.0,0.0,0.0,0.0,18180,654480,180,0.2,0.0,0.40766807920716575
B2,S7,9,5,49.54440539711383,0.16873224082200827,0.0,1.0003927550604772,1.4000000000000001,0.049429073064837535,0.4554391590979847,1.7642725340055203,4.0,1.0,0.26907761481205156,16.0,0.0,0.0,0.0,1818,65448,18,0.2,0.0,0.3836203762391348
B3,S7,9,5,49.547222238457024,0.1731783273847096,4.0,1.0003927550604772,1.4000000000000001,0.0502064257635804,0.45277776154297555,2.1365461730363964,5.0,1.0,0.2650646571210549,16.0,0.0,0.0,0.0,1818,65448,18,0.2,0.0,0.40414911881280113
B4,S7,9,5,49.54714058592404,0.172741612213221,4.0,1.0003927550604772,1.4000000000000001,0.04955285400581101,0.4528594140759594,2.1228321140923945,5.0,1.0,0.2648005062427254,16.0,0.0,0.0,-0.0143271525921711,1818,65448,18,0.2,0.0,0.4168117029711548
B5,S7,9,5,49.54695804382756,0.1723714910813381,4.0,1.0003927550604772,1.4000000000000001,0.04952217325550739,0.4530419561724415,2.100788033360949,5.0,1.0,0.2652295603585888,16.0,0.0,0.0,0.0,1818,65448,18,0.2,0.0,0.42710686138979337
P,S7,9,5,49.5474323919116,0.1722622958094968,4.0,1.0003927550604772,1.4000000000000001,0.049649321346347954,0.45256760808840113,2.0849868607642352,5.0,1.0,0.26483247425199,16.0,0.0,0.0,0.0,611,21996,18,1.0,0.0,0.4634956039583335
B0,S1,10,5,49.065613232182116,0.4531547705448934,4.0,1.9338898704416405,7.0,0.07396767379343068,0.5882852693923724,5.481536310904408,5.0,0.0,0.3989340570042684,15.0,0.0,0.0,0.0,0,0,0,0.0,0.0,0.2643692376223764
B1,S1,10,5,49.518292238184365,0.1886960583292801,0.0,1.0003927550604772,1.4000000000000001,0.06006842930853765,0.47899372858872624,2.081040508604057,4.199999999999999,1.0,0.29049365938446653,15.0,0.0,0.0,0.0,18180,654480,180,0.2,0.0,0.37053599009938115
B2,S1,10,5,49.51637680381886,0.18438258627596246,0.0,1.0003927550604772,1.4000000000000001,0.049006267725102665,0.48012102484581476,1.9344623044715386,5.0,1.0,0.28083861810357463,15.0,0.0,0.0,0.0,1818,65448,18,0.2,0.0,0.3711865643564655
B3,S1,10,5,49.51825032683731,0.18354498637443561,0.0,1.0003927550604772,1.4000000000000001,0.04899647562743678,0.4786887242411737,2.0114372922213937,5.0,1.0,0.27726420457857437,15.0,0.0,0.0,0.0,1818,65448,18,0.2,0.0,0.38222442573878834
B4,S1,10,5,49.516820657960764,0.18362756248827652,0.0,1.0003927550604772,1.4000000000000001,0.04897851421546706,0.47978371705760026,1.9073287585732972,5.0,1.0,0.2801468394602294,15.0,0.0,0.0,-0.012333659482794412,1818,65448,18,0.2,0.0,0.400145386135078
B5,S1,10,5,49.516842105103024,0.18358612169940908,0.0,1.0003927550604772,1.4000000000000001,0.04892955864442036,0.4797666422148268,1.905056231432965,5.0,1.0,0.2800723960073728,15.0,0.0,0.0,0.0,1818,65448,18,0.2,0.0,0.412138445543599
P,S1,10,5,49.5177527858529,0.18322535873974052,0.0,1.0003927550604772,1.4000000000000001,0.04901052852341777,0.4790898395237093,1.9136135927876232,5.0,1.0,0.2788256450989095,15.0,0.0,0.0,0.0,606,21816,18,1.0,0.0,0.3994488019773121
B0,S2,10,5,49.11678786974664,0.4310175357114717,0.0,1.9338898704416405,7.0,0.0741792007804779,0.5623419323824166,5.215336789611479,5.0,0.0,0.38560279467542924,16.0,0.0,0.0,0.0,0,0,0,0.0,0.0,0.24404922772074575
B1,S2,10,5,49.546206220482794,0.17694267224536858,0.0,1.0003927550604772,1.4000000000000001,0.06251337519390873,0.45379377951720556,1.9974825686943667,4.199999999999999,1.0,0.28078578353466443,16.0,0.0,0.0,0.0,18180,654480,180,0.2,0.0,0.4152023564367284
B2,S2,10,5,49.544385391706705,0.1688858211667353,0.0,1.0003927550604772,1.4000000000000001,0.04961935441412599,0.45536964414760916,1.7651239982958018,4.0,1.0,0.269647953234627,16.0,0.0,0.0,0.0,1818,65448,18,0.2,0.0,0.3826159603938709
B3,S2,10,5,49.54718133044652,0.17294687519146387,4.0,1.0003927550604772,1.4000000000000001,0.05033885585474744,0.45281866955347994,2.1263758002412216,5.0,1.0,0.26549638415134486,16.0,0.0,0.0,0.0,1818,65448,18,0.2,0.0,0.3921246336653669
B4,S2,10,5,49.54551263026241,0.1702285062683709,0.0,1.0003927550604772,1.4000000000000001,0.04979641836468379,0.45448736973759196,1.92489558167124,5.0,1.0,0.2686266975102543,16.0,0.0,0.0,-0.013303577464110594,1818,65448,18,0.2,0.0,0.45839619802016857
B5,S2,10,5,49.54533894808591,0.17008850882596357,0.0,1.0003927550604772,1.4000000000000001,0.04975093650556747,0.454661051914087,1.8996374527760926,5.0,1.0,0.2690452820404978,16.0,0.0,0.0,0.0,1818,65448,18,0.2,0.0,0.4584545940590465
P,S2,10,5,49.54551322808515,0.17034941893300432,0.0,1.0003927550604772,1.4000000000000001,0.04972336342675141,0.4544867719148513,1.928228272583731,5.0,1.0,0.2682622431083508,16.0,0.0,0.0,0.0,631,22716,18,1.0,0.0,0.4140102178233533
B0,S3,10,5,49.065613232182116,0.4531547705448934,4.0,1.9338898704416405,7.0,0.07396767379343068,0.5882852693923724,5.481536310904408,5.0,0.0,0.4022673903376018,15.0,0.0,0.0,0.0,0,0,0,0.0,0.0,0.23358673267313573
B1,S3,10,5,49.51858391972127,0.18828446694993914,0.0,1.0003927550604772,1.4000000000000001,0.060069574430085496,0.47877008732803006,2.0744858009347955,4.199999999999999,1.0,0.2937845539728096,15.0,0.0,0.0,0.0,18180,654480,180,0.2,0.0,0.373533940596149
B2,S3,10,5,49.51637797528921,0.18438219369032008,0.0,1.0003927550604772,1.4000000000000001,0.04900632681033536,0.4801200010897304,1.9344579484657838,5.0,1.0,0.28417185427442265,15.0,0.0,0.0,0.0,1818,65448,18,0.2,0.0,0.36329876237606085
B3,S3,10,5,49.51840633757056,0.1834872616654087,0.0,1.0003927550604772,1.4000000000000001,0.049024338918923646,0.4785719834638513,2.011692930522888,5.0,1.0,0.28057418694043634,15.0,0.0,0.0,0.0,1818,65448,18,0.2,0.0,0.36958315841630873
B4,S3,10,5,49.51704666456561,0.1835164694537777,0.0,1.0003927550604772,1.4000000000000001,0.04901357299518761,0.47960383678669416,1.9067988941021774,5.0,1.0,0.2834477139186436,15.0,0.0,0.0,-0.01233365973336209,1818,65448,18,0.2,0.0,0.4071293762382705
B5,S3,10,5,49.517068111686264,0.1834785410526171,0.0,1.0003927550604772,1.4000000000000001,0.04896758607057532,0.47958676196113004,1.9045394413565568,5.0,1.0,0.28337327046888594,15.0,0.0,0.0,0.0,1818,65448,18,0.2,0.0,0.4363236237640924
P,S3,10,5,49.51774699618059,0.18322761730451867,0.0,1.0003927550604772,1.4000000000000001,0.04900923967713184,0.4790941052748394,1.9135946465559326,5.0,1.0,0.2821599127442867,15.0,0.0,0.0,0.0,618,22248,18,1.0,0.0,0.4505032673271014
B0,S4,10,5,49.065613232182116,0.4531547705448934,4.0,1.9338898704416405,7.0,0.07396767379343068,0.5882852693923724,5.481536310904408,5.0,0.0,0.3989340570042684,0.0,0.0,0.0,0.0,0,0,0,0.0,0.0,0.23472100989994654
B1,S4,10,5,49.518292238184365,0.1886960583292801,0.0,1.0003927550604772,1.4000000000000001,0.06006842930853765,0.47899372858872624,2.081040508604057,4.199999999999999,1.0,0.29049365938446653,0.0,0.0,0.0,0.0,18180,654480,180,0.2,0.0,0.38839617821728406
B2,S4,10,5,49.51637680381886,0.18438258627596246,0.0,1.0003927550604772,1.4000000000000001,0.049006267725102665,0.48012102484581476,1.9344623044715386,5.0,1.0,0.28083861810357463,0.0,0.0,0.0,0.0,1818,65448,18,0.2,0.0,0.4269303168293485
B3,S4,10,5,49.51825032683731,0.18354498637443561,0.0,1.0003927550604772,1.4000000000000001,0.04899647562743678,0.4786887242411737,2.0114372922213937,5.0,1.0,0.27726420457857437,0.0,0.0,0.0,0.0,1818,65448,18,0.2,0.0,0.4880811485137282
B4,S4,10,5,49.516820657960764,0.18362756248827652,0.0,1.0003927550604772,1.4000000000000001,0.04897851421546706,0.47978371705760026,1.9073287585732972,5.0,1.0,0.2801468394602294,0.0,0.0,0.0,-0.012333659482794412,1818,65448,18,0.2,0.0,0.48088822772079215
B5,S4,10,5,49.516842105103024,0.18358612169940908,0.0,1.0003927550604772,1.4000000000000001,0.04892955864442036,0.4797666422148268,1.905056231432965,5.0,1.0,0.2800723960073728,0.0,0.0,0.0,0.0,1818,65448,18,0.2,0.0,0.41751100989941814
P,S4,10,5,49.5177527858529,0.18322535873974052,0.0,1.0003927550604772,1.4000000000000001,0.04901052852341777,0.4790898395237093,1.9136135927876232,5.0,1.0,0.2788256450989095,0.0,0.0,0.0,0.0,606,21816,18,1.0,0.0,0.4473232376254276
B0,S5,10,5,49.065613232182116,0.4531547705448934,4.0,1.9338898704416405,7.0,0.07396767379343068,0.5882852693923724,5.481536310904408,5.0,0.0,0.3989340570042684,15.0,0.0,0.0,0.0,0,0,0,0.0,0.0,0.2420392277212393
B1,S5,10,5,49.518292238184365,0.1886960583292801,0.0,1.0003927550604772,1.4000000000000001,0.06006842930853765,0.47899372858872624,2.081040508604057,4.199999999999999,1.0,0.29049365938446653,15.0,0.0,0.0,0.0,18180,654480,180,0.2,0.0,0.3773728811859538
B2,S5,10,5,49.51637680381886,0.18438258627596246,0.0,1.0003927550604772,1.4000000000000001,0.049006267725102665,0.48012102484581476,1.9344623044715386,5.0,1.0,0.28083861810357463,15.0,0.0,0.0,0.0,1818,65448,18,0.2,0.0,0.3728264455456174
B3,S5,10,5,49.51825032683731,0.18354498637443561,0.0,1.0003927550604772,1.4000000000000001,0.04899647562743678,0.4786887242411737,2.0114372922213937,5.0,1.0,0.27726420457857437,15.0,0.0,0.0,0.0,1818,65448,18,0.2,0.0,0.37433534653516315
B4,S5,10,5,49.516820657960764,0.18362756248827652,0.0,1.0003927550604772,1.4000000000000001,0.04897851421546706,0.47978371705760026,1.9073287585732972,5.0,1.0,0.2801468394602294,15.0,0.0,0.0,-0.012333659482794412,1818,65448,18,0.2,0.0,0.43659819802186495
B5,S5,10,5,49.516842105103024,0.18358612169940908,0.0,1.0003927550604772,1.4000000000000001,0.04892955864442036,0.4797666422148268,1.905056231432965,5.0,1.0,0.2800723960073728,15.0,0.0,0.0,0.0,1818,65448,18,0.2,0.0,0.40163804950599014
P,S5,10,5,49.5177527858529,0.18322535873974052,0.0,1.0003927550604772,1.4000000000000001,0.04901052852341777,0.4790898395237093,1.9136135927876232,5.0,1.0,0.2788256450989095,15.0,0.0,0.0,0.0,606,21816,18,1.0,0.0,0.3958472673253025
B0,S6,10,5,49.11678786974664,0.4310175357114717,0.0,1.9338898704416405,7.0,0.0741792007804779,0.5623419323824166,5.215336789611479,5.0,0.0,0.38560279467542924,16.0,0.0,0.0,0.0,0,0,0,0.0,0.0,0.247099405941758
B1,S6,10,5,49.546206220482794,0.17694267224536858,0.0,1.0003927550604772,1.4000000000000001,0.06251337519390873,0.45379377951720556,1.9974825686943667,4.199999999999999,1.0,0.28078578353466443,16.0,0.0,0.0,0.0,18180,654480,180,0.2,0.0,0.3772065841589535
B2,S6,10,5,49.544385391706705,0.1688858211667353,0.0,1.0003927550604772,1.4000000000000001,0.04961935441412599,0.45536964414760916,1.7651239982958018,4.0,1.0,0.269647953234627,16.0,0.0,0.0,0.0,1818,65448,18,0.2,0.0,0.39050360396010936
B3,S6,10,5,49.54718133044652,0.17294687519146387,4.0,1.0003927550604772,1.4000000000000001,0.05033885585474744,0.45281866955347994,2.1263758002412216,5.0,1.0,0.26549638415134486,16.0,0.0,0.0,0.0,1818,65448,18,0.2,0.0,0.4204868712867489
B4,S6,10,5,49.54551263026241,0.1702285062683709,0.0,1.0003927550604772,1.4000000000000001,0.04979641836468379,0.45448736973759196,1.92489558167124,5.0,1.0,0.2686266975102543,16.0,0.0,0.0,-0.013303577464110594,1818,65448,18,0.2,0.0,0.41129116831629886
B5,S6,10,5,49.54533894808591,0.17008850882596357,0.0,1.0003927550604772,1.4000000000000001,0.04975093650556747,0.454661051914087,1.8996374527760926,5.0,1.0,0.2690452820404978,16.0,0.0,0.0,0.0,1818,65448,18,0.2,0.0,0.43677084158393836
P,S6,10,5,49.54551322808515,0.17034941893300432,0.0,1.0003927550604772,1.4000000000000001,0.04972336342675141,0.4544867719148513,1.928228272583731,5.0,1.0,0.2682622431083508,16.0,0.0,0.0,0.0,631,22716,18,1.0,0.0,0.463871366336396
B0,S7,10,5,49.11678786974664,0.4310175357114717,0.0,1.9338898704416405,7.0,0.0741792007804779,0.5623419323824166,5.215336789611479,5.0,0.0,0.38560279467542924,16.0,0.0,0.0,0.0,0,0,0,0.0,0.0,0.27007343564631325
B1,S7,10,5,49.546206220482794,0.17694267224536858,0.0,1.0003927550604772,1.4000000000000001,0.06251337519390873,0.45379377951720556,1.9974825686943667,4.199999999999999,1.0,0.28078578353466443,16.0,0.0,0.0,0.0,18180,654480,180,0.2,0.0,0.38327015841553086
B2,S7,10,5,49.544385391706705,0.1688858211667353,0.0,1.0003927550604772,1.4000000000000001,0.04961935441412599,0.45536964414760916,1.7651239982958018,4.0,1.0,0.269647953234627,16.0,0.0,0.0,0.0,1818,65448,18,0.2,0.0,0.5164496732693734
B3,S7,10,5,49.54718133044652,0.17294687519146387,4.0,1.0003927550604772,1.4000000000000001,0.05033885585474744,0.45281866955347994,2.1263758002412216,5.0,1.0,0.26549638415134486,16.0,0.0,0.0,0.0,1818,65448,18,0.2,0.0,0.41462608910793763
B4,S7,10,5,49.54551263026241,0.1702285062683709,0.0,1.0003927550604772,1.4000000000000001,0.04979641836468379,0.45448736973759196,1.92489558167124,5.0,1.0,0.2686266975102543,16.0,0.0,0.0,-0.013303577464110594,1818,65448,18,0.2,0.0,0.4148067425718398
B5,S7,10,5,49.54533894808591,0.17008850882596357,0.0,1.0003927550604772,1.4000000000000001,0.04975093650556747,0.454661051914087,1.8996374527760926,5.0,1.0,0.2690452820404978,16.0,0.0,0.0,0.0,1818,65448,18,0.2,0.0,0.6981128910888176
P,S7,10,5,49.54551322808515,0.17034941893300432,0.0,1.0003927550604772,1.4000000000000001,0.04972336342675141,0.4544867719148513,1.928228272583731,5.0,1.0,0.2682622431083508,16.0,0.0,0.0,0.0,631,22716,18,1.0,0.0,0.5756508118820151
B0,S1,11,5,49.065613232182116,0.4531547705448934,4.0,1.9338898704416405,7.0,0.07396767379343068,0.5882852693923724,5.481536310904408,5.0,0.0,0.3989340570042684,15.0,0.0,0.0,0.0,0,0,0,0.0,0.0,0.27940527722718556
B1,S1,11,5,49.51832933512359,0.1886140689503171,0.0,1.0003927550604772,1.4000000000000001,0.06006995439211559,0.47896618770221266,2.0785592722346253,4.199999999999999,1.0,0.2904665025706747,15.0,0.0,0.0,0.0,18180,654480,180,0.2,0.0,0.42934839603902325
B2,S1,11,5,49.51646774529058,0.18424304405450556,0.0,1.0003927550604772,1.4000000000000001,0.04901312214142624,0.48003754626324024,1.9307772599976682,5.0,1.0,0.28105902861217497,15.0,0.0,0.0,0.0,1818,65448,18,0.2,0.0,0.4003319405942105
B3,S1,11,5,49.51816290921301,0.18358840029601464,0.0,1.0003927550604772,1.4000000000000001,0.04902893819710265,0.47877306025488053,2.017106941582418,5.0,1.0,0.2778818227566543,15.0,0.0,0.0,0.0,1818,65448,18,0.2,0.0,0.39936681188091017
B4,S1,11,5,49.51841029703078,0.18374970463579465,0.0,1.0003927550604772,1.4000000000000001,0.0489605640510742,0.4785785360033614,2.0563401615577175,5.0,1.0,0.2776269039030382,15.0,0.0,0.0,-0.012544803309648023,1818,65448,18,0.2,0.0,0.41836586138958975
B5,S1,11,5,49.51847254933163,0.18375423411407177,0.0,1.0003927550604772,1.4000000000000001,0.04892604672529465,0.4785319559837191,2.0598731692412833,5.0,1.0,0.27750982294896265,15.0,0.0,0.0,0.0,1818,65448,18,0.2,0.0,0.44746553465410044
P,S1,11,5,49.51791718118935,0.18412675263785316,0.0,1.0003927550604772,1.4000000000000001,0.048839969925870495,0.4789854219966472,2.0614369024108097,5.0,1.0,0.27741838076044784,15.0,0.0,0.0,0.0,581,20916,18,1.0,0.0,0.47085720791866414
B0,S2,11,5,49.11678786974664,0.4310175357114717,0.0,1.9338898704416405,7.0,0.0741792007804779,0.5623419323824166,5.215336789611479,5.0,0.0,0.38560279467542924,16.0,0.0,0.0,0.0,0,0,0,0.0,0.0,0.2558073465344464
B1,S2,11,5,49.546233761369336,0.17686934822098346,0.0,1.0003927550604772,1.4000000000000001,0.06251370949320859,0.45376623863066357,1.9957961964020672,4.199999999999999,1.0,0.2807434518746446,16.0,0.0,0.0,0.0,18180,654480,180,0.2,0.0,0.4174328811843387
B2,S2,11,5,49.544479850786836,0.1687029711572685,0.0,1.0003927550604772,1.4000000000000001,0.04966901783908172,0.45528249292861034,1.7616323205652316,4.0,1.0,0.2698684126888745,16.0,0.0,0.0,0.0,1818,65448,18,0.2,0.0,0.40181247524544395
B3,S2,11,5,49.547418950721955,0.1730903791994981,4.0,1.0003927550604772,1.4000000000000001,0.050458843945767745,0.4525810492780451,2.134692304029191,5.0,1.0,0.26573678657197575,16.0,0.0,0.0,0.0,1818,65448,18,0.2,0.0,0.4146867722783559
B4,S2,11,5,49.54700957420584,0.17202506281446167,4.0,1.0003927550604772,1.4000000000000001,0.04976544792815456,0.4529904257941624,2.086008846133316,5.0,1.0,0.26613995448640165,16.0,0.0,0.0,-0.013690906200133246,1818,65448,18,0.2,0.0,0.4312824950496782
B5,S2,11,5,49.54686227003522,0.17171492881702669,4.0,1.0003927550604772,1.4000000000000001,0.04973885789316647,0.4531377299647801,2.0648069306359687,5.0,1.0,0.26648857538905113,16.0,0.0,0.0,0.0,1818,65448,18,0.2,0.0,0.43825118811834934
P,S2,11,5,49.546556312840835,0.17183312820871843,4.0,1.0003927550604772,1.4000000000000001,0.04959303929995689,0.45344368715916517,2.0749380707086855,5.0,1.0,0.2660177214485444,16.0,0.0,0.0,0.0,620,22320,18,1.0,0.0,0.4444563564362343
B0,S3,11,5,49.065613232182116,0.4531547705448934,4.0,1.9338898704416405,7.0,0.07396767379343068,0.5882852693923724,5.481536310904408,5.0,0.0,0.4022673903376018,15.0,0.0,0.0,0.0,0,0,0,0.0,0.0,0.2447657029688794
B1,S3,11,5,49.518621016660525,0.18820304902674553,0.0,1.0003927550604772,1.4000000000000001,0.060071087295011615,0.4787425464415094,2.072004436252705,4.199999999999999,1.0,0.29375739715901783,15.0,0.0,0.0,0.0,18180,654480,180,0.2,0.0,0.38160191088806666
B2,S3,11,5,49.51646588024396,0.18424375264062834,0.0,1.0003927550604772,1.4000000000000001,0.049012992031480095,0.48003969284949477,1.9307856225222146,5.0,1.0,0.28439260409661943,15.0,0.0,0.0,0.0,1818,65448,18,0.2,0.0,0.3724918811884089
B3,S3,11,5,49.51804470827414,0.18363387055637123,0.0,1.0003927550604772,1.4000000000000001,0.049008309630761165,0.4788614229242256,2.017248240198964,5.0,1.0,0.28123285312462787,15.0,0.0,0.0,0.0,1818,65448,18,0.2,0.0,0.3877513465367613
B4,S3,11,5,49.518330143599414,0.18377737953513523,0.0,1.0003927550604772,1.4000000000000001,0.04894696977350801,0.4786383169494641,2.0562068916817653,5.0,1.0,0.28097218138531566,15.0,0.0,0.0,-0.012544445731494824,1818,65448,18,0.2,0.0,0.4538032673267615
B5,S3,11,5,49.518392395891446,0.1837808376191459,0.0,1.0003927550604772,1.4000000000000001,0.048912229547384764,0.47859173693641566,2.0597413376931266,5.0,1.0,0.28085510043256107,15.0,0.0,0.0,0.0,1818,65448,18,0.2,0.0,0.43088803960188776
P,S3,11,5,49.51789393502706,0.1839193091673985,0.0,1.0003927550604772,1.4000000000000001,0.048808122682924684,0.47899690270929085,2.056654260226017,5.0,1.0,0.28075285124893323,15.0,0.0,0.0,0.0,578,20808,18,1.0,0.0,0.5600150693050574
B0,S4,11,5,49.065613232182116,0.4531547705448934,4.0,1.9338898704416405,7.0,0.07396767379343068,0.5882852693923724,5.481536310904408,5.0,0.0,0.3989340570042684,0.0,0.0,0.0,0.0,0,0,0,0.0,0.0,0.23574976237814374
B1,S4,11,5,49.51832933512359,0.1886140689503171,0.0,1.0003927550604772,1.4000000000000001,0.06006995439211559,0.47896618770221266,2.0785592722346253,4.199999999999999,1.0,0.2904665025706747,0.0,0.0,0.0,0.0,18180,654480,180,0.2,0.0,0.47632537623688015
B2,S4,11,5,49.51646774529058,0.18424304405450556,0.0,1.0003927550604772,1.4000000000000001,0.04901312214142624,0.48003754626324024,1.9307772599976682,5.0,1.0,0.28105902861217497,0.0,0.0,0.0,0.0,1818,65448,18,0.2,0.0,0.3953019603938115
B3,S4,11,5,49.51816290921301,0.18358840029601464,0.0,1.0003927550604772,1.4000000000000001,0.04902893819710265,0.47877306025488053,2.017106941582418,5.0,1.0,0.2778818227566543,0.0,0.0,0.0,0.0,1818,65448,18,0.2,0.0,0.3891734455455752
B4,S4,11,5,49.51841029703078,0.18374970463579465,0.0,1.0003927550604772,1.4000000000000001,0.0489605640510742,0.4785785360033614,2.0563401615577175,5.0,1.0,0.2776269039030382,0.0,0.0,0.0,-0.012544803309648023,1818,65448,18,0.2,0.0,0.4242178415822336
B5,S4,11,5,49.51847254933163,0.18375423411407177,0.0,1.0003927550604772,1.4000000000000001,0.04892604672529465,0.4785319559837191,2.0598731692412833,5.0,1.0,0.27750982294896265,0.0,0.0,0.0,0.0,1818,65448,18,0.2,0.0,0.5008717227727824
P,S4,11,5,49.51791718118935,0.18412675263785316,0.0,1.0003927550604772,1.4000000000000001,0.048839969925870495,0.4789854219966472,2.0614369024108097,5.0,1.0,0.27741838076044784,0.0,0.0,0.0,0.0,581,20916,18,1.0,0.0,0.43893428712613286
B0,S5,11,5,49.065613232182116,0.4531547705448934,4.0,1.9338898704416405,7.0,0.07396767379343068,0.5882852693923724,5.481536310904408,5.0,0.0,0.3989340570042684,15.0,0.0,0.0,0.0,0,0,0,0.0,0.0,0.24581754455494315
B1,S5,11,5,49.51832933512359,0.1886140689503171,0.0,1.0003927550604772,1.4000000000000001,0.06006995439211559,0.47896618770221266,2.0785592722346253,4.199999999999999,1.0,0.2904665025706747,15.0,0.0,0.0,0.0,18180,654480,180,0.2,0.0,0.38746593069242075
B2,S5,11,5,49.51646774529058,0.18424304405450556,0.0,1.0003927550604772,1.4000000000000001,0.04901312214142624,0.48003754626324024,1.9307772599976682,5.0,1.0,0.28105902861217497,15.0,0.0,0.0,0.0,1818,65448,18,0.2,0.0,0.3734439009898743
B3,S5,11,5,49.51816290921301,0.18358840029601464,0.0,1.0003927550604772,1.4000000000000001,0.04902893819710265,0.47877306025488053,2.017106941582418,5.0,1.0,0.2778818227566543,15.0,0.0,0.0,0.0,1818,65448,18,0.2,0.0,0.382740722769914
B4,S5,11,5,49.51841029703078,0.18374970463579465,0.0,1.0003927550604772,1.4000000000000001,0.0489605640510742,0.4785785360033614,2.0563401615577175,5.0,1.0,0.2776269039030382,15.0,0.0,0.0,-0.012544803309648023,1818,65448,18,0.2,0.0,0.43062626732850307
B5,S5,11,5,49.51847254933163,0.18375423411407177,0.0,1.0003927550604772,1.4000000000000001,0.04892604672529465,0.4785319559837191,2.0598731692412833,5.0,1.0,0.27750982294896265,15.0,0.0,0.0,0.0,1818,65448,18,0.2,0.0,0.4341052475244243
P,S5,11,5,49.51791718118935,0.18412675263785316,0.0,1.0003927550604772,1.4000000000000001,0.048839969925870495,0.4789854219966472,2.0614369024108097,5.0,1.0,0.27741838076044784,15.0,0.0,0.0,0.0,581,20916,18,1.0,0.0,0.4678210297026795
B0,S6,11,5,49.11678786974664,0.4310175357114717,0.0,1.9338898704416405,7.0,0.0741792007804779,0.5623419323824166,5.215336789611479,5.0,0.0,0.38560279467542924,16.0,0.0,0.0,0.0,0,0,0,0.0,0.0,0.28882300000194583
B1,S6,11,5,49.546233761369336,0.17686934822098346,0.0,1.0003927550604772,1.4000000000000001,0.06251370949320859,0.45376623863066357,1.9957961964020672,4.199999999999999,1.0,0.2807434518746446,16.0,0.0,0.0,0.0,18180,654480,180,0.2,0.0,0.4160806831692969
B2,S6,11,5,49.544479850786836,0.1687029711572685,0.0,1.0003927550604772,1.4000000000000001,0.04966901783908172,0.45528249292861034,1.7616323205652316,4.0,1.0,0.2698684126888745,16.0,0.0,0.0,0.0,1818,65448,18,0.2,0.0,0.4309465544558929
B3,S6,11,5,49.547418950721955,0.1730903791994981,4.0,1.0003927550604772,1.4000000000000001,0.050458843945767745,0.4525810492780451,2.134692304029191,5.0,1.0,0.26573678657197575,16.0,0.0,0.0,0.0,1818,65448,18,0.2,0.0,0.39682631683204495
B4,S6,11,5,49.54700957420584,0.17202506281446167,4.0,1.0003927550604772,1.4000000000000001,0.04976544792815456,0.4529904257941624,2.086008846133316,5.0,1.0,0.26613995448640165,16.0,0.0,0.0,-0.013690906200133246,1818,65448,18,0.2,0.0,0.44033788118654366
B5,S6,11,5,49.54686227003522,0.17171492881702669,4.0,1.0003927550604772,1.4000000000000001,0.04973885789316647,0.4531377299647801,2.0648069306359687,5.0,1.0,0.26648857538905113,16.0,0.0,0.0,0.0,1818,65448,18,0.2,0.0,0.4497667821779753
P,S6,11,5,49.546556312840835,0.17183312820871843,4.0,1.0003927550604772,1.4000000000000001,0.04959303929995689,0.45344368715916517,2.0749380707086855,5.0,1.0,0.2660177214485444,16.0,0.0,0.0,0.0,620,22320,18,1.0,0.0,0.45697226732504487
B0,S7,11,5,49.11678786974664,0.4310175357114717,0.0,1.9338898704416405,7.0,0.0741792007804779,0.5623419323824166,5.215336789611479,5.0,0.0,0.38560279467542924,16.0,0.0,0.0,0.0,0,0,0,0.0,0.0,0.26270944554558845
B1,S7,11,5,49.546233761369336,0.17686934822098346,0.0,1.0003927550604772,1.4000000000000001,0.06251370949320859,0.45376623863066357,1.9957961964020672,4.199999999999999,1.0,0.2807434518746446,16.0,0.0,0.0,0.0,18180,654480,180,0.2,0.0,0.4015659207904926
B2,S7,11,5,49.544479850786836,0.1687029711572685,0.0,1.0003927550604772,1.4000000000000001,0.04966901783908172,0.45528249292861034,1.7616323205652316,4.0,1.0,0.2698684126888745,16.0,0.0,0.0,0.0,1818,65448,18,0.2,0.0,0.39342249504956595
B3,S7,11,5,49.547418950721955,0.1730903791994981,4.0,1.0003927550604772,1.4000000000000001,0.050458843945767745,0.4525810492780451,2.134692304029191,5.0,1.0,0.26573678657197575,16.0,0.0,0.0,0.0,1818,65448,18,0.2,0.0,0.40741488119057956
B4,S7,11,5,49.54700957420584,0.17202506281446167,4.0,1.0003927550604772,1.4000000000000001,0.04976544792815456,0.4529904257941624,2.086008846133316,5.0,1.0,0.26613995448640165,16.0,0.0,0.0,-0.013690906200133246,1818,65448,18,0.2,0.0,0.48848441583956653
B5,S7,11,5,49.54686227003522,0.17171492881702669,4.0,1.0003927550604772,1.4000000000000001,0.04973885789316647,0.4531377299647801,2.0648069306359687,5.0,1.0,0.26648857538905113,16.0,0.0,0.0,0.0,1818,65448,18,0.2,0.0,0.44333643564182285
P,S7,11,5,49.546556312840835,0.17183312820871843,4.0,1.0003927550604772,1.4000000000000001,0.04959303929995689,0.45344368715916517,2.0749380707086855,5.0,1.0,0.2660177214485444,16.0,0.0,0.0,0.0,620,22320,18,1.0,0.0,0.45246252475318205
B0,S1,12,5,49.065613232182116,0.4531547705448934,4.0,1.9338898704416405,7.0,0.07396767379343068,0.5882852693923724,5.481536310904408,5.0,0.0,0.3989340570042684,15.0,0.0,0.0,0.0,0,0,0,0.0,0.0,0.23315963366402154
B1,S1,12,5,49.5183264991293,0.1886534324938068,0.0,1.0003927550604772,1.4000000000000001,0.060067321710880764,0.47896846399534354,2.0792165033358607,4.199999999999999,1.0,0.29047091134077907,15.0,0.0,0.0,0.0,18180,654480,180,0.2,0.0,0.41029525742613815
B2,S1,12,5,49.51640672061258,0.18424361211659276,0.0,1.0003927550604772,1.4000000000000001,0.04885777362935839,0.48004852100317663,1.9292082352779372,5.0,1.0,0.2802300100155974,15.0,0.0,0.0,0.0,1818,65448,18,0.2,0.0,0.3791030792061713
B3,S1,12,5,49.51830211006492,0.18353910171123636,0.0,1.0003927550604772,1.4000000000000001,0.048968456814201373,0.4786240278935807,2.02027442156031,5.0,1.0,0.2770095934851348,15.0,0.0,0.0,0.0,1818,65448,18,0.2,0.0,0.41375417821663996
B4,S1,12,5,49.51701952528677,0.18347343957033707,0.0,1.0003927550604772,1.4000000000000001,0.048879955425149085,0.47957770785742326,1.9098379545514181,5.0,1.0,0.27939777406357896,15.0,0.0,0.0,-0.012920969524727766,1818,65448,18,0.2,0.0,0.40690497029806855
B5,S1,12,5,49.51703157697095,0.18343475915688975,0.0,1.0003927550604772,1.4000000000000001,0.04883843676533409,0.4795686902359364,1.9088614333549934,5.0,1.0,0.27936730376147295,15.0,0.0,0.0,0.0,1818,65448,18,0.2,0.0,0.4302609207899319
P,S1,12,5,49.51664752265473,0.1836758980809409,0.0,1.0003927550604772,1.4000000000000001,0.04890343494316172,0.47986731431078056,1.9085357429634264,5.0,1.0,0.2801098810829813,15.0,0.0,0.0,0.0,611,21996,18,1.0,0.0,0.41326518812008484
B0,S2,12,5,49.11678786974664,0.4310175357114717,0.0,1.9338898704416405,7.0,0.0741792007804779,0.5623419323824166,5.215336789611479,5.0,0.0,0.38560279467542924,16.0,0.0,0.0,0.0,0,0,0,0.0,0.0,0.25916845544259665
B1,S2,12,5,49.54623148507622,0.17690186311188227,0.0,1.0003927550604772,1.4000000000000001,0.06251542753910602,0.45376851492378023,1.996285278727318,4.199999999999999,1.0,0.28074779538468503,16.0,0.0,0.0,0.0,18180,654480,180,0.2,0.0,0.3795656633667364
B2,S2,12,5,49.54441530850042,0.16873076600083067,0.0,1.0003927550604772,1.4000000000000001,0.04941758953020023,0.45529714030497814,1.7646065020646702,4.0,1.0,0.2690409765276359,16.0,0.0,0.0,0.0,1818,65448,18,0.2,0.0,0.38226429702749243
B3,S2,12,5,49.547498955446045,0.1732486908892296,4.0,1.0003927550604772,1.4000000000000001,0.0501995765425479,0.452501044553955,2.1411938935381736,5.0,1.0,0.2649652537626876,16.0,0.0,0.0,0.0,1818,65448,18,0.2,0.0,0.3976920990077482
B4,S2,12,5,49.54607446855515,0.17023508747355506,0.0,1.0003927550604772,1.4000000000000001,0.049670871615735156,0.4539255314448525,1.9487771202667086,5.0,1.0,0.267696416504311,16.0,0.0,0.0,-0.013796448857848254,1818,65448,18,0.2,0.0,0.4310109603952381
B5,S2,12,5,49.545985208141346,0.1701045321476267,0.0,1.0003927550604772,1.4000000000000001,0.04963296052051962,0.4540147918586541,1.9328515967175945,5.0,1.0,0.26788411074239354,16.0,0.0,0.0,0.0,1818,65448,18,0.2,0.0,0.45624936633475505
P,S2,12,5,49.54579877260312,0.1704861391690616,0.0,1.0003927550604772,1.4000000000000001,0.049661808403253294,0.4542012273968794,1.9382522063662007,5.0,1.0,0.26808008177022674,16.0,0.0,0.0,0.0,653,23508,18,1.0,0.0,0.6149515940597837
B0,S3,12,5,49.065613232182116,0.4531547705448934,4.0,1.9338898704416405,7.0,0.07396767379343068,0.5882852693923724,5.481536310904408,5.0,0.0,0.4022673903376018,15.0,0.0,0.0,0.0,0,0,0,0.0,0.0,0.23042326732381596
B1,S3,12,5,49.51861818066626,0.188242336892299,0.0,1.0003927550604772,1.4000000000000001,0.06006845633572392,0.47874482273461894,2.0726616540353353,4.199999999999999,1.0,0.2937618059291228,15.0,0.0,0.0,0.0,18180,654480,180,0.2,0.0,0.4848337227693012
B2,S3,12,5,49.516407892082924,0.18424324141422044,0.0,1.0003927550604772,1.4000000000000001,0.04885783024445514,0.4800474972470923,1.9292041210591142,5.0,1.0,0.2835632461864454,15.0,0.0,0.0,0.0,1818,65448,18,0.2,0.0,0.41204115841717814
B3,S3,12,5,49.518260316275814,0.18355473206315306,0.0,1.0003927550604772,1.4000000000000001,0.04896120015602543,0.47865521375423015,2.020177454734857,5.0,1.0,0.28034919447563156,15.0,0.0,0.0,0.0,1818,65448,18,0.2,0.0,0.41798173267332206
B4,S3,12,5,49.51701965567659,0.18347335425930447,0.0,1.0003927550604772,1.4000000000000001,0.048879993360976544,0.4795776624410095,1.9098378955769284,5.0,1.0,0.28273108215781817,15.0,0.0,0.0,-0.012920966616883134,1818,65448,18,0.2,0.0,0.4512148118802804
B5,S3,12,5,49.51703170735366,0.1834346771719871,0.0,1.0003927550604772,1.4000000000000001,0.04883848000515503,0.4795686448248375,1.908861384252371,5.0,1.0,0.2827006118567724,15.0,0.0,0.0,0.0,1818,65448,18,0.2,0.0,0.4032263366320651
P,S3,12,5,49.515949672950356,0.18411645675132376,0.0,1.0003927550604772,1.4000000000000001,0.04876474835625763,0.4804034999886895,1.9107103405726669,5.0,1.0,0.2835467354483373,15.0,0.0,0.0,0.0,611,21996,18,1.0,0.0,0.39532070296796645
B0,S4,12,5,49.065613232182116,0.4531547705448934,4.0,1.9338898704416405,7.0,0.07396767379343068,0.5882852693923724,5.481536310904408,5.0,0.0,0.3989340570042684,0.0,0.0,0.0,0.0,0,0,0,0.0,0.0,0.22957376237929278
B1,S4,12,5,49.5183264991293,0.1886534324938068,0.0,1.0003927550604772,1.4000000000000001,0.060067321710880764,0.47896846399534354,2.0792165033358607,4.199999999999999,1.0,0.29047091134077907,0.0,0.0,0.0,0.0,18180,654480,180,0.2,0.0,0.38009745544558887
B2,S4,12,5,49.51640672061258,0.18424361211659276,0.0,1.0003927550604772,1.4000000000000001,0.04885777362935839,0.48004852100317663,1.9292082352779372,5.0,1.0,0.2802300100155974,0.0,0.0,0.0,0.0,1818,65448,18,0.2,0.0,0.39628541583957794
B3,S4,12,5,49.51830211006492,0.18353910171123636,0.0,1.0003927550604772,1.4000000000000001,0.048968456814201373,0.4786240278935807,2.02027442156031,5.0,1.0,0.2770095934851348,0.0,0.0,0.0,0.0,1818,65448,18,0.2,0.0,0.4121534059390121
B4,S4,12,5,49.51701952528677,0.18347343957033707,0.0,1.0003927550604772,1.4000000000000001,0.048879955425149085,0.47957770785742326,1.9098379545514181,5.0,1.0,0.27939777406357896,0.0,0.0,0.0,-0.012920969524727766,1818,65448,18,0.2,0.0,0.4259000594075668
B5,S4,12,5,49.51703157697095,0.18343475915688975,0.0,1.0003927550604772,1.4000000000000001,0.04883843676533409,0.4795686902359364,1.9088614333549934,5.0,1.0,0.27936730376147295,0.0,0.0,0.0,0.0,1818,65448,18,0.2,0.0,0.4321674653438815
P,S4,12,5,49.51664752265473,0.1836758980809409,0.0,1.0003927550604772,1.4000000000000001,0.04890343494316172,0.47986731431078056,1.9085357429634264,5.0,1.0,0.2801098810829813,0.0,0.0,0.0,0.0,611,21996,18,1.0,0.0,0.49539272277338614
B0,S5,12,5,49.065613232182116,0.4531547705448934,4.0,1.9338898704416405,7.0,0.07396767379343068,0.5882852693923724,5.481536310904408,5.0,0.0,0.3989340570042684,15.0,0.0,0.0,0.0,0,0,0,0.0,0.0,0.23388939603992726
B1,S5,12,5,49.5183264991293,0.1886534324938068,0.0,1.0003927550604772,1.4000000000000001,0.060067321710880764,0.47896846399534354,2.0792165033358607,4.199999999999999,1.0,0.29047091134077907,15.0,0.0,0.0,0.0,18180,654480,180,0.2,0.0,0.3807950495071721
B2,S5,12,5,49.51640672061258,0.18424361211659276,0.0,1.0003927550604772,1.4000000000000001,0.04885777362935839,0.48004852100317663,1.9292082352779372,5.0,1.0,0.2802300100155974,15.0,0.0,0.0,0.0,1818,65448,18,0.2,0.0,0.3862378415859813
B3,S5,12,5,49.51830211006492,0.18353910171123636,0.0,1.0003927550604772,1.4000000000000001,0.048968456814201373,0.4786240278935807,2.02027442156031,5.0,1.0,0.2770095934851348,15.0,0.0,0.0,0.0,1818,65448,18,0.2,0.0,0.383543366337612
B4,S5,12,5,49.51701952528677,0.18347343957033707,0.0,1.0003927550604772,1.4000000000000001,0.048879955425149085,0.47957770785742326,1.9098379545514181,5.0,1.0,0.27939777406357896,15.0,0.0,0.0,-0.012920969524727766,1818,65448,18,0.2,0.0,0.4116418415851333
B5,S5,12,5,49.51703157697095,0.18343475915688975,0.0,1.0003927550604772,1.4000000000000001,0.04883843676533409,0.4795686902359364,1.9088614333549934,5.0,1.0,0.27936730376147295,15.0,0.0,0.0,0.0,1818,65448,18,0.2,0.0,0.4374544851494233
P,S5,12,5,49.51664752265473,0.1836758980809409,0.0,1.0003927550604772,1.4000000000000001,0.04890343494316172,0.47986731431078056,1.9085357429634264,5.0,1.0,0.2801098810829813,15.0,0.0,0.0,0.0,611,21996,18,1.0,0.0,0.4142896138618387
B0,S6,12,5,49.11678786974664,0.4310175357114717,0.0,1.9338898704416405,7.0,0.0741792007804779,0.5623419323824166,5.215336789611479,5.0,0.0,0.38560279467542924,16.0,0.0,0.0,0.0,0,0,0,0.0,0.0,0.24568597029771116
B1,S6,12,5,49.54623148507622,0.17690186311188227,0.0,1.0003927550604772,1.4000000000000001,0.06251542753910602,0.45376851492378023,1.996285278727318,4.199999999999999,1.0,0.28074779538468503,16.0,0.0,0.0,0.0,18180,654480,180,0.2,0.0,0.41673648515240014
B2,S6,12,5,49.54441530850042,0.16873076600083067,0.0,1.0003927550604772,1.4000000000000001,0.04941758953020023,0.45529714030497814,1.7646065020646702,4.0,1.0,0.2690409765276359,16.0,0.0,0.0,0.0,1818,65448,18,0.2,0.0,0.43308440593920194
B3,S6,12,5,49.547498955446045,0.1732486908892296,4.0,1.0003927550604772,1.4000000000000001,0.0501995765425479,0.452501044553955,2.1411938935381736,5.0,1.0,0.2649652537626876,16.0,0.0,0.0,0.0,1818,65448,18,0.2,0.0,0.41942133663210956
B4,S6,12,5,49.54607446855515,0.17023508747355506,0.0,1.0003927550604772,1.4000000000000001,0.049670871615735156,0.4539255314448525,1.9487771202667086,5.0,1.0,0.267696416504311,16.0,0.0,0.0,-0.013796448857848254,1818,65448,18,0.2,0.0,0.4728194059392234
B5,S6,12,5,49.545985208141346,0.1701045321476267,0.0,1.0003927550604772,1.4000000000000001,0.04963296052051962,0.4540147918586541,1.9328515967175945,5.0,1.0,0.26788411074239354,16.0,0.0,0.0,0.0,1818,65448,18,0.2,0.0,0.44830337623406563
P,S6,12,5,49.54579877260312,0.1704861391690616,0.0,1.0003927550604772,1.4000000000000001,0.049661808403253294,0.4542012273968794,1.9382522063662007,5.0,1.0,0.26808008177022674,16.0,0.0,0.0,0.0,653,23508,18,1.0,0.0,0.42992566336624355
B0,S7,12,5,49.11678786974664,0.4310175357114717,0.0,1.9338898704416405,7.0,0.0741792007804779,0.5623419323824166,5.215336789611479,5.0,0.0,0.38560279467542924,16.0,0.0,0.0,0.0,0,0,0,0.0,0.0,0.24652724752542943
B1,S7,12,5,49.54623148507622,0.17690186311188227,0.0,1.0003927550604772,1.4000000000000001,0.06251542753910602,0.45376851492378023,1.996285278727318,4.199999999999999,1.0,0.28074779538468503,16.0,0.0,0.0,0.0,18180,654480,180,0.2,0.0,0.3767507524787674
B2,S7,12,5,49.54441530850042,0.16873076600083067,0.0,1.0003927550604772,1.4000000000000001,0.04941758953020023,0.45529714030497814,1.7646065020646702,4.0,1.0,0.2690409765276359,16.0,0.0,0.0,0.0,1818,65448,18,0.2,0.0,0.40245555445574493
B3,S7,12,5,49.547498955446045,0.1732486908892296,4.0,1.0003927550604772,1.4000000000000001,0.0501995765425479,0.452501044553955,2.1411938935381736,5.0,1.0,0.2649652537626876,16.0,0.0,0.0,0.0,1818,65448,18,0.2,0.0,0.3937601287127631
B4,S7,12,5,49.54607446855515,0.17023508747355506,0.0,1.0003927550604772,1.4000000000000001,0.049670871615735156,0.4539255314448525,1.9487771202667086,5.0,1.0,0.267696416504311,16.0,0.0,0.0,-0.013796448857848254,1818,65448,18,0.2,0.0,0.41685440594009565
B5,S7,12,5,49.545985208141346,0.1701045321476267,0.0,1.0003927550604772,1.4000000000000001,0.04963296052051962,0.4540147918586541,1.9328515967175945,5.0,1.0,0.26788411074239354,16.0,0.0,0.0,0.0,1818,65448,18,0.2,0.0,0.42699865346521887
P,S7,12,5,49.54579877260312,0.1704861391690616,0.0,1.0003927550604772,1.4000000000000001,0.049661808403253294,0.4542012273968794,1.9382522063662007,5.0,1.0,0.26808008177022674,16.0,0.0,0.0,0.0,653,23508,18,1.0,0.0,0.4164230693070092
B0,S1,13,5,49.065613232182116,0.4531547705448934,4.0,1.9338898704416405,7.0,0.07396767379343068,0.5882852693923724,5.481536310904408,5.0,0.0,0.3989340570042684,15.0,0.0,0.0,0.0,0,0,0,0.0,0.0,0.2383974455423782
B1,S1,13,5,49.518270010497766,0.1886342932250592,0.0,1.0003927550604772,1.4000000000000001,0.06004689519717033,0.47900812540996895,2.0776715671361696,4.199999999999999,1.0,0.2904095171617371,15.0,0.0,0.0,0.0,18180,654480,180,0.2,0.0,0.40349355445544977
B2,S1,13,5,49.51635827498695,0.18429834327526087,0.0,1.0003927550604772,1.4000000000000001,0.04889882409622568,0.4801132276573483,1.9317096036171613,5.0,1.0,0.28037012514509885,15.0,0.0,0.0,0.0,1818,65448,18,0.2,0.0,0.423305089110961
B3,S1,13,5,49.517946350004735,0.18361525249361027,0.0,1.0003927550604772,1.4000000000000001,0.048958394521833065,0.4789309684111416,2.0150234901452078,5.0,1.0,0.2771009853534789,15.0,0.0,0.0,0.0,1818,65448,18,0.2,0.0,0.40415345544562736
B4,S1,13,5,49.51825685430944,0.18385003021515098,0.0,1.0003927550604772,1.4000000000000001,0.048850062179452466,0.4786971549532737,2.0653438994515656,5.0,1.0,0.27657687900989875,15.0,0.0,0.0,-0.013351387654733093,1818,65448,18,0.2,0.0,0.4114950792121241
B5,S1,13,5,49.51831308182347,0.1838630350454307,0.0,1.0003927550604772,1.4000000000000001,0.04881369002228948,0.47865508295475934,2.0695302229553243,5.0,1.0,0.2765045034099879,15.0,0.0,0.0,0.0,1818,65448,18,0.2,0.0,0.421173178217419
P,S1,13,5,49.519150718417855,0.1838041082972078,0.0,1.0003927550604772,1.4000000000000001,0.04894518205445251,0.47798051449872503,2.0836700189369917,5.0,1.0,0.27613408482269464,15.0,0.0,0.0,0.0,623,22428,18,1.0,0.0,0.3891187029694265
B0,S2,13,5,49.11678786974664,0.4310175357114717,0.0,1.9338898704416405,7.0,0.0741792007804779,0.5623419323824166,5.215336789611479,5.0,0.0,0.38560279467542924,16.0,0.0,0.0,0.0,0,0,0,0.0,0.0,0.24183469306963432
B1,S2,13,5,49.54619182366156,0.17689322839646798,0.0,1.0003927550604772,1.4000000000000001,0.06248812747164845,0.45380817633844117,1.9951836039199227,4.199999999999999,1.0,0.2806813723622064,16.0,0.0,0.0,0.0,18180,654480,180,0.2,0.0,0.37511003960623773
B2,S2,13,5,49.54438844921915,0.1687867380103774,0.0,1.0003927550604772,1.4000000000000001,0.04946357136238075,0.45533930926157495,1.7661252915965164,4.0,1.0,0.2692379031346216,16.0,0.0,0.0,0.0,1818,65448,18,0.2,0.0,0.37407224752512613
B3,S2,13,5,49.547167949018466,0.17317723891659575,4.0,1.0003927550604772,1.4000000000000001,0.050189042971051694,0.45283205098153445,2.136436283137852,5.0,1.0,0.2651280175522565,16.0,0.0,0.0,0.0,1818,65448,18,0.2,0.0,0.3902748019772664
B4,S2,13,5,49.54713634476921,0.1729425475345612,4.0,1.0003927550604772,1.4000000000000001,0.04958285706544884,0.45286365523079297,2.130915674998259,5.0,1.0,0.26481891738107965,16.0,0.0,0.0,-0.01433180838351411,1818,65448,18,0.2,0.0,0.41219682178070616
B5,S2,13,5,49.54693385853092,0.17250498185934987,4.0,1.0003927550604772,1.4000000000000001,0.04954805106709237,0.45306614146907975,2.1063336846344294,5.0,1.0,0.2651835437972095,16.0,0.0,0.0,0.0,1818,65448,18,0.2,0.0,0.4324544653478946
P,S2,13,5,49.54762725178908,0.17313332953326244,4.0,1.0003927550604772,1.4000000000000001,0.04958290325783965,0.45237274821091944,2.1383101746995914,5.0,1.0,0.26446233652883777,16.0,0.0,0.0,0.0,644,23184,18,1.0,0.0,0.4290468712875592
B0,S3,13,5,49.065613232182116,0.4531547705448934,4.0,1.9338898704416405,7.0,0.07396767379343068,0.5882852693923724,5.481536310904408,5.0,0.0,0.4022673903376018,15.0,0.0,0.0,0.0,0,0,0,0.0,0.0,0.2266188811887278
B1,S3,13,5,49.51856169203468,0.1882230941384209,0.0,1.0003927550604772,1.4000000000000001,0.060048040620002,0.47878448414927277,2.0711167782404503,4.199999999999999,1.0,0.29370041175008005,15.0,0.0,0.0,0.0,18180,654480,180,0.2,0.0,0.3715262475254511
B2,S3,13,5,49.51635640994033,0.18429902566219783,0.0,1.0003927550604772,1.4000000000000001,0.04889869796915314,0.4801153742435815,1.9317174575821405,5.0,1.0,0.28370370062954386,15.0,0.0,0.0,0.0,1818,65448,18,0.2,0.0,0.36320226732947625
B3,S3,13,5,49.51806979673237,0.1835692778342313,0.0,1.0003927550604772,1.4000000000000001,0.0489800195470338,0.478838608177675,2.0149334259592546,5.0,1.0,0.28041583914126766,15.0,0.0,0.0,0.0,1818,65448,18,0.2,0.0,0.3719489702981975
B4,S3,13,5,49.518335242712524,0.18382389430996685,0.0,1.0003927550604772,1.4000000000000001,0.04886432815125321,0.4786385313178343,2.0655418519744755,5.0,1.0,0.27989848610761403,15.0,0.0,0.0,-0.013351381982862787,1818,65448,18,0.2,0.0,0.39895674257476826
B5,S3,13,5,49.5183914702309,0.18383796584468828,0.0,1.0003927550604772,1.4000000000000001,0.048829175808909595,0.47859645931607986,2.069719694495133,5.0,1.0,0.27982611050705686,15.0,0.0,0.0,0.0,1818,65448,18,0.2,0.0,0.4141780197984406
P,S3,13,5,49.51935425961197,0.18374578369588487,0.0,1.0003927550604772,1.4000000000000001,0.0490138382847229,0.47785540749713107,2.0843246613893602,5.0,1.0,0.2794309337657214,15.0,0.0,0.0,0.0,600,21600,18,1.0,0.0,0.4076711188104983
B0,S4,13,5,49.065613232182116,0.4531547705448934,4.0,1.9338898704416405,7.0,0.07396767379343068,0.5882852693923724,5.481536310904408,5.0,0.0,0.3989340570042684,0.0,0.0,0.0,0.0,0,0,0,0.0,0.0,0.2477559603966535
B1,S4,13,5,49.518270010497766,0.1886342932250592,0.0,1.0003927550604772,1.4000000000000001,0.06004689519717033,0.47900812540996895,2.0776715671361696,4.199999999999999,1.0,0.2904095171617371,0.0,0.0,0.0,0.0,18180,654480,180,0.2,0.0,0.3796615346530389
B2,S4,13,5,49.51635827498695,0.18429834327526087,0.0,1.0003927550604772,1.4000000000000001,0.04889882409622568,0.4801132276573483,1.9317096036171613,5.0,1.0,0.28037012514509885,0.0,0.0,0.0,0.0,1818,65448,18,0.2,0.0,0.35966498019814314
B3,S4,13,5,49.517946350004735,0.18361525249361027,0.0,1.0003927550604772,1.4000000000000001,0.048958394521833065,0.4789309684111416,2.0150234901452078,5.0,1.0,0.2771009853534789,0.0,0.0,0.0,0.0,1818,65448,18,0.2,0.0,0.39872410890875654
B4,S4,13,5,49.51825685430944,0.18385003021515098,0.0,1.0003927550604772,1.4000000000000001,0.048850062179452466,0.4786971549532737,2.0653438994515656,5.0,1.0,0.27657687900989875,0.0,0.0,0.0,-0.013351387654733093,1818,65448,18,0.2,0.0,0.44046807920719877
B5,S4,13,5,49.51831308182347,0.1838630350454307,0.0,1.0003927550604772,1.4000000000000001,0.04881369002228948,0.47865508295475934,2.0695302229553243,5.0,1.0,0.2765045034099879,0.0,0.0,0.0,0.0,1818,65448,18,0.2,0.0,0.421181891086613
P,S4,13,5,49.519150718417855,0.1838041082972078,0.0,1.0003927550604772,1.4000000000000001,0.04894518205445251,0.47798051449872503,2.0836700189369917,5.0,1.0,0.27613408482269464,0.0,0.0,0.0,0.0,623,22428,18,1.0,0.0,0.42103811880800696
B0,S5,13,5,49.065613232182116,0.4531547705448934,4.0,1.9338898704416405,7.0,0.07396767379343068,0.5882852693923724,5.481536310904408,5.0,0.0,0.3989340570042684,15.0,0.0,0.0,0.0,0,0,0,0.0,0.0,0.2401197425705063
B1,S5,13,5,49.518270010497766,0.1886342932250592,0.0,1.0003927550604772,1.4000000000000001,0.06004689519717033,0.47900812540996895,2.0776715671361696,4.199999999999999,1.0,0.2904095171617371,15.0,0.0,0.0,0.0,18180,654480,180,0.2,0.0,0.4028066831653074
B2,S5,13,5,49.51635827498695,0.18429834327526087,0.0,1.0003927550604772,1.4000000000000001,0.04889882409622568,0.4801132276573483,1.9317096036171613,5.0,1.0,0.28037012514509885,15.0,0.0,0.0,0.0,1818,65448,18,0.2,0.0,0.3746975445561601
B3,S5,13,5,49.517946350004735,0.18361525249361027,0.0,1.0003927550604772,1.4000000000000001,0.048958394521833065,0.4789309684111416,2.0150234901452078,5.0,1.0,0.2771009853534789,15.0,0.0,0.0,0.0,1818,65448,18,0.2,0.0,0.4052196039596635
B4,S5,13,5,49.51825685430944,0.18385003021515098,0.0,1.0003927550604772,1.4000000000000001,0.048850062179452466,0.4786971549532737,2.0653438994515656,5.0,1.0,0.27657687900989875,15.0,0.0,0.0,-0.013351387654733093,1818,65448,18,0.2,0.0,0.4216196831690143
B5,S5,13,5,49.51831308182347,0.1838630350454307,0.0,1.0003927550604772,1.4000000000000001,0.04881369002228948,0.47865508295475934,2.0695302229553243,5.0,1.0,0.2765045034099879,15.0,0.0,0.0,0.0,1818,65448,18,0.2,0.0,0.4398478415826296
P,S5,13,5,49.519150718417855,0.1838041082972078,0.0,1.0003927550604772,1.4000000000000001,0.04894518205445251,0.47798051449872503,2.0836700189369917,5.0,1.0,0.27613408482269464,15.0,0.0,0.0,0.0,623,22428,18,1.0,0.0,0.44310660396239665
B0,S6,13,5,49.11678786974664,0.4310175357114717,0.0,1.9338898704416405,7.0,0.0741792007804779,0.5623419323824166,5.215336789611479,5.0,0.0,0.38560279467542924,16.0,0.0,0.0,0.0,0,0,0,0.0,0.0,0.24351334653570436
B1,S6,13,5,49.54619182366156,0.17689322839646798,0.0,1.0003927550604772,1.4000000000000001,0.06248812747164845,0.45380817633844117,1.9951836039199227,4.199999999999999,1.0,0.2806813723622064,16.0,0.0,0.0,0.0,18180,654480,180,0.2,0.0,0.38229737623677834
B2,S6,13,5,49.54438844921915,0.1687867380103774,0.0,1.0003927550604772,1.4000000000000001,0.04946357136238075,0.45533930926157495,1.7661252915965164,4.0,1.0,0.2692379031346216,16.0,0.0,0.0,0.0,1818,65448,18,0.2,0.0,0.3938522475274824
B3,S6,13,5,49.547167949018466,0.17317723891659575,4.0,1.0003927550604772,1.4000000000000001,0.050189042971051694,0.45283205098153445,2.136436283137852,5.0,1.0,0.2651280175522565,16.0,0.0,0.0,0.0,1818,65448,18,0.2,0.0,0.3930546138573197
B4,S6,13,5,49.54713634476921,0.1729425475345612,4.0,1.0003927550604772,1.4000000000000001,0.04958285706544884,0.45286365523079297,2.130915674998259,5.0,1.0,0.26481891738107965,16.0,0.0,0.0,-0.01433180838351411,1818,65448,18,0.2,0.0,0.4303322673264786
B5,S6,13,5,49.54693385853092,0.17250498185934987,4.0,1.0003927550604772,1.4000000000000001,0.04954805106709237,0.45306614146907975,2.1063336846344294,5.0,1.0,0.2651835437972095,16.0,0.0,0.0,0.0,1818,65448,18,0.2,0.0,0.4273018712860948
P,S6,13,5,49.54762725178908,0.17313332953326244,4.0,1.0003927550604772,1.4000000000000001,0.04958290325783965,0.45237274821091944,2.1383101746995914,5.0,1.0,0.26446233652883777,16.0,0.0,0.0,0.0,644,23184,18,1.0,0.0,0.42358263366136584
B0,S7,13,5,49.11678786974664,0.4310175357114717,0.0,1.9338898704416405,7.0,0.0741792007804779,0.5623419323824166,5.215336789611479,5.0,0.0,0.38560279467542924,16.0,0.0,0.0,0.0,0,0,0,0.0,0.0,0.25020974257275536
B1,S7,13,5,49.54619182366156,0.17689322839646798,0.0,1.0003927550604772,1.4000000000000001,0.06248812747164845,0.45380817633844117,1.9951836039199227,4.199999999999999,1.0,0.2806813723622064,16.0,0.0,0.0,0.0,18180,654480,180,0.2,0.0,0.3847162475217869
B2,S7,13,5,49.54438844921915,0.1687867380103774,0.0,1.0003927550604772,1.4000000000000001,0.04946357136238075,0.45533930926157495,1.7661252915965164,4.0,1.0,0.2692379031346216,16.0,0.0,0.0,0.0,1818,65448,18,0.2,0.0,0.393686455445637
B3,S7,13,5,49.547167949018466,0.17317723891659575,4.0,1.0003927550604772,1.4000000000000001,0.050189042971051694,0.45283205098153445,2.136436283137852,5.0,1.0,0.2651280175522565,16.0,0.0,0.0,0.0,1818,65448,18,0.2,0.0,0.398903999999981
B4,S7,13,5,49.54713634476921,0.1729425475345612,4.0,1.0003927550604772,1.4000000000000001,0.04958285706544884,0.45286365523079297,2.130915674998259,5.0,1.0,0.26481891738107965,16.0,0.0,0.0,-0.01433180838351411,1818,65448,18,0.2,0.0,0.4201758316808667
B5,S7,13,5,49.54693385853092,0.17250498185934987,4.0,1.0003927550604772,1.4000000000000001,0.04954805106709237,0.45306614146907975,2.1063336846344294,5.0,1.0,0.2651835437972095,16.0,0.0,0.0,0.0,1818,65448,18,0.2,0.0,0.4320012079204227
P,S7,13,5,49.54762725178908,0.17313332953326244,4.0,1.0003927550604772,1.4000000000000001,0.04958290325783965,0.45237274821091944,2.1383101746995914,5.0,1.0,0.26446233652883777,16.0,0.0,0.0,0.0,644,23184,18,1.0,0.0,0.44279886138286717
B0,S1,14,5,49.065613232182116,0.4531547705448934,4.0,1.9338898704416405,7.0,0.07396767379343068,0.5882852693923724,5.481536310904408,5.0,0.0,0.3989340570042684,15.0,0.0,0.0,0.0,0,0,0,0.0,0.0,0.23251228712709207
B1,S1,14,5,49.518298345425116,0.1886834907631098,0.0,1.0003927550604772,1.4000000000000001,0.060054381686573746,0.47898492667948034,2.079219105118013,4.199999999999999,1.0,0.2904538925496988,15.0,0.0,0.0,0.0,18180,654480,180,0.2,0.0,0.35996448515097745
B2,S1,14,5,49.51630023515686,0.1842208883545637,0.0,1.0003927550604772,1.4000000000000001,0.04887585402900551,0.4802264973998547,1.9292018094321548,5.0,1.0,0.2802184690140942,15.0,0.0,0.0,0.0,1818,65448,18,0.2,0.0,0.3583240792103974
B3,S1,14,5,49.51788585064784,0.1836690568534086,0.0,1.0003927550604772,1.4000000000000001,0.048874685828697764,0.47902807571392003,2.019236864292355,5.0,1.0,0.27675953237036555,15.0,0.0,0.0,0.0,1818,65448,18,0.2,0.0,0.37647463366486383
B4,S1,14,5,49.51807966695763,0.18393916278093944,0.0,1.0003927550604772,1.4000000000000001,0.04879754174794708,0.47889556972133107,2.0676948130377744,5.0,1.0,0.27640210699473416,15.0,0.0,0.0,-0.012913380602075586,1818,65448,18,0.2,0.0,0.4013926237609784
B5,S1,14,5,49.51818836292313,0.1839756494288156,0.0,1.0003927550604772,1.4000000000000001,0.04876823861907773,0.4788142384269207,2.0751528026384243,5.0,1.0,0.27621576282919114,15.0,0.0,0.0,0.0,1818,65448,18,0.2,0.0,0.4007563267337126
P,S1,14,5,49.51944145166548,0.18375116846776285,0.0,1.0003927550604772,1.4000000000000001,0.04896903249224161,0.477908567029381,2.093613715053788,5.0,1.0,0.27549708367752784,15.0,0.0,0.0,0.0,587,21132,18,1.0,0.0,0.3984272574247244
B0,S2,14,5,49.11678786974664,0.4310175357114717,0.0,1.9338898704416405,7.0,0.0741792007804779,0.5623419323824166,5.215336789611479,5.0,0.0,0.38560279467542924,16.0,0.0,0.0,0.0,0,0,0,0.0,0.0,0.26592626732909225
B1,S2,14,5,49.546215022392076,0.17695279207180145,0.0,1.0003927550604772,1.4000000000000001,0.06250403745782149,0.45378497760792413,1.996886357262712,4.199999999999999,1.0,0.28073503084236584,16.0,0.0,0.0,0.0,18180,654480,180,0.2,0.0,0.3774080198019136
B2,S2,14,5,49.544424172003126,0.16869742692827958,0.0,1.0003927550604772,1.4000000000000001,0.04951559107073164,0.4553546840847744,1.7600369117252557,4.0,1.0,0.2690888152873899,16.0,0.0,0.0,0.0,1818,65448,18,0.2,0.0,0.3813099504954477
B3,S2,14,5,49.54710120201998,0.17299918167405628,4.0,1.0003927550604772,1.4000000000000001,0.05021910964116599,0.4528987979800192,2.1287806349445515,5.0,1.0,0.26494221026519366,16.0,0.0,0.0,0.0,1818,65448,18,0.2,0.0,0.38294845544802264
B4,S2,14,5,49.546919450384564,0.17246927906501425,4.0,1.0003927550604772,1.4000000000000001,0.049568350911371475,0.45308054961543576,2.107900230734193,5.0,1.0,0.2647615969723059,16.0,0.0,0.0,-0.014065976924041657,1818,65448,18,0.2,0.0,0.41072066336584057
B5,S2,14,5,49.54678434691086,0.1720961909757621,4.0,1.0003927550604772,1.4000000000000001,0.04953329776339481,0.45321565308913847,2.084571652416071,5.0,1.0,0.26504985431756584,16.0,0.0,0.0,0.0,1818,65448,18,0.2,0.0,0.42137911881275947
P,S2,14,5,49.54665343410916,0.17317199267944608,4.0,1.0003927550604772,1.4000000000000001,0.049538301452046116,0.45334656589083977,2.1317678117476073,5.0,1.0,0.2649139239907322,16.0,0.0,0.0,0.0,629,22644,18,1.0,0.0,0.41869864356491543
B0,S3,14,5,49.065613232182116,0.4531547705448934,4.0,1.9338898704416405,7.0,0.07396767379343068,0.5882852693923724,5.481536310904408,5.0,0.0,0.4022673903376018,15.0,0.0,0.0,0.0,0,0,0,0.0,0.0,0.22625383168572327
B1,S3,14,5,49.51859002696206,0.18827212266641247,0.0,1.0003927550604772,1.4000000000000001,0.06005552127229727,0.47876128541876284,2.072664293950541,4.199999999999999,1.0,0.2937447871380427,15.0,0.0,0.0,0.0,18180,654480,180,0.2,0.0,0.36375306930638923
B2,S3,14,5,49.51629837011025,0.18422159664500085,0.0,1.0003927550604772,1.4000000000000001,0.04887572371701718,0.4802286439860879,1.929210171956506,5.0,1.0,0.28355204449853944,15.0,0.0,0.0,0.0,1818,65448,18,0.2,0.0,0.3670022178183818
B3,S3,14,5,49.51784955980487,0.18368280804554576,0.0,1.0003927550604772,1.4000000000000001,0.048868463875992994,0.4790552290023484,2.019285253653426,5.0,1.0,0.28009829860477226,15.0,0.0,0.0,0.0,1818,65448,18,0.2,0.0,0.3803476039624596
B4,S3,14,5,49.51814580041655,0.18391724788160466,0.0,1.0003927550604772,1.4000000000000001,0.04881056101442315,0.47884612179949926,2.06785662072,5.0,1.0,0.27972553099417163,15.0,0.0,0.0,-0.012913379043861362,1818,65448,18,0.2,0.0,0.4112083267347483
B5,S3,14,5,49.518254496380685,0.18395413114292888,0.0,1.0003927550604772,1.4000000000000001,0.04878071445151075,0.4787647905061263,2.075294095560815,5.0,1.0,0.27953918682883677,15.0,0.0,0.0,0.0,1818,65448,18,0.2,0.0,0.4087465940576276
P,S3,14,5,49.51871279357775,0.18408597477536018,0.0,1.0003927550604772,1.4000000000000001,0.048804811959916684,0.47842898006015844,2.094620162638574,5.0,1.0,0.2789459341638531,15.0,0.0,0.0,0.0,607,21852,18,1.0,0.0,0.3991869207941881
B0,S4,14,5,49.065613232182116,0.4531547705448934,4.0,1.9338898704416405,7.0,0.07396767379343068,0.5882852693923724,5.481536310904408,5.0,0.0,0.3989340570042684,0.0,0.0,0.0,0.0,0,0,0,0.0,0.0,0.23056339604057813
B1,S4,14,5,49.518298345425116,0.1886834907631098,0.0,1.0003927550604772,1.4000000000000001,0.060054381686573746,0.47898492667948034,2.079219105118013,4.199999999999999,1.0,0.2904538925496988,0.0,0.0,0.0,0.0,18180,654480,180,0.2,0.0,0.3658491980219185
B2,S4,14,5,49.51630023515686,0.1842208883545637,0.0,1.0003927550604772,1.4000000000000001,0.04887585402900551,0.4802264973998547,1.9292018094321548,5.0,1.0,0.2802184690140942,0.0,0.0,0.0,0.0,1818,65448,18,0.2,0.0,0.43122873267469064
B3,S4,14,5,49.51788585064784,0.1836690568534086,0.0,1.0003927550604772,1.4000000000000001,0.048874685828697764,0.47902807571392003,2.019236864292355,5.0,1.0,0.27675953237036555,0.0,0.0,0.0,0.0,1818,65448,18,0.2,0.0,0.3898635544567579
B4,S4,14,5,49.51807966695763,0.18393916278093944,0.0,1.0003927550604772,1.4000000000000001,0.04879754174794708,0.47889556972133107,2.0676948130377744,5.0,1.0,0.27640210699473416,0.0,0.0,0.0,-0.012913380602075586,1818,65448,18,0.2,0.0,0.46243917821730873
B5,S4,14,5,49.51818836292313,0.1839756494288156,0.0,1.0003927550604772,1.4000000000000001,0.04876823861907773,0.4788142384269207,2.0751528026384243,5.0,1.0,0.27621576282919114,0.0,0.0,0.0,0.0,1818,65448,18,0.2,0.0,0.49112771287105034
P,S4,14,5,49.51944145166548,0.18375116846776285,0.0,1.0003927550604772,1.4000000000000001,0.04896903249224161,0.477908567029381,2.093613715053788,5.0,1.0,0.27549708367752784,0.0,0.0,0.0,0.0,587,21132,18,1.0,0.0,0.4933364950492171
B0,S5,14,5,49.065613232182116,0.4531547705448934,4.0,1.9338898704416405,7.0,0.07396767379343068,0.5882852693923724,5.481536310904408,5.0,0.0,0.3989340570042684,15.0,0.0,0.0,0.0,0,0,0,0.0,0.0,0.22820360396004202
B1,S5,14,5,49.518298345425116,0.1886834907631098,0.0,1.0003927550604772,1.4000000000000001,0.060054381686573746,0.47898492667948034,2.079219105118013,4.199999999999999,1.0,0.2904538925496988,15.0,0.0,0.0,0.0,18180,654480,180,0.2,0.0,0.6981963663360382
B2,S5,14,5,49.51630023515686,0.1842208883545637,0.0,1.0003927550604772,1.4000000000000001,0.04887585402900551,0.4802264973998547,1.9292018094321548,5.0,1.0,0.2802184690140942,15.0,0.0,0.0,0.0,1818,65448,18,0.2,0.0,0.4652547128700624
B3,S5,14,5,49.51788585064784,0.1836690568534086,0.0,1.0003927550604772,1.4000000000000001,0.048874685828697764,0.47902807571392003,2.019236864292355,5.0,1.0,0.27675953237036555,15.0,0.0,0.0,0.0,1818,65448,18,0.2,0.0,0.4334786534683991
B4,S5,14,5,49.51807966695763,0.18393916278093944,0.0,1.0003927550604772,1.4000000000000001,0.04879754174794708,0.47889556972133107,2.0676948130377744,5.0,1.0,0.27640210699473416,15.0,0.0,0.0,-0.012913380602075586,1818,65448,18,0.2,0.0,0.43623707920638066
B5,S5,14,5,49.51818836292313,0.1839756494288156,0.0,1.0003927550604772,1.4000000000000001,0.04876823861907773,0.4788142384269207,2.0751528026384243,5.0,1.0,0.27621576282919114,15.0,0.0,0.0,0.0,1818,65448,18,0.2,0.0,0.4449016831689606
P,S5,14,5,49.51944145166548,0.18375116846776285,0.0,1.0003927550604772,1.4000000000000001,0.04896903249224161,0.477908567029381,2.093613715053788,5.0,1.0,0.27549708367752784,15.0,0.0,0.0,0.0,587,21132,18,1.0,0.0,0.4093027821747257
B0,S6,14,5,49.11678786974664,0.4310175357114717,0.0,1.9338898704416405,7.0,0.0741792007804779,0.5623419323824166,5.215336789611479,5.0,0.0,0.38560279467542924,16.0,0.0,0.0,0.0,0,0,0,0.0,0.0,0.2439844356423678
B1,S6,14,5,49.546215022392076,0.17695279207180145,0.0,1.0003927550604772,1.4000000000000001,0.06250403745782149,0.45378497760792413,1.996886357262712,4.199999999999999,1.0,0.28073503084236584,16.0,0.0,0.0,0.0,18180,654480,180,0.2,0.0,0.38951311881367534
B2,S6,14,5,49.544424172003126,0.16869742692827958,0.0,1.0003927550604772,1.4000000000000001,0.04951559107073164,0.4553546840847744,1.7600369117252557,4.0,1.0,0.2690888152873899,16.0,0.0,0.0,0.0,1818,65448,18,0.2,0.0,0.38855454455404126
B3,S6,14,5,49.54710120201998,0.17299918167405628,4.0,1.0003927550604772,1.4000000000000001,0.05021910964116599,0.4528987979800192,2.1287806349445515,5.0,1.0,0.26494221026519366,16.0,0.0,0.0,0.0,1818,65448,18,0.2,0.0,0.3964588415806022
B4,S6,14,5,49.546919450384564,0.17246927906501425,4.0,1.0003927550604772,1.4000000000000001,0.049568350911371475,0.45308054961543576,2.107900230734193,5.0,1.0,0.2647615969723059,16.0,0.0,0.0,-0.014065976924041657,1818,65448,18,0.2,0.0,0.4261350099032726
B5,S6,14,5,49.54678434691086,0.1720961909757621,4.0,1.0003927550604772,1.4000000000000001,0.04953329776339481,0.45321565308913847,2.084571652416071,5.0,1.0,0.26504985431756584,16.0,0.0,0.0,0.0,1818,65448,18,0.2,0.0,0.4509141683166211
P,S6,14,5,49.54665343410916,0.17317199267944608,4.0,1.0003927550604772,1.4000000000000001,0.049538301452046116,0.45334656589083977,2.1317678117476073,5.0,1.0,0.2649139239907322,16.0,0.0,0.0,0.0,629,22644,18,1.0,0.0,0.44264397029740454
B0,S7,14,5,49.11678786974664,0.4310175357114717,0.0,1.9338898704416405,7.0,0.0741792007804779,0.5623419323824166,5.215336789611479,5.0,0.0,0.38560279467542924,16.0,0.0,0.0,0.0,0,0,0,0.0,0.0,0.24826596039713308
B1,S7,14,5,49.546215022392076,0.17695279207180145,0.0,1.0003927550604772,1.4000000000000001,0.06250403745782149,0.45378497760792413,1.996886357262712,4.199999999999999,1.0,0.28073503084236584,16.0,0.0,0.0,0.0,18180,654480,180,0.2,0.0,0.3941087722775799
B2,S7,14,5,49.544424172003126,0.16869742692827958,0.0,1.0003927550604772,1.4000000000000001,0.04951559107073164,0.4553546840847744,1.7600369117252557,4.0,1.0,0.2690888152873899,16.0,0.0,0.0,0.0,1818,65448,18,0.2,0.0,0.3968829504953133
B3,S7,14,5,49.54710120201998,0.17299918167405628,4.0,1.0003927550604772,1.4000000000000001,0.05021910964116599,0.4528987979800192,2.1287806349445515,5.0,1.0,0.26494221026519366,16.0,0.0,0.0,0.0,1818,65448,18,0.2,0.0,0.3952627821805922
B4,S7,14,5,49.546919450384564,0.17246927906501425,4.0,1.0003927550604772,1.4000000000000001,0.049568350911371475,0.45308054961543576,2.107900230734193,5.0,1.0,0.2647615969723059,16.0,0.0,0.0,-0.014065976924041657,1818,65448,18,0.2,0.0,0.4115876039631445
B5,S7,14,5,49.54678434691086,0.1720961909757621,4.0,1.0003927550604772,1.4000000000000001,0.04953329776339481,0.45321565308913847,2.084571652416071,5.0,1.0,0.26504985431756584,16.0,0.0,0.0,0.0,1818,65448,18,0.2,0.0,0.4324950000004224
P,S7,14,5,49.54665343410916,0.17317199267944608,4.0,1.0003927550604772,1.4000000000000001,0.049538301452046116,0.45334656589083977,2.1317678117476073,5.0,1.0,0.2649139239907322,16.0,0.0,0.0,0.0,629,22644,18,1.0,0.0,0.4277587425727544
B0,S1,15,5,49.065613232182116,0.4531547705448934,4.0,1.9338898704416405,7.0,0.07396767379343068,0.5882852693923724,5.481536310904408,5.0,0.0,0.3989340570042684,15.0,0.0,0.0,0.0,0,0,0,0.0,0.0,0.2389792673264058
B1,S1,15,5,49.51830050635285,0.18860735039524343,0.0,1.0003927550604772,1.4000000000000001,0.060071027317373696,0.47898512523156,2.078744124733369,4.199999999999999,1.0,0.2904974321791813,15.0,0.0,0.0,0.0,18180,654480,180,0.2,0.0,0.3857584356455395
B2,S1,15,5,49.516355350358566,0.18427637739349959,0.0,1.0003927550604772,1.4000000000000001,0.04883881216173876,0.4802042940431406,1.9332767985395385,5.0,1.0,0.27985085044849245,15.0,0.0,0.0,0.0,1818,65448,18,0.2,0.0,0.3839967722738623
B3,S1,15,5,49.518045712600006,0.18351839596592007,0.0,1.0003927550604772,1.4000000000000001,0.04889357967531145,0.47891095696245145,2.0080566301610943,5.0,1.0,0.2766619346905488,15.0,0.0,0.0,0.0,1818,65448,18,0.2,0.0,0.43832150494930794
B4,S1,15,5,49.52003891956306,0.18478102779828137,0.20000000000000018,1.0003927550604772,1.4000000000000001,0.04911152777008585,0.47743987625122486,2.1893110054925344,5.0,1.0,0.27394966767861295,15.0,0.0,0.0,-0.013236022054242014,1818,65448,18,0.2,0.0,0.4413750297056023
B5,S1,15,5,49.52021712487345,0.18492759536273756,4.0,1.0003927550604772,1.4000000000000001,0.049177218705946865,0.4773065348848178,2.2012470408581586,5.0,1.0,0.27374024272766007,15.0,0.0,0.0,0.0,1818,65448,18,0.2,0.0,0.44768375247339565
P,S1,15,5,49.52070756071881,0.18485171775223627,4.0,1.0003927550604772,1.4000000000000001,0.04928716677203351,0.4769311817401558,2.211888093946242,5.0,1.0,0.2736711240306182,15.0,0.0,0.0,0.0,587,21132,18,1.0,0.0,0.45588494059203266
B0,S2,15,5,49.11678786974664,0.4310175357114717,0.0,1.9338898704416405,7.0,0.0741792007804779,0.5623419323824166,5.215336789611479,5.0,0.0,0.38560279467542924,16.0,0.0,0.0,0.0,0,0,0,0.0,0.0,0.2432353960399935
B1,S2,15,5,49.54621482383997,0.1768455928381278,0.0,1.0003927550604772,1.4000000000000001,0.06251392845672808,0.4537851761600322,1.9955126923117619,4.199999999999999,1.0,0.28077550263161033,16.0,0.0,0.0,0.0,18180,654480,180,0.2,0.0,0.4016229702999523
B2,S2,15,5,49.544363938246455,0.168846637631309,0.0,1.0003927550604772,1.4000000000000001,0.049283197840452014,0.45545291334488525,1.7619497355805323,4.0,1.0,0.2686454214227124,16.0,0.0,0.0,0.0,1818,65448,18,0.2,0.0,0.39076906930876976
B3,S2,15,5,49.54715693941367,0.1729689481163768,4.0,1.0003927550604772,1.4000000000000001,0.050080469820955244,0.45284306058633206,2.127474675154397,5.0,1.0,0.2645596948645893,16.0,0.0,0.0,0.0,1818,65448,18,0.2,0.0,0.429033138615442
B4,S2,15,5,49.54821904002808,0.1759017903846081,4.0,1.0003927550604772,1.4000000000000001,0.049512242849232675,0.45178095997192,2.2652233825076458,5.0,1.0,0.2623975098633706,16.0,0.0,0.0,-0.014323010500426947,1818,65448,18,0.2,0.0,0.4597928217807217
B5,S2,15,5,49.54818929986474,0.17585497880285728,4.0,1.0003927550604772,1.4000000000000001,0.04945977352158178,0.4518107001352618,2.2622056435511273,5.0,1.0,0.2624399208041425,16.0,0.0,0.0,0.0,1818,65448,18,0.2,0.0,0.49528984158368444
P,S2,15,5,49.54706101548504,0.175489170100424,4.0,1.0003927550604772,1.4000000000000001,0.04930084332395456,0.45293898451495807,2.2476110258703437,5.0,1.0,0.26291542142418356,16.0,0.0,0.0,0.0,601,21636,18,1.0,0.0,0.4399866930716688
B0,S3,15,5,49.065613232182116,0.4531547705448934,4.0,1.9338898704416405,7.0,0.07396767379343068,0.5882852693923724,5.481536310904408,5.0,0.0,0.4022673903376018,15.0,0.0,0.0,0.0,0,0,0,0.0,0.0,0.26322069307113477
B1,S3,15,5,49.51859218788979,0.18819640788339412,0.0,1.0003927550604772,1.4000000000000001,0.06007216403376121,0.4787614839708425,2.072189280758921,4.199999999999999,1.0,0.2937883267675247,15.0,0.0,0.0,0.0,18180,654480,180,0.2,0.0,0.38279188118953117
B2,S3,15,5,49.51635652182895,0.18427600842894515,0.0,1.0003927550604772,1.4000000000000001,0.04883886588893418,0.4802032702870136,1.9332727804122742,5.0,1.0,0.283184086619341,15.0,0.0,0.0,0.0,1818,65448,18,0.2,0.0,0.3822186435631875
B3,S3,15,5,49.51816182863595,0.18347438754404882,0.0,1.0003927550604772,1.4000000000000001,0.04891493057575026,0.47882412650942285,2.0080702031528617,5.0,1.0,0.27997787411475333,15.0,0.0,0.0,0.0,1818,65448,18,0.2,0.0,0.3881359900990694
B4,S3,15,5,49.52019175429452,0.18473198405346772,0.20000000000000018,1.0003927550604772,1.4000000000000001,0.0491520436092703,0.4773256295222481,2.1892991725552613,5.0,1.0,0.27726014484600714,15.0,0.0,0.0,-0.01323600911564049,1818,65448,18,0.2,0.0,0.43456544554459525
B5,S3,15,5,49.52036995960289,0.18488109830882946,4.0,1.0003927550604772,1.4000000000000001,0.04922050733641064,0.4771922881573545,2.201233157495064,5.0,1.0,0.27705071989535596,15.0,0.0,0.0,0.0,1818,65448,18,0.2,0.0,0.429998257427857
P,S3,15,5,49.51981685771389,0.1851870109368843,4.0,1.0003927550604772,1.4000000000000001,0.04905164807749505,0.4775702366004353,2.212081467950202,5.0,1.0,0.27714234781856967,15.0,0.0,0.0,0.0,583,20988,18,1.0,0.0,0.437559366335984
B0,S4,15,5,49.065613232182116,0.4531547705448934,4.0,1.9338898704416405,7.0,0.07396767379343068,0.5882852693923724,5.481536310904408,5.0,0.0,0.3989340570042684,0.0,0.0,0.0,0.0,0,0,0,0.0,0.0,0.25988170297057533
B1,S4,15,5,49.51830050635285,0.18860735039524343,0.0,1.0003927550604772,1.4000000000000001,0.060071027317373696,0.47898512523156,2.078744124733369,4.199999999999999,1.0,0.2904974321791813,0.0,0.0,0.0,0.0,18180,654480,180,0.2,0.0,0.3842831485130908
B2,S4,15,5,49.516355350358566,0.18427637739349959,0.0,1.0003927550604772,1.4000000000000001,0.04883881216173876,0.4802042940431406,1.9332767985395385,5.0,1.0,0.27985085044849245,0.0,0.0,0.0,0.0,1818,65448,18,0.2,0.0,0.38286635643737893
B3,S4,15,5,49.518045712600006,0.18351839596592007,0.0,1.0003927550604772,1.4000000000000001,0.04889357967531145,0.47891095696245145,2.0080566301610943,5.0,1.0,0.2766619346905488,0.0,0.0,0.0,0.0,1818,65448,18,0.2,0.0,0.4330933267314916
B4,S4,15,5,49.52003891956306,0.18478102779828137,0.20000000000000018,1.0003927550604772,1.4000000000000001,0.04911152777008585,0.47743987625122486,2.1893110054925344,5.0,1.0,0.27394966767861295,0.0,0.0,0.0,-0.013236022054242014,1818,65448,18,0.2,0.0,0.4342184851483049
B5,S4,15,5,49.52021712487345,0.18492759536273756,4.0,1.0003927550604772,1.4000000000000001,0.049177218705946865,0.4773065348848178,2.2012470408581586,5.0,1.0,0.27374024272766007,0.0,0.0,0.0,0.0,1818,65448,18,0.2,0.0,0.4564427128688033
P,S4,15,5,49.52070756071881,0.18485171775223627,4.0,1.0003927550604772,1.4000000000000001,0.04928716677203351,0.4769311817401558,2.211888093946242,5.0,1.0,0.2736711240306182,0.0,0.0,0.0,0.0,587,21132,18,1.0,0.0,0.4455332772261382
B0,S5,15,5,49.065613232182116,0.4531547705448934,4.0,1.9338898704416405,7.0,0.07396767379343068,0.5882852693923724,5.481536310904408,5.0,0.0,0.3989340570042684,15.0,0.0,0.0,0.0,0,0,0,0.0,0.0,0.23685031682911323
B1,S5,15,5,49.51830050635285,0.18860735039524343,0.0,1.0003927550604772,1.4000000000000001,0.060071027317373696,0.47898512523156,2.078744124733369,4.199999999999999,1.0,0.2904974321791813,15.0,0.0,0.0,0.0,18180,654480,180,0.2,0.0,0.40173770297103445
B2,S5,15,5,49.516355350358566,0.18427637739349959,0.0,1.0003927550604772,1.4000000000000001,0.04883881216173876,0.4802042940431406,1.9332767985395385,5.0,1.0,0.27985085044849245,15.0,0.0,0.0,0.0,1818,65448,18,0.2,0.0,0.40163289108616906
B3,S5,15,5,49.518045712600006,0.18351839596592007,0.0,1.0003927550604772,1.4000000000000001,0.04889357967531145,0.47891095696245145,2.0080566301610943,5.0,1.0,0.2766619346905488,15.0,0.0,0.0,0.0,1818,65448,18,0.2,0.0,0.3914700297029034
B4,S5,15,5,49.52003891956306,0.18478102779828137,0.20000000000000018,1.0003927550604772,1.4000000000000001,0.04911152777008585,0.47743987625122486,2.1893110054925344,5.0,1.0,0.27394966767861295,15.0,0.0,0.0,-0.013236022054242014,1818,65448,18,0.2,0.0,0.4982338811876814
B5,S5,15,5,49.52021712487345,0.18492759536273756,4.0,1.0003927550604772,1.4000000000000001,0.049177218705946865,0.4773065348848178,2.2012470408581586,5.0,1.0,0.27374024272766007,15.0,0.0,0.0,0.0,1818,65448,18,0.2,0.0,0.4178196930720648
P,S5,15,5,49.52070756071881,0.18485171775223627,4.0,1.0003927550604772,1.4000000000000001,0.04928716677203351,0.4769311817401558,2.211888093946242,5.0,1.0,0.2736711240306182,15.0,0.0,0.0,0.0,587,21132,18,1.0,0.0,0.4042221386169889
B0,S6,15,5,49.11678786974664,0.4310175357114717,0.0,1.9338898704416405,7.0,0.0741792007804779,0.5623419323824166,5.215336789611479,5.0,0.0,0.38560279467542924,16.0,0.0,0.0,0.0,0,0,0,0.0,0.0,0.2569162277245821
B1,S6,15,5,49.54621482383997,0.1768455928381278,0.0,1.0003927550604772,1.4000000000000001,0.06251392845672808,0.4537851761600322,1.9955126923117619,4.199999999999999,1.0,0.28077550263161033,16.0,0.0,0.0,0.0,18180,654480,180,0.2,0.0,0.4400808910903303
B2,S6,15,5,49.544363938246455,0.168846637631309,0.0,1.0003927550604772,1.4000000000000001,0.049283197840452014,0.45545291334488525,1.7619497355805323,4.0,1.0,0.2686454214227124,16.0,0.0,0.0,0.0,1818,65448,18,0.2,0.0,0.4082438613880699
B3,S6,15,5,49.54715693941367,0.1729689481163768,4.0,1.0003927550604772,1.4000000000000001,0.050080469820955244,0.45284306058633206,2.127474675154397,5.0,1.0,0.2645596948645893,16.0,0.0,0.0,0.0,1818,65448,18,0.2,0.0,0.40163209901083524
B4,S6,15,5,49.54821904002808,0.1759017903846081,4.0,1.0003927550604772,1.4000000000000001,0.049512242849232675,0.45178095997192,2.2652233825076458,5.0,1.0,0.2623975098633706,16.0,0.0,0.0,-0.014323010500426947,1818,65448,18,0.2,0.0,0.5973228910871773
B5,S6,15,5,49.54818929986474,0.17585497880285728,4.0,1.0003927550604772,1.4000000000000001,0.04945977352158178,0.4518107001352618,2.2622056435511273,5.0,1.0,0.2624399208041425,16.0,0.0,0.0,0.0,1818,65448,18,0.2,0.0,0.46809147524621914
P,S6,15,5,49.54706101548504,0.175489170100424,4.0,1.0003927550604772,1.4000000000000001,0.04930084332395456,0.45293898451495807,2.2476110258703437,5.0,1.0,0.26291542142418356,16.0,0.0,0.0,0.0,601,21636,18,1.0,0.0,0.47310319801584744
B0,S7,15,5,49.11678786974664,0.4310175357114717,0.0,1.9338898704416405,7.0,0.0741792007804779,0.5623419323824166,5.215336789611479,5.0,0.0,0.38560279467542924,16.0,0.0,0.0,0.0,0,0,0,0.0,0.0,0.2564982574263508
B1,S7,15,5,49.54621482383997,0.1768455928381278,0.0,1.0003927550604772,1.4000000000000001,0.06251392845672808,0.4537851761600322,1.9955126923117619,4.199999999999999,1.0,0.28077550263161033,16.0,0.0,0.0,0.0,18180,654480,180,0.2,0.0,0.3919442673271411
B2,S7,15,5,49.544363938246455,0.168846637631309,0.0,1.0003927550604772,1.4000000000000001,0.049283197840452014,0.45545291334488525,1.7619497355805323,4.0,1.0,0.2686454214227124,16.0,0.0,0.0,0.0,1818,65448,18,0.2,0.0,0.4221135940596388
B3,S7,15,5,49.54715693941367,0.1729689481163768,4.0,1.0003927550604772,1.4000000000000001,0.050080469820955244,0.45284306058633206,2.127474675154397,5.0,1.0,0.2645596948645893,16.0,0.0,0.0,0.0,1818,65448,18,0.2,0.0,0.39229957425536355
B4,S7,15,5,49.54821904002808,0.1759017903846081,4.0,1.0003927550604772,1.4000000000000001,0.049512242849232675,0.45178095997192,2.2652233825076458,5.0,1.0,0.2623975098633706,16.0,0.0,0.0,-0.014323010500426947,1818,65448,18,0.2,0.0,0.4381036138592307
B5,S7,15,5,49.54818929986474,0.17585497880285728,4.0,1.0003927550604772,1.4000000000000001,0.04945977352158178,0.4518107001352618,2.2622056435511273,5.0,1.0,0.2624399208041425,16.0,0.0,0.0,0.0,1818,65448,18,0.2,0.0,0.45914235643787904
P,S7,15,5,49.54706101548504,0.175489170100424,4.0,1.0003927550604772,1.4000000000000001,0.04930084332395456,0.45293898451495807,2.2476110258703437,5.0,1.0,0.26291542142418356,16.0,0.0,0.0,0.0,601,21636,18,1.0,0.0,0.4944077920776865
B0,S1,16,5,49.065613232182116,0.4531547705448934,4.0,1.9338898704416405,7.0,0.07396767379343068,0.5882852693923724,5.481536310904408,5.0,0.0,0.3989340570042684,15.0,0.0,0.0,0.0,0,0,0,0.0,0.0,0.2762632277225937
B1,S1,16,5,49.51829380970029,0.1886722933397896,0.0,1.0003927550604772,1.4000000000000001,0.060061011437979143,0.47899028433351276,2.078515156075767,4.199999999999999,1.0,0.2904580596661454,15.0,0.0,0.0,0.0,18180,654480,180,0.2,0.0,0.5094443168303823
B2,S1,16,5,49.51640368478334,0.18429004015693246,0.0,1.0003927550604772,1.4000000000000001,0.04893039209912853,0.4801259485367595,1.9351815392497493,5.0,1.0,0.28059677316027276,15.0,0.0,0.0,0.0,1818,65448,18,0.2,0.0,0.41293382178037513
B3,S1,16,5,49.5180263881297,0.1835868385081773,0.0,1.0003927550604772,1.4000000000000001,0.048978408685255534,0.47890545341487467,2.010592649261335,5.0,1.0,0.27727410238365335,15.0,0.0,0.0,0.0,1818,65448,18,0.2,0.0,0.4398899504939445
B4,S1,16,5,49.51886231971658,0.18399087115472726,0.0,1.0003927550604772,1.4000000000000001,0.048916325826195976,0.4782841509815938,2.0952614953319455,5.0,1.0,0.2761817024162815,15.0,0.0,0.0,-0.0132197809025556,1818,65448,18,0.2,0.0,0.49226735643627545
B5,S1,16,5,49.51891891682478,0.18401950860103147,0.0,1.0003927550604772,1.4000000000000001,0.048882669521631145,0.47824180243581793,2.099843775335285,5.0,1.0,0.27611919706441196,15.0,0.0,0.0,0.0,1818,65448,18,0.2,0.0,0.6781364554446536
P,S1,16,5,49.520253959755905,0.18367537455295066,0.0,1.0003927550604772,1.4000000000000001,0.04903478164275117,0.4772593372579905,2.1113071649490283,5.0,1.0,0.2751031303975179,15.0,0.0,0.0,0.0,602,21672,18,1.0,0.0,0.46890301980443605
B0,S2,16,5,49.11678786974664,0.4310175357114717,0.0,1.9338898704416405,7.0,0.0741792007804779,0.5623419323824166,5.215336789611479,5.0,0.0,0.38560279467542924,16.0,0.0,0.0,0.0,0,0,0,0.0,0.0,0.2576641188107436
B1,S2,16,5,49.54620966473805,0.17694152565340626,0.0,1.0003927550604772,1.4000000000000001,0.06250819084840109,0.45379033526194945,1.996271256319819,4.199999999999999,1.0,0.28073093320775105,16.0,0.0,0.0,0.0,18180,654480,180,0.2,0.0,0.4199830693080615
B2,S2,16,5,49.54446535021629,0.16874340697500972,0.0,1.0003927550604772,1.4000000000000001,0.04947115134690051,0.4553191510602943,1.7596989311825595,4.0,1.0,0.26940589691657263,16.0,0.0,0.0,0.0,1818,65448,18,0.2,0.0,0.4607305643568709
B3,S2,16,5,49.5473480525344,0.1731682561575828,4.0,1.0003927550604772,1.4000000000000001,0.05024375831503001,0.452651947465597,2.135184276533351,5.0,1.0,0.2650821501193992,16.0,0.0,0.0,0.0,1818,65448,18,0.2,0.0,0.46038081188388524
B4,S2,16,5,49.54717021590382,0.17290087588809752,4.0,1.0003927550604772,1.4000000000000001,0.049581126094901506,0.45282978409618124,2.12781175926278,5.0,1.0,0.26476040277093543,16.0,0.0,0.0,-0.01428445292803604,1818,65448,18,0.2,0.0,0.500163742574364
B5,S2,16,5,49.54709432935082,0.17272882358288244,4.0,1.0003927550604772,1.4000000000000001,0.04954174491078724,0.4529056706491801,2.1171150112801826,5.0,1.0,0.2649241255162005,16.0,0.0,0.0,0.0,1818,65448,18,0.2,0.0,0.48871481188296745
P,S2,16,5,49.54740886074289,0.17270840177727811,4.0,1.0003927550604772,1.4000000000000001,0.04957175268425945,0.4525911392571089,2.118720226368178,5.0,1.0,0.2646275642019615,16.0,0.0,0.0,0.0,593,21348,18,1.0,0.0,0.4801779306926799
B0,S3,16,5,49.065613232182116,0.4531547705448934,4.0,1.9338898704416405,7.0,0.07396767379343068,0.5882852693923724,5.481536310904408,5.0,0.0,0.4022673903376018,15.0,0.0,0.0,0.0,0,0,0,0.0,0.0,0.26981036633442995
B1,S3,16,5,49.51858549123727,0.18826078244495092,0.0,1.0003927550604772,1.4000000000000001,0.06006215356766308,0.47876664307276684,2.0719604094038586,4.199999999999999,1.0,0.29374895425448927,15.0,0.0,0.0,0.0,18180,654480,180,0.2,0.0,0.42474330693228624
B2,S3,16,5,49.516401819736714,0.1842907340304881,0.0,1.0003927550604772,1.4000000000000001,0.04893026386042612,0.48012809512302823,1.9351895972927764,5.0,1.0,0.28393034864471733,15.0,0.0,0.0,0.0,1818,65448,18,0.2,0.0,0.36381062376550644
B3,S3,16,5,49.51812634978072,0.18354964017754954,0.0,1.0003927550604772,1.4000000000000001,0.048995684046784435,0.4788306576207475,2.0106555624932527,5.0,1.0,0.28059247640259777,15.0,0.0,0.0,0.0,1818,65448,18,0.2,0.0,0.36575250494862116
B4,S3,16,5,49.518969712389136,0.1839591650146748,0.0,1.0003927550604772,1.4000000000000001,0.04893590946300155,0.4782038540780249,2.095497660736458,5.0,1.0,0.27949896940347974,15.0,0.0,0.0,-0.013219780256510605,1818,65448,18,0.2,0.0,0.39320078217720533
B5,S3,16,5,49.51902630949139,0.18398754348767962,0.0,1.0003927550604772,1.4000000000000001,0.04890239761531873,0.47816150553672543,2.1000431921885094,5.0,1.0,0.27943646405249345,15.0,0.0,0.0,0.0,1818,65448,18,0.2,0.0,0.40259196039907763
P,S3,16,5,49.520880703740424,0.18350660988469555,0.0,1.0003927550604772,1.4000000000000001,0.04925827963819393,0.4767993849830816,2.1122222327456996,5.0,1.0,0.2783412410166065,15.0,0.0,0.0,0.0,597,21492,18,1.0,0.0,0.4019836831701306
B0,S4,16,5,49.065613232182116,0.4531547705448934,4.0,1.9338898704416405,7.0,0.07396767379343068,0.5882852693923724,5.481536310904408,5.0,0.0,0.3989340570042684,0.0,0.0,0.0,0.0,0,0,0,0.0,0.0,0.23153263366634072
B1,S4,16,5,49.51829380970029,0.1886722933397896,0.0,1.0003927550604772,1.4000000000000001,0.060061011437979143,0.47899028433351276,2.078515156075767,4.199999999999999,1.0,0.2904580596661454,0.0,0.0,0.0,0.0,18180,654480,180,0.2,0.0,0.3655194554454229
B2,S4,16,5,49.51640368478334,0.18429004015693246,0.0,1.0003927550604772,1.4000000000000001,0.04893039209912853,0.4801259485367595,1.9351815392497493,5.0,1.0,0.28059677316027276,0.0,0.0,0.0,0.0,1818,65448,18,0.2,0.0,0.3653268910858231
B3,S4,16,5,49.5180263881297,0.1835868385081773,0.0,1.0003927550604772,1.4000000000000001,0.048978408685255534,0.47890545341487467,2.010592649261335,5.0,1.0,0.27727410238365335,0.0,0.0,0.0,0.0,1818,65448,18,0.2,0.0,0.5049793762376757
B4,S4,16,5,49.51886231971658,0.18399087115472726,0.0,1.0003927550604772,1.4000000000000001,0.048916325826195976,0.4782841509815938,2.0952614953319455,5.0,1.0,0.2761817024162815,0.0,0.0,0.0,-0.0132197809025556,1818,65448,18,0.2,0.0,0.4306379999992588
B5,S4,16,5,49.51891891682478,0.18401950860103147,0.0,1.0003927550604772,1.4000000000000001,0.048882669521631145,0.47824180243581793,2.099843775335285,5.0,1.0,0.27611919706441196,0.0,0.0,0.0,0.0,1818,65448,18,0.2,0.0,0.4300816831706506
P,S4,16,5,49.520253959755905,0.18367537455295066,0.0,1.0003927550604772,1.4000000000000001,0.04903478164275117,0.4772593372579905,2.1113071649490283,5.0,1.0,0.2751031303975179,0.0,0.0,0.0,0.0,602,21672,18,1.0,0.0,0.4027312772252279
B0,S5,16,5,49.065613232182116,0.4531547705448934,4.0,1.9338898704416405,7.0,0.07396767379343068,0.5882852693923724,5.481536310904408,5.0,0.0,0.3989340570042684,15.0,0.0,0.0,0.0,0,0,0,0.0,0.0,0.23414965346884206
B1,S5,16,5,49.51829380970029,0.1886722933397896,0.0,1.0003927550604772,1.4000000000000001,0.060061011437979143,0.47899028433351276,2.078515156075767,4.199999999999999,1.0,0.2904580596661454,15.0,0.0,0.0,0.0,18180,654480,180,0.2,0.0,0.3629668910911962
B2,S5,16,5,49.51640368478334,0.18429004015693246,0.0,1.0003927550604772,1.4000000000000001,0.04893039209912853,0.4801259485367595,1.9351815392497493,5.0,1.0,0.28059677316027276,15.0,0.0,0.0,0.0,1818,65448,18,0.2,0.0,0.35765122772255104
B3,S5,16,5,49.5180263881297,0.1835868385081773,0.0,1.0003927550604772,1.4000000000000001,0.048978408685255534,0.47890545341487467,2.010592649261335,5.0,1.0,0.27727410238365335,15.0,0.0,0.0,0.0,1818,65448,18,0.2,0.0,0.38876300989766893
B4,S5,16,5,49.51886231971658,0.18399087115472726,0.0,1.0003927550604772,1.4000000000000001,0.048916325826195976,0.4782841509815938,2.0952614953319455,5.0,1.0,0.2761817024162815,15.0,0.0,0.0,-0.0132197809025556,1818,65448,18,0.2,0.0,0.45963202970453115
B5,S5,16,5,49.51891891682478,0.18401950860103147,0.0,1.0003927550604772,1.4000000000000001,0.048882669521631145,0.47824180243581793,2.099843775335285,5.0,1.0,0.27611919706441196,15.0,0.0,0.0,0.0,1818,65448,18,0.2,0.0,0.44913229703074603
P,S5,16,5,49.520253959755905,0.18367537455295066,0.0,1.0003927550604772,1.4000000000000001,0.04903478164275117,0.4772593372579905,2.1113071649490283,5.0,1.0,0.2751031303975179,15.0,0.0,0.0,0.0,602,21672,18,1.0,0.0,0.40237816831607476
B0,S6,16,5,49.11678786974664,0.4310175357114717,0.0,1.9338898704416405,7.0,0.0741792007804779,0.5623419323824166,5.215336789611479,5.0,0.0,0.38560279467542924,16.0,0.0,0.0,0.0,0,0,0,0.0,0.0,0.2528567623776686
B1,S6,16,5,49.54620966473805,0.17694152565340626,0.0,1.0003927550604772,1.4000000000000001,0.06250819084840109,0.45379033526194945,1.996271256319819,4.199999999999999,1.0,0.28073093320775105,16.0,0.0,0.0,0.0,18180,654480,180,0.2,0.0,0.38913506930407266
B2,S6,16,5,49.54446535021629,0.16874340697500972,0.0,1.0003927550604772,1.4000000000000001,0.04947115134690051,0.4553191510602943,1.7596989311825595,4.0,1.0,0.26940589691657263,16.0,0.0,0.0,0.0,1818,65448,18,0.2,0.0,0.38364199999795356
B3,S6,16,5,49.5473480525344,0.1731682561575828,4.0,1.0003927550604772,1.4000000000000001,0.05024375831503001,0.452651947465597,2.135184276533351,5.0,1.0,0.2650821501193992,16.0,0.0,0.0,0.0,1818,65448,18,0.2,0.0,0.39535361386220075
B4,S6,16,5,49.54717021590382,0.17290087588809752,4.0,1.0003927550604772,1.4000000000000001,0.049581126094901506,0.45282978409618124,2.12781175926278,5.0,1.0,0.26476040277093543,16.0,0.0,0.0,-0.01428445292803604,1818,65448,18,0.2,0.0,0.42932502970186326
B5,S6,16,5,49.54709432935082,0.17272882358288244,4.0,1.0003927550604772,1.4000000000000001,0.04954174491078724,0.4529056706491801,2.1171150112801826,5.0,1.0,0.2649241255162005,16.0,0.0,0.0,0.0,1818,65448,18,0.2,0.0,0.4318357326714123
P,S6,16,5,49.54740886074289,0.17270840177727811,4.0,1.0003927550604772,1.4000000000000001,0.04957175268425945,0.4525911392571089,2.118720226368178,5.0,1.0,0.2646275642019615,16.0,0.0,0.0,0.0,593,21348,18,1.0,0.0,0.42588659405935525
B0,S7,16,5,49.11678786974664,0.4310175357114717,0.0,1.9338898704416405,7.0,0.0741792007804779,0.5623419323824166,5.215336789611479,5.0,0.0,0.38560279467542924,16.0,0.0,0.0,0.0,0,0,0,0.0,0.0,0.25030968316797847
B1,S7,16,5,49.54620966473805,0.17694152565340626,0.0,1.0003927550604772,1.4000000000000001,0.06250819084840109,0.45379033526194945,1.996271256319819,4.199999999999999,1.0,0.28073093320775105,16.0,0.0,0.0,0.0,18180,654480,180,0.2,0.0,0.38961915841733424
B2,S7,16,5,49.54446535021629,0.16874340697500972,0.0,1.0003927550604772,1.4000000000000001,0.04947115134690051,0.4553191510602943,1.7596989311825595,4.0,1.0,0.26940589691657263,16.0,0.0,0.0,0.0,1818,65448,18,0.2,0.0,1.2029846534685498
B3,S7,16,5,49.5473480525344,0.1731682561575828,4.0,1.0003927550604772,1.4000000000000001,0.05024375831503001,0.452651947465597,2.135184276533351,5.0,1.0,0.2650821501193992,16.0,0.0,0.0,0.0,1818,65448,18,0.2,0.0,0.4489844653486072
B4,S7,16,5,49.54717021590382,0.17290087588809752,4.0,1.0003927550604772,1.4000000000000001,0.049581126094901506,0.45282978409618124,2.12781175926278,5.0,1.0,0.26476040277093543,16.0,0.0,0.0,-0.01428445292803604,1818,65448,18,0.2,0.0,0.5407656138609892
B5,S7,16,5,49.54709432935082,0.17272882358288244,4.0,1.0003927550604772,1.4000000000000001,0.04954174491078724,0.4529056706491801,2.1171150112801826,5.0,1.0,0.2649241255162005,16.0,0.0,0.0,0.0,1818,65448,18,0.2,0.0,0.523767405938277
P,S7,16,5,49.54740886074289,0.17270840177727811,4.0,1.0003927550604772,1.4000000000000001,0.04957175268425945,0.4525911392571089,2.118720226368178,5.0,1.0,0.2646275642019615,16.0,0.0,0.0,0.0,593,21348,18,1.0,0.0,0.6119629603952237
B0,S1,17,5,49.065613232182116,0.4531547705448934,4.0,1.9338898704416405,7.0,0.07396767379343068,0.5882852693923724,5.481536310904408,5.0,0.0,0.3989340570042684,15.0,0.0,0.0,0.0,0,0,0,0.0,0.0,0.26599462376223093
B1,S1,17,5,49.51829721486459,0.18866382502290596,0.0,1.0003927550604772,1.4000000000000001,0.06008132847826029,0.47899066193831885,2.0798043830750395,4.199999999999999,1.0,0.29052261088315584,15.0,0.0,0.0,0.0,18180,654480,180,0.2,0.0,0.43783147524627924
B2,S1,17,5,49.51641879351424,0.18422221351000795,0.0,1.0003927550604772,1.4000000000000001,0.04886370625140479,0.4800537501253572,1.9318272868231874,5.0,1.0,0.2803749434685676,15.0,0.0,0.0,0.0,1818,65448,18,0.2,0.0,0.3908836237594124
B3,S1,17,5,49.518132230257,0.18356802624141286,0.0,1.0003927550604772,1.4000000000000001,0.048949208029303005,0.47875547695412735,2.0136539473064548,5.0,1.0,0.27721159298106984,15.0,0.0,0.0,0.0,1818,65448,18,0.2,0.0,0.47983729702969186
B4,S1,17,5,49.51801799542982,0.18360356788087798,0.0,1.0003927550604772,1.4000000000000001,0.04885142804546403,0.4788501889122685,2.0206598463268786,5.0,1.0,0.27722883371459595,15.0,0.0,0.0,-0.01324043156132515,1818,65448,18,0.2,0.0,0.3925386831679584
B5,S1,17,5,49.51808725578403,0.1836262219891347,0.0,1.0003927550604772,1.4000000000000001,0.04881765796587089,0.4787983651464742,2.0270686145029386,5.0,1.0,0.2771025578435646,15.0,0.0,0.0,0.0,1818,65448,18,0.2,0.0,0.40143531683353634
P,S1,17,5,49.51895818146497,0.1835112843362937,0.0,1.0003927550604772,1.4000000000000001,0.04887736696751734,0.4781311409736446,2.0529680832280657,5.0,1.0,0.27640322237076304,15.0,0.0,0.0,0.0,550,19800,18,1.0,0.0,0.4666718316839972
B0,S2,17,5,49.11678786974664,0.4310175357114717,0.0,1.9338898704416405,7.0,0.0741792007804779,0.5623419323824166,5.215336789611479,5.0,0.0,0.38560279467542924,16.0,0.0,0.0,0.0,0,0,0,0.0,0.0,0.3160034554441316
B1,S2,17,5,49.54620928713322,0.1769229246132572,0.0,1.0003927550604772,1.4000000000000001,0.06252719065890723,0.45379071286677686,1.996858405889417,4.199999999999999,1.0,0.2808015111548049,16.0,0.0,0.0,0.0,18180,654480,180,0.2,0.0,0.43412055445983105
B2,S2,17,5,49.54447028039745,0.1686807772707732,0.0,1.0003927550604772,1.4000000000000001,0.04948158876690771,0.45525757978758463,1.7585640227237647,4.0,1.0,0.26914561698015466,16.0,0.0,0.0,0.0,1818,65448,18,0.2,0.0,0.5362907722793343
B3,S2,17,5,49.547449071906236,0.17304791041109702,4.0,1.0003927550604772,1.4000000000000001,0.05030873995204805,0.45255092809376407,2.133005540789441,5.0,1.0,0.26517800181088685,16.0,0.0,0.0,0.0,1818,65448,18,0.2,0.0,0.4185260297009957
B4,S2,17,5,49.547341681340676,0.17276416717541745,4.0,1.0003927550604772,1.4000000000000001,0.049588645748927185,0.45265831865932427,2.122579797466267,5.0,1.0,0.2646678841995557,16.0,0.0,0.0,-0.014144143548039279,1818,65448,18,0.2,0.0,0.5018629504946256
B5,S2,17,5,49.547177462083155,0.17247121635078075,4.0,1.0003927550604772,1.4000000000000001,0.049552888639186776,0.4528225379168447,2.104385807260961,5.0,1.0,0.2649649387953262,16.0,0.0,0.0,0.0,1818,65448,18,0.2,0.0,0.6682778514887374
P,S2,17,5,49.54739801788947,0.17279065565806676,4.0,1.0003927550604772,1.4000000000000001,0.04964046184022646,0.4526019821105294,2.115781357493425,5.0,1.0,0.26480938570614526,16.0,0.0,0.0,0.0,579,20844,18,1.0,0.0,0.45893288119043407
B0,S3,17,5,49.065613232182116,0.4531547705448934,4.0,1.9338898704416405,7.0,0.07396767379343068,0.5882852693923724,5.481536310904408,5.0,0.0,0.4022673903376018,15.0,0.0,0.0,0.0,0,0,0,0.0,0.0,0.2418918811869871
B1,S3,17,5,49.518588896401525,0.1882526555060698,0.0,1.0003927550604772,1.4000000000000001,0.06008246776696196,0.47876702067760135,2.073249568744599,4.199999999999999,1.0,0.29381350547149937,15.0,0.0,0.0,0.0,18180,654480,180,0.2,0.0,0.45119957425557383
B2,S3,17,5,49.51641692846764,0.1842229072160491,0.0,1.0003927550604772,1.4000000000000001,0.04886357798605915,0.48005589671158333,1.9318353448662218,5.0,1.0,0.2837085189530125,15.0,0.0,0.0,0.0,1818,65448,18,0.2,0.0,0.3645953168343833
B3,S3,17,5,49.51812850148659,0.18356937068477047,0.0,1.0003927550604772,1.4000000000000001,0.04894861694814312,0.4787583261853925,2.013659347412336,5.0,1.0,0.28054547090342363,15.0,0.0,0.0,0.0,1818,65448,18,0.2,0.0,0.3836082376230731
B4,S3,17,5,49.51814305202896,0.18356248175126866,0.0,1.0003927550604772,1.4000000000000001,0.04887565350525489,0.4787565812202317,2.0209936125003813,5.0,1.0,0.28054345346651544,15.0,0.0,0.0,-0.013240429614044036,1818,65448,18,0.2,0.0,0.4078047821815627
B5,S3,17,5,49.51821231238026,0.18358710659566405,0.0,1.0003927550604772,1.4000000000000001,0.048842643665603806,0.4787047574566188,2.0273887906696153,5.0,1.0,0.28041717759592205,15.0,0.0,0.0,0.0,1818,65448,18,0.2,0.0,0.4031578019784869
P,S3,17,5,49.51957969232581,0.1834196409882335,0.0,1.0003927550604772,1.4000000000000001,0.04904753283246204,0.4777072880035007,2.0569714504677132,5.0,1.0,0.2796372660722212,15.0,0.0,0.0,0.0,559,20124,18,1.0,0.0,0.45214228712571675
B0,S4,17,5,49.065613232182116,0.4531547705448934,4.0,1.9338898704416405,7.0,0.07396767379343068,0.5882852693923724,5.481536310904408,5.0,0.0,0.3989340570042684,0.0,0.0,0.0,0.0,0,0,0,0.0,0.0,0.36728842574255866
B1,S4,17,5,49.51829721486459,0.18866382502290596,0.0,1.0003927550604772,1.4000000000000001,0.06008132847826029,0.47899066193831885,2.0798043830750395,4.199999999999999,1.0,0.29052261088315584,0.0,0.0,0.0,0.0,18180,654480,180,0.2,0.0,0.38804727722944704
B2,S4,17,5,49.51641879351424,0.18422221351000795,0.0,1.0003927550604772,1.4000000000000001,0.04886370625140479,0.4800537501253572,1.9318272868231874,5.0,1.0,0.2803749434685676,0.0,0.0,0.0,0.0,1818,65448,18,0.2,0.0,0.39702715841737907
B3,S4,17,5,49.518132230257,0.18356802624141286,0.0,1.0003927550604772,1.4000000000000001,0.048949208029303005,0.47875547695412735,2.0136539473064548,5.0,1.0,0.27721159298106984,0.0,0.0,0.0,0.0,1818,65448,18,0.2,0.0,0.4230428712887287
B4,S4,17,5,49.51801799542982,0.18360356788087798,0.0,1.0003927550604772,1.4000000000000001,0.04885142804546403,0.4788501889122685,2.0206598463268786,5.0,1.0,0.27722883371459595,0.0,0.0,0.0,-0.01324043156132515,1818,65448,18,0.2,0.0,0.47834068316948863
B5,S4,17,5,49.51808725578403,0.1836262219891347,0.0,1.0003927550604772,1.4000000000000001,0.04881765796587089,0.4787983651464742,2.0270686145029386,5.0,1.0,0.2771025578435646,0.0,0.0,0.0,0.0,1818,65448,18,0.2,0.0,0.5041822178235192
P,S4,17,5,49.51895818146497,0.1835112843362937,0.0,1.0003927550604772,1.4000000000000001,0.04887736696751734,0.4781311409736446,2.0529680832280657,5.0,1.0,0.27640322237076304,0.0,0.0,0.0,0.0,550,19800,18,1.0,0.0,0.436127752472752
B0,S5,17,5,49.065613232182116,0.4531547705448934,4.0,1.9338898704416405,7.0,0.07396767379343068,0.5882852693923724,5.481536310904408,5.0,0.0,0.3989340570042684,15.0,0.0,0.0,0.0,0,0,0,0.0,0.0,0.24839218811772154
B1,S5,17,5,49.51829721486459,0.18866382502290596,0.0,1.0003927550604772,1.4000000000000001,0.06008132847826029,0.47899066193831885,2.0798043830750395,4.199999999999999,1.0,0.29052261088315584,15.0,0.0,0.0,0.0,18180,654480,180,0.2,0.0,0.4089231188117992
B2,S5,17,5,49.51641879351424,0.18422221351000795,0.0,1.0003927550604772,1.4000000000000001,0.04886370625140479,0.4800537501253572,1.9318272868231874,5.0,1.0,0.2803749434685676,15.0,0.0,0.0,0.0,1818,65448,18,0.2,0.0,0.40008690098823146
B3,S5,17,5,49.518132230257,0.18356802624141286,0.0,1.0003927550604772,1.4000000000000001,0.048949208029303005,0.47875547695412735,2.0136539473064548,5.0,1.0,0.27721159298106984,15.0,0.0,0.0,0.0,1818,65448,18,0.2,0.0,0.3712020297060386
B4,S5,17,5,49.51801799542982,0.18360356788087798,0.0,1.0003927550604772,1.4000000000000001,0.04885142804546403,0.4788501889122685,2.0206598463268786,5.0,1.0,0.27722883371459595,15.0,0.0,0.0,-0.01324043156132515,1818,65448,18,0.2,0.0,0.40330051484884866
B5,S5,17,5,49.51808725578403,0.1836262219891347,0.0,1.0003927550604772,1.4000000000000001,0.04881765796587089,0.4787983651464742,2.0270686145029386,5.0,1.0,0.2771025578435646,15.0,0.0,0.0,0.0,1818,65448,18,0.2,0.0,0.4399527128728073
P,S5,17,5,49.51895818146497,0.1835112843362937,0.0,1.0003927550604772,1.4000000000000001,0.04887736696751734,0.4781311409736446,2.0529680832280657,5.0,1.0,0.27640322237076304,15.0,0.0,0.0,0.0,550,19800,18,1.0,0.0,0.4490630099008731
B0,S6,17,5,49.11678786974664,0.4310175357114717,0.0,1.9338898704416405,7.0,0.0741792007804779,0.5623419323824166,5.215336789611479,5.0,0.0,0.38560279467542924,16.0,0.0,0.0,0.0,0,0,0,0.0,0.0,0.2609651980204188
B1,S6,17,5,49.54620928713322,0.1769229246132572,0.0,1.0003927550604772,1.4000000000000001,0.06252719065890723,0.45379071286677686,1.996858405889417,4.199999999999999,1.0,0.2808015111548049,16.0,0.0,0.0,0.0,18180,654480,180,0.2,0.0,0.38065036633810506
B2,S6,17,5,49.54447028039745,0.1686807772707732,0.0,1.0003927550604772,1.4000000000000001,0.04948158876690771,0.45525757978758463,1.7585640227237647,4.0,1.0,0.26914561698015466,16.0,0.0,0.0,0.0,1818,65448,18,0.2,0.0,0.39124475247578205
B3,S6,17,5,49.547449071906236,0.17304791041109702,4.0,1.0003927550604772,1.4000000000000001,0.05030873995204805,0.45255092809376407,2.133005540789441,5.0,1.0,0.26517800181088685,16.0,0.0,0.0,0.0,1818,65448,18,0.2,0.0,0.3918454950499016
B4,S6,17,5,49.547341681340676,0.17276416717541745,4.0,1.0003927550604772,1.4000000000000001,0.049588645748927185,0.45265831865932427,2.122579797466267,5.0,1.0,0.2646678841995557,16.0,0.0,0.0,-0.014144143548039279,1818,65448,18,0.2,0.0,0.41942269307141805
B5,S6,17,5,49.547177462083155,0.17247121635078075,4.0,1.0003927550604772,1.4000000000000001,0.049552888639186776,0.4528225379168447,2.104385807260961,5.0,1.0,0.2649649387953262,16.0,0.0,0.0,0.0,1818,65448,18,0.2,0.0,0.43274081187996444
P,S6,17,5,49.54739801788947,0.17279065565806676,4.0,1.0003927550604772,1.4000000000000001,0.04964046184022646,0.4526019821105294,2.115781357493425,5.0,1.0,0.26480938570614526,16.0,0.0,0.0,0.0,579,20844,18,1.0,0.0,0.4141095940636066
B0,S7,17,5,49.11678786974664,0.4310175357114717,0.0,1.9338898704416405,7.0,0.0741792007804779,0.5623419323824166,5.215336789611479,5.0,0.0,0.38560279467542924,16.0,0.0,0.0,0.0,0,0,0,0.0,0.0,0.24621099009891623
B1,S7,17,5,49.54620928713322,0.1769229246132572,0.0,1.0003927550604772,1.4000000000000001,0.06252719065890723,0.45379071286677686,1.996858405889417,4.199999999999999,1.0,0.2808015111548049,16.0,0.0,0.0,0.0,18180,654480,180,0.2,0.0,0.37338968316965626
B2,S7,17,5,49.54447028039745,0.1686807772707732,0.0,1.0003927550604772,1.4000000000000001,0.04948158876690771,0.45525757978758463,1.7585640227237647,4.0,1.0,0.26914561698015466,16.0,0.0,0.0,0.0,1818,65448,18,0.2,0.0,0.41670173267547317
B3,S7,17,5,49.547449071906236,0.17304791041109702,4.0,1.0003927550604772,1.4000000000000001,0.05030873995204805,0.45255092809376407,2.133005540789441,5.0,1.0,0.26517800181088685,16.0,0.0,0.0,0.0,1818,65448,18,0.2,0.0,0.38044946534745855
B4,S7,17,5,49.547341681340676,0.17276416717541745,4.0,1.0003927550604772,1.4000000000000001,0.049588645748927185,0.45265831865932427,2.122579797466267,5.0,1.0,0.2646678841995557,16.0,0.0,0.0,-0.014144143548039279,1818,65448,18,0.2,0.0,0.4905581782163653
B5,S7,17,5,49.547177462083155,0.17247121635078075,4.0,1.0003927550604772,1.4000000000000001,0.049552888639186776,0.4528225379168447,2.104385807260961,5.0,1.0,0.2649649387953262,16.0,0.0,0.0,0.0,1818,65448,18,0.2,0.0,0.43810033663464876
P,S7,17,5,49.54739801788947,0.17279065565806676,4.0,1.0003927550604772,1.4000000000000001,0.04964046184022646,0.4526019821105294,2.115781357493425,5.0,1.0,0.26480938570614526,16.0,0.0,0.0,0.0,579,20844,18,1.0,0.0,0.43735055445686516
B0,S1,18,5,49.065613232182116,0.4531547705448934,4.0,1.9338898704416405,7.0,0.07396767379343068,0.5882852693923724,5.481536310904408,5.0,0.0,0.3989340570042684,15.0,0.0,0.0,0.0,0,0,0,0.0,0.0,0.23571248514842708
B1,S1,18,5,49.51830522094028,0.18861943797069122,0.0,1.0003927550604772,1.4000000000000001,0.06002812503979521,0.4789822493523559,2.0780368379213265,4.199999999999999,1.0,0.29041487340964056,15.0,0.0,0.0,0.0,18180,654480,180,0.2,0.0,0.3878788316833019
B2,S1,18,5,49.516362231788065,0.18421507127087186,0.0,1.0003927550604772,1.4000000000000001,0.04900075883916981,0.48011807556728314,1.9320005021718267,5.0,1.0,0.2807604957259583,15.0,0.0,0.0,0.0,1818,65448,18,0.2,0.0,0.35926874257297237
B3,S1,18,5,49.518021198811226,0.18354204856517184,0.0,1.0003927550604772,1.4000000000000001,0.049070947759185794,0.4788795845003406,2.009081320004541,5.0,1.0,0.277539372524296,15.0,0.0,0.0,0.0,1818,65448,18,0.2,0.0,0.3744299108910865
B4,S1,18,5,49.519422132777045,0.18456387989831796,0.20000000000000018,1.0003927550604772,1.4000000000000001,0.0490204706235891,0.4778250313937562,2.159003527618258,5.0,1.0,0.2751923709984777,15.0,0.0,0.0,-0.012785442733476593,1818,65448,18,0.2,0.0,0.41270780197784446
B5,S1,18,5,49.51925005905317,0.184442273105025,0.20000000000000018,1.0003927550604772,1.4000000000000001,0.04894328392725089,0.4779537848266031,2.1462476005308604,5.0,1.0,0.2753890368579983,15.0,0.0,0.0,0.0,1818,65448,18,0.2,0.0,0.4156931386160518
P,S1,18,5,49.51969822525223,0.18404103116445694,0.0,1.0003927550604772,1.4000000000000001,0.048948457639162085,0.47757618845271566,2.1246924063868473,5.0,1.0,0.27538002022202884,15.0,0.0,0.0,0.0,601,21636,18,1.0,0.0,0.4199499405943486
B0,S2,18,5,49.11678786974664,0.4310175357114717,0.0,1.9338898704416405,7.0,0.0741792007804779,0.5623419323824166,5.215336789611479,5.0,0.0,0.38560279467542924,16.0,0.0,0.0,0.0,0,0,0,0.0,0.0,0.26701617822020646
B1,S2,18,5,49.54621769971919,0.17688671018913107,0.0,1.0003927550604772,1.4000000000000001,0.06246938999320833,0.4537823002808068,1.9957326601530236,4.199999999999999,1.0,0.2806950795041622,16.0,0.0,0.0,0.0,18180,654480,180,0.2,0.0,0.42756137623871493
B2,S2,18,5,49.544412499539845,0.16878014894494345,0.0,1.0003927550604772,1.4000000000000001,0.04947646357581674,0.45532317809048095,1.7613521552841753,4.0,1.0,0.2695962499352135,16.0,0.0,0.0,0.0,1818,65448,18,0.2,0.0,0.395522099007385
B3,S2,18,5,49.54731185076965,0.17306325268194114,4.0,1.0003927550604772,1.4000000000000001,0.05020624336305659,0.4526881492303474,2.1317505520499545,5.0,1.0,0.2652992599006721,16.0,0.0,0.0,0.0,1818,65448,18,0.2,0.0,0.42861707921060366
B4,S2,18,5,49.54834501991559,0.17597897982748412,4.0,1.0003927550604772,1.4000000000000001,0.04964085886879437,0.4516549800844132,2.268098335620531,5.0,1.0,0.26308869991329303,16.0,0.0,0.0,-0.013734816805875849,1818,65448,18,0.2,0.0,0.4382027623746175
B5,S2,18,5,49.548149907976885,0.17556912427785004,4.0,1.0003927550604772,1.4000000000000001,0.04954989875007053,0.45185009202311477,2.250075535606553,5.0,1.0,0.2633478239594225,16.0,0.0,0.0,0.0,1818,65448,18,0.2,0.0,0.47856419802100036
P,S2,18,5,49.54817483191552,0.17531555243247676,4.0,1.0003927550604772,1.4000000000000001,0.04951209430717844,0.4518251680844827,2.2408668596160894,5.0,1.0,0.2633198242473023,16.0,0.0,0.0,0.0,620,22320,18,1.0,0.0,0.431904861387119
B0,S3,18,5,49.065613232182116,0.4531547705448934,4.0,1.9338898704416405,7.0,0.07396767379343068,0.5882852693923724,5.481536310904408,5.0,0.0,0.4022673903376018,15.0,0.0,0.0,0.0,0,0,0,0.0,0.0,0.23250097029802527
B1,S3,18,5,49.518596902477206,0.18820859400789414,0.0,1.0003927550604772,1.4000000000000001,0.06002926890295075,0.4787586080916526,2.071481921048632,4.199999999999999,1.0,0.2937057679979838,15.0,0.0,0.0,0.0,18180,654480,180,0.2,0.0,0.37876317821770716
B2,S3,18,5,49.51636036674148,0.1842157786587906,0.0,1.0003927550604772,1.4000000000000001,0.049000628551601914,0.48012022215348793,1.9320088370528836,5.0,1.0,0.28409407121040375,15.0,0.0,0.0,0.0,1818,65448,18,0.2,0.0,0.40461006930476434
B3,S3,18,5,49.51805061164535,0.18353086104118918,0.0,1.0003927550604772,1.4000000000000001,0.049075959105755775,0.4788575503578514,2.0090429005342965,5.0,1.0,0.2808683060416597,15.0,0.0,0.0,0.0,1818,65448,18,0.2,0.0,0.37649619802287265
B4,S3,18,5,49.519475076633945,0.1845465200699586,0.20000000000000018,1.0003927550604772,1.4000000000000001,0.04903134482430235,0.4777853486277124,2.159038230465371,5.0,1.0,0.2785177859247786,15.0,0.0,0.0,-0.012785443652232775,1818,65448,18,0.2,0.0,0.4548929603938947
B5,S3,18,5,49.51930300287278,0.18442712167006495,0.20000000000000018,1.0003927550604772,1.4000000000000001,0.04895326201311124,0.4779141020884552,2.1463411089541204,5.0,1.0,0.2787144517898795,15.0,0.0,0.0,0.0,1818,65448,18,0.2,0.0,0.47662177227568175
P,S3,18,5,49.5204803460894,0.18392500933697079,0.0,1.0003927550604772,1.4000000000000001,0.049274840141475734,0.4770417806954228,2.1292816485620887,5.0,1.0,0.2785899513987523,15.0,0.0,0.0,0.0,599,21564,18,1.0,0.0,0.43860775247252387
B0,S4,18,5,49.065613232182116,0.4531547705448934,4.0,1.9338898704416405,7.0,0.07396767379343068,0.5882852693923724,5.481536310904408,5.0,0.0,0.3989340570042684,0.0,0.0,0.0,0.0,0,0,0,0.0,0.0,0.2375902574277632
B1,S4,18,5,49.51830522094028,0.18861943797069122,0.0,1.0003927550604772,1.4000000000000001,0.06002812503979521,0.4789822493523559,2.0780368379213265,4.199999999999999,1.0,0.29041487340964056,0.0,0.0,0.0,0.0,18180,654480,180,0.2,0.0,0.3779773168308467
B2,S4,18,5,49.516362231788065,0.18421507127087186,0.0,1.0003927550604772,1.4000000000000001,0.04900075883916981,0.48011807556728314,1.9320005021718267,5.0,1.0,0.2807604957259583,0.0,0.0,0.0,0.0,1818,65448,18,0.2,0.0,0.3758885346533224
B3,S4,18,5,49.518021198811226,0.18354204856517184,0.0,1.0003927550604772,1.4000000000000001,0.049070947759185794,0.4788795845003406,2.009081320004541,5.0,1.0,0.277539372524296,0.0,0.0,0.0,0.0,1818,65448,18,0.2,0.0,0.38459798019860025
B4,S4,18,5,49.519422132777045,0.18456387989831796,0.20000000000000018,1.0003927550604772,1.4000000000000001,0.0490204706235891,0.4778250313937562,2.159003527618258,5.0,1.0,0.2751923709984777,0.0,0.0,0.0,-0.012785442733476593,1818,65448,18,0.2,0.0,0.5500183762417844
B5,S4,18,5,49.51925005905317,0.184442273105025,0.20000000000000018,1.0003927550604772,1.4000000000000001,0.04894328392725089,0.4779537848266031,2.1462476005308604,5.0,1.0,0.2753890368579983,0.0,0.0,0.0,0.0,1818,65448,18,0.2,0.0,0.46331325742501955
P,S4,18,5,49.51969822525223,0.18404103116445694,0.0,1.0003927550604772,1.4000000000000001,0.048948457639162085,0.47757618845271566,2.1246924063868473,5.0,1.0,0.27538002022202884,0.0,0.0,0.0,0.0,601,21636,18,1.0,0.0,0.45617697029535187
B0,S5,18,5,49.065613232182116,0.4531547705448934,4.0,1.9338898704416405,7.0,0.07396767379343068,0.5882852693923724,5.481536310904408,5.0,0.0,0.3989340570042684,15.0,0.0,0.0,0.0,0,0,0,0.0,0.0,0.25118905940340336
B1,S5,18,5,49.51830522094028,0.18861943797069122,0.0,1.0003927550604772,1.4000000000000001,0.06002812503979521,0.4789822493523559,2.0780368379213265,4.199999999999999,1.0,0.29041487340964056,15.0,0.0,0.0,0.0,18180,654480,180,0.2,0.0,0.4021075148494395
B2,S5,18,5,49.516362231788065,0.18421507127087186,0.0,1.0003927550604772,1.4000000000000001,0.04900075883916981,0.48011807556728314,1.9320005021718267,5.0,1.0,0.2807604957259583,15.0,0.0,0.0,0.0,1818,65448,18,0.2,0.0,0.4190702970305156
B3,S5,18,5,49.518021198811226,0.18354204856517184,0.0,1.0003927550604772,1.4000000000000001,0.049070947759185794,0.4788795845003406,2.009081320004541,5.0,1.0,0.277539372524296,15.0,0.0,0.0,0.0,1818,65448,18,0.2,0.0,0.42316815841620004
B4,S5,18,5,49.519422132777045,0.18456387989831796,0.20000000000000018,1.0003927550604772,1.4000000000000001,0.0490204706235891,0.4778250313937562,2.159003527618258,5.0,1.0,0.2751923709984777,15.0,0.0,0.0,-0.012785442733476593,1818,65448,18,0.2,0.0,0.49770167326714004
B5,S5,18,5,49.51925005905317,0.184442273105025,0.20000000000000018,1.0003927550604772,1.4000000000000001,0.04894328392725089,0.4779537848266031,2.1462476005308604,5.0,1.0,0.2753890368579983,15.0,0.0,0.0,0.0,1818,65448,18,0.2,0.0,0.4456753168317909
P,S5,18,5,49.51969822525223,0.18404103116445694,0.0,1.0003927550604772,1.4000000000000001,0.048948457639162085,0.47757618845271566,2.1246924063868473,5.0,1.0,0.27538002022202884,15.0,0.0,0.0,0.0,601,21636,18,1.0,0.0,0.40795652475395344
B0,S6,18,5,49.11678786974664,0.4310175357114717,0.0,1.9338898704416405,7.0,0.0741792007804779,0.5623419323824166,5.215336789611479,5.0,0.0,0.38560279467542924,16.0,0.0,0.0,0.0,0,0,0,0.0,0.0,0.24097149504753063
B1,S6,18,5,49.54621769971919,0.17688671018913107,0.0,1.0003927550604772,1.4000000000000001,0.06246938999320833,0.4537823002808068,1.9957326601530236,4.199999999999999,1.0,0.2806950795041622,16.0,0.0,0.0,0.0,18180,654480,180,0.2,0.0,0.47256163365955667
B2,S6,18,5,49.544412499539845,0.16878014894494345,0.0,1.0003927550604772,1.4000000000000001,0.04947646357581674,0.45532317809048095,1.7613521552841753,4.0,1.0,0.2695962499352135,16.0,0.0,0.0,0.0,1818,65448,18,0.2,0.0,0.3848236732674105
B3,S6,18,5,49.54731185076965,0.17306325268194114,4.0,1.0003927550604772,1.4000000000000001,0.05020624336305659,0.4526881492303474,2.1317505520499545,5.0,1.0,0.2652992599006721,16.0,0.0,0.0,0.0,1818,65448,18,0.2,0.0,0.3928794653442274
B4,S6,18,5,49.54834501991559,0.17597897982748412,4.0,1.0003927550604772,1.4000000000000001,0.04964085886879437,0.4516549800844132,2.268098335620531,5.0,1.0,0.26308869991329303,16.0,0.0,0.0,-0.013734816805875849,1818,65448,18,0.2,0.0,0.4205075544524505
B5,S6,18,5,49.548149907976885,0.17556912427785004,4.0,1.0003927550604772,1.4000000000000001,0.04954989875007053,0.45185009202311477,2.250075535606553,5.0,1.0,0.2633478239594225,16.0,0.0,0.0,0.0,1818,65448,18,0.2,0.0,0.4682284851480632
P,S6,18,5,49.54817483191552,0.17531555243247676,4.0,1.0003927550604772,1.4000000000000001,0.04951209430717844,0.4518251680844827,2.2408668596160894,5.0,1.0,0.2633198242473023,16.0,0.0,0.0,0.0,620,22320,18,1.0,0.0,0.5439437425746579
B0,S7,18,5,49.11678786974664,0.4310175357114717,0.0,1.9338898704416405,7.0,0.0741792007804779,0.5623419323824166,5.215336789611479,5.0,0.0,0.38560279467542924,16.0,0.0,0.0,0.0,0,0,0,0.0,0.0,0.2534043861388535
B1,S7,18,5,49.54621769971919,0.17688671018913107,0.0,1.0003927550604772,1.4000000000000001,0.06246938999320833,0.4537823002808068,1.9957326601530236,4.199999999999999,1.0,0.2806950795041622,16.0,0.0,0.0,0.0,18180,654480,180,0.2,0.0,0.42017463366022695
B2,S7,18,5,49.544412499539845,0.16878014894494345,0.0,1.0003927550604772,1.4000000000000001,0.04947646357581674,0.45532317809048095,1.7613521552841753,4.0,1.0,0.2695962499352135,16.0,0.0,0.0,0.0,1818,65448,18,0.2,0.0,0.3717628118789831
B3,S7,18,5,49.54731185076965,0.17306325268194114,4.0,1.0003927550604772,1.4000000000000001,0.05020624336305659,0.4526881492303474,2.1317505520499545,5.0,1.0,0.2652992599006721,16.0,0.0,0.0,0.0,1818,65448,18,0.2,0.0,0.38320627722761386
B4,S7,18,5,49.54834501991559,0.17597897982748412,4.0,1.0003927550604772,1.4000000000000001,0.04964085886879437,0.4516549800844132,2.268098335620531,5.0,1.0,0.26308869991329303,16.0,0.0,0.0,-0.013734816805875849,1818,65448,18,0.2,0.0,0.43962897029589365
B5,S7,18,5,49.548149907976885,0.17556912427785004,4.0,1.0003927550604772,1.4000000000000001,0.04954989875007053,0.45185009202311477,2.250075535606553,5.0,1.0,0.2633478239594225,16.0,0.0,0.0,0.0,1818,65448,18,0.2,0.0,0.5284486732676615
P,S7,18,5,49.54817483191552,0.17531555243247676,4.0,1.0003927550604772,1.4000000000000001,0.04951209430717844,0.4518251680844827,2.2408668596160894,5.0,1.0,0.2633198242473023,16.0,0.0,0.0,0.0,620,22320,18,1.0,0.0,0.516488683167541
B0,S1,19,5,49.065613232182116,0.4531547705448934,4.0,1.9338898704416405,7.0,0.07396767379343068,0.5882852693923724,5.481536310904408,5.0,0.0,0.3989340570042684,15.0,0.0,0.0,0.0,0,0,0,0.0,0.0,0.2629552970286721
B1,S1,19,5,49.51834432334045,0.18864770022339888,0.0,1.0003927550604772,1.4000000000000001,0.06007601056136785,0.4789508603993795,2.078706805958688,4.199999999999999,1.0,0.29044648970405335,15.0,0.0,0.0,0.0,18180,654480,180,0.2,0.0,0.3886619306961233
B2,S1,19,5,49.516293909614575,0.18435090311796426,0.0,1.0003927550604772,1.4000000000000001,0.048915146399354875,0.4802055798593088,1.9334906750803007,5.0,1.0,0.28048932650728053,15.0,0.0,0.0,0.0,1818,65448,18,0.2,0.0,0.384713514850404
B3,S1,19,5,49.51786700969572,0.1836109283772449,0.0,1.0003927550604772,1.4000000000000001,0.04899449700526877,0.4790278859193364,2.0123926410424247,5.0,1.0,0.2774699150197065,15.0,0.0,0.0,0.0,1818,65448,18,0.2,0.0,0.42773849505051253
B4,S1,19,5,49.519463544306404,0.18443465388429847,0.20000000000000018,1.0003927550604772,1.4000000000000001,0.0489729535817046,0.47783372751703723,2.151619451039949,5.0,1.0,0.27504211587675553,15.0,0.0,0.0,-0.012725652640896645,1818,65448,18,0.2,0.0,0.4285619108873782
B5,S1,19,5,49.51942047484653,0.18442695013704327,0.20000000000000018,1.0003927550604772,1.4000000000000001,0.048923878397932816,0.47786595405739973,2.150465798504864,5.0,1.0,0.2750961341665654,15.0,0.0,0.0,0.0,1818,65448,18,0.2,0.0,0.44516176237743593
P,S1,19,5,49.51899823204371,0.18432898184197172,0.20000000000000018,1.0003927550604772,1.4000000000000001,0.04879967040092335,0.47816878510825944,2.1388089494684284,5.0,1.0,0.27546344505116466,15.0,0.0,0.0,0.0,575,20700,18,1.0,0.0,0.4380643465335404
B0,S2,19,5,49.11678786974664,0.4310175357114717,0.0,1.9338898704416405,7.0,0.0741792007804779,0.5623419323824166,5.215336789611479,5.0,0.0,0.38560279467542924,16.0,0.0,0.0,0.0,0,0,0,0.0,0.0,0.2721289108896851
B1,S2,19,5,49.54624908867216,0.1769026609105923,0.0,1.0003927550604772,1.4000000000000001,0.0625235210069924,0.4537509113278375,1.9963727627880103,4.199999999999999,1.0,0.2807130092926057,16.0,0.0,0.0,0.0,18180,654480,180,0.2,0.0,0.44128611880926716
B2,S2,19,5,49.544302497502436,0.1688638505023599,0.0,1.0003927550604772,1.4000000000000001,0.049406248928820125,0.4554541991610961,1.7658821125782584,4.0,1.0,0.26943596518568735,16.0,0.0,0.0,0.0,1818,65448,18,0.2,0.0,0.39892996039612844
B3,S2,19,5,49.54692316612648,0.1729183738151276,4.0,1.0003927550604772,1.4000000000000001,0.05018641708544074,0.45307683387351716,2.125310727547584,5.0,1.0,0.26566738809992885,16.0,0.0,0.0,0.0,1818,65448,18,0.2,0.0,0.7423689405933858
B4,S2,19,5,49.548029464300654,0.17592691852531292,4.0,1.0003927550604772,1.4000000000000001,0.0495396450962928,0.45197053569934553,2.263933197273003,5.0,1.0,0.26310945158228927,16.0,0.0,0.0,-0.01376822163442648,1818,65448,18,0.2,0.0,0.4555381782179526
B5,S2,19,5,49.54788499101518,0.1756162247571263,4.0,1.0003927550604772,1.4000000000000001,0.04946333109839509,0.45211500898481916,2.2498158473638306,5.0,1.0,0.26330115151053746,16.0,0.0,0.0,0.0,1818,65448,18,0.2,0.0,0.4553599009890568
P,S2,19,5,49.54816499475177,0.17516646950344253,4.0,1.0003927550604772,1.4000000000000001,0.04949200887039773,0.4518350052482276,2.233957094416652,5.0,1.0,0.2633062247348829,16.0,0.0,0.0,0.0,608,21888,18,1.0,0.0,0.43729573267363336
B0,S3,19,5,49.065613232182116,0.4531547705448934,4.0,1.9338898704416405,7.0,0.07396767379343068,0.5882852693923724,5.481536310904408,5.0,0.0,0.4022673903376018,15.0,0.0,0.0,0.0,0,0,0,0.0,0.0,0.25035761385843575
B1,S3,19,5,49.51863600487737,0.18823597337490325,0.0,1.0003927550604772,1.4000000000000001,0.06007713926685433,0.4787272191386762,2.0721521383677044,4.199999999999999,1.0,0.2937373842923965,15.0,0.0,0.0,0.0,18180,654480,180,0.2,0.0,0.3921802673257033
B2,S3,19,5,49.51629508108494,0.18435056185723295,0.0,1.0003927550604772,1.4000000000000001,0.04891519799455427,0.48020455610321733,1.9334871387896522,5.0,1.0,0.28382256267812883,15.0,0.0,0.0,0.0,1818,65448,18,0.2,0.0,0.3710006039639639
B3,S3,19,5,49.51790139317183,0.18359729259751223,0.0,1.0003927550604772,1.4000000000000001,0.04900049062048098,0.47900217039526893,2.0123472122509933,5.0,1.0,0.280798101284785,15.0,0.0,0.0,0.0,1818,65448,18,0.2,0.0,0.3936298712867956
B4,S3,19,5,49.5195367243707,0.18440992756644803,0.20000000000000018,1.0003927550604772,1.4000000000000001,0.04898770309510861,0.4777791554913975,2.1516381219134955,5.0,1.0,0.2783644753415112,15.0,0.0,0.0,-0.012725644557475047,1818,65448,18,0.2,0.0,0.43055992079310873
B5,S3,19,5,49.519493654908906,0.18440265346061555,0.20000000000000018,1.0003927550604772,1.4000000000000001,0.048938734331884205,0.4778113820332166,2.1504841689089664,5.0,1.0,0.2784184936316058,15.0,0.0,0.0,0.0,1818,65448,18,0.2,0.0,0.4361489603943843
P,S3,19,5,49.51870354047239,0.1845530286041882,0.20000000000000018,1.0003927550604772,1.4000000000000001,0.04881816356012717,0.4784031178100463,2.143351053983724,5.0,1.0,0.2788399684351468,15.0,0.0,0.0,0.0,592,21312,18,1.0,0.0,0.4182191287147343
B0,S4,19,5,49.065613232182116,0.4531547705448934,4.0,1.9338898704416405,7.0,0.07396767379343068,0.5882852693923724,5.481536310904408,5.0,0.0,0.3989340570042684,0.0,0.0,0.0,0.0,0,0,0,0.0,0.0,0.2641955940618735
B1,S4,19,5,49.51834432334045,0.18864770022339888,0.0,1.0003927550604772,1.4000000000000001,0.06007601056136785,0.4789508603993795,2.078706805958688,4.199999999999999,1.0,0.29044648970405335,0.0,0.0,0.0,0.0,18180,654480,180,0.2,0.0,0.506544039608073
B2,S4,19,5,49.516293909614575,0.18435090311796426,0.0,1.0003927550604772,1.4000000000000001,0.048915146399354875,0.4802055798593088,1.9334906750803007,5.0,1.0,0.28048932650728053,0.0,0.0,0.0,0.0,1818,65448,18,0.2,0.0,0.43502115841865907
B3,S4,19,5,49.51786700969572,0.1836109283772449,0.0,1.0003927550604772,1.4000000000000001,0.04899449700526877,0.4790278859193364,2.0123926410424247,5.0,1.0,0.2774699150197065,0.0,0.0,0.0,0.0,1818,65448,18,0.2,0.0,0.3721971287145922
B4,S4,19,5,49.519463544306404,0.18443465388429847,0.20000000000000018,1.0003927550604772,1.4000000000000001,0.0489729535817046,0.47783372751703723,2.151619451039949,5.0,1.0,0.27504211587675553,0.0,0.0,0.0,-0.012725652640896645,1818,65448,18,0.2,0.0,0.42450034653475177
B5,S4,19,5,49.51942047484653,0.18442695013704327,0.20000000000000018,1.0003927550604772,1.4000000000000001,0.048923878397932816,0.47786595405739973,2.150465798504864,5.0,1.0,0.2750961341665654,0.0,0.0,0.0,0.0,1818,65448,18,0.2,0.0,0.45807078218011626
P,S4,19,5,49.51899823204371,0.18432898184197172,0.20000000000000018,1.0003927550604772,1.4000000000000001,0.04879967040092335,0.47816878510825944,2.1388089494684284,5.0,1.0,0.27546344505116466,0.0,0.0,0.0,0.0,575,20700,18,1.0,0.0,0.4106583960402522
B0,S5,19,5,49.065613232182116,0.4531547705448934,4.0,1.9338898704416405,7.0,0.07396767379343068,0.5882852693923724,5.481536310904408,5.0,0.0,0.3989340570042684,15.0,0.0,0.0,0.0,0,0,0,0.0,0.0,0.23243550495043575
B1,S5,19,5,49.51834432334045,0.18864770022339888,0.0,1.0003927550604772,1.4000000000000001,0.06007601056136785,0.4789508603993795,2.078706805958688,4.199999999999999,1.0,0.29044648970405335,15.0,0.0,0.0,0.0,18180,654480,180,0.2,0.0,0.36364057425791796
B2,S5,19,5,49.516293909614575,0.18435090311796426,0.0,1.0003927550604772,1.4000000000000001,0.048915146399354875,0.4802055798593088,1.9334906750803007,5.0,1.0,0.28048932650728053,15.0,0.0,0.0,0.0,1818,65448,18,0.2,0.0,0.3779937227735369
B3,S5,19,5,49.51786700969572,0.1836109283772449,0.0,1.0003927550604772,1.4000000000000001,0.04899449700526877,0.4790278859193364,2.0123926410424247,5.0,1.0,0.2774699150197065,15.0,0.0,0.0,0.0,1818,65448,18,0.2,0.0,0.37277119801981123
B4,S5,19,5,49.519463544306404,0.18443465388429847,0.20000000000000018,1.0003927550604772,1.4000000000000001,0.0489729535817046,0.47783372751703723,2.151619451039949,5.0,1.0,0.27504211587675553,15.0,0.0,0.0,-0.012725652640896645,1818,65448,18,0.2,0.0,0.4354758316817469
B5,S5,19,5,49.51942047484653,0.18442695013704327,0.20000000000000018,1.0003927550604772,1.4000000000000001,0.048923878397932816,0.47786595405739973,2.150465798504864,5.0,1.0,0.2750961341665654,15.0,0.0,0.0,0.0,1818,65448,18,0.2,0.0,0.40838275247614825
P,S5,19,5,49.51899823204371,0.18432898184197172,0.20000000000000018,1.0003927550604772,1.4000000000000001,0.04879967040092335,0.47816878510825944,2.1388089494684284,5.0,1.0,0.27546344505116466,15.0,0.0,0.0,0.0,575,20700,18,1.0,0.0,0.4140638217796721
B0,S6,19,5,49.11678786974664,0.4310175357114717,0.0,1.9338898704416405,7.0,0.0741792007804779,0.5623419323824166,5.215336789611479,5.0,0.0,0.38560279467542924,16.0,0.0,0.0,0.0,0,0,0,0.0,0.0,0.24511971287211054
B1,S6,19,5,49.54624908867216,0.1769026609105923,0.0,1.0003927550604772,1.4000000000000001,0.0625235210069924,0.4537509113278375,1.9963727627880103,4.199999999999999,1.0,0.2807130092926057,16.0,0.0,0.0,0.0,18180,654480,180,0.2,0.0,0.39294771287212926
B2,S6,19,5,49.544302497502436,0.1688638505023599,0.0,1.0003927550604772,1.4000000000000001,0.049406248928820125,0.4554541991610961,1.7658821125782584,4.0,1.0,0.26943596518568735,16.0,0.0,0.0,0.0,1818,65448,18,0.2,0.0,0.38596888118875783
B3,S6,19,5,49.54692316612648,0.1729183738151276,4.0,1.0003927550604772,1.4000000000000001,0.05018641708544074,0.45307683387351716,2.125310727547584,5.0,1.0,0.26566738809992885,16.0,0.0,0.0,0.0,1818,65448,18,0.2,0.0,0.4114696633646733
B4,S6,19,5,49.548029464300654,0.17592691852531292,4.0,1.0003927550604772,1.4000000000000001,0.0495396450962928,0.45197053569934553,2.263933197273003,5.0,1.0,0.26310945158228927,16.0,0.0,0.0,-0.01376822163442648,1818,65448,18,0.2,0.0,0.4343847227699929
B5,S6,19,5,49.54788499101518,0.1756162247571263,4.0,1.0003927550604772,1.4000000000000001,0.04946333109839509,0.45211500898481916,2.2498158473638306,5.0,1.0,0.26330115151053746,16.0,0.0,0.0,0.0,1818,65448,18,0.2,0.0,0.5189861782164011
P,S6,19,5,49.54816499475177,0.17516646950344253,4.0,1.0003927550604772,1.4000000000000001,0.04949200887039773,0.4518350052482276,2.233957094416652,5.0,1.0,0.2633062247348829,16.0,0.0,0.0,0.0,608,21888,18,1.0,0.0,0.4448534653483245
B0,S7,19,5,49.11678786974664,0.4310175357114717,0.0,1.9338898704416405,7.0,0.0741792007804779,0.5623419323824166,5.215336789611479,5.0,0.0,0.38560279467542924,16.0,0.0,0.0,0.0,0,0,0,0.0,0.0,0.25506051484752434
B1,S7,19,5,49.54624908867216,0.1769026609105923,0.0,1.0003927550604772,1.4000000000000001,0.0625235210069924,0.4537509113278375,1.9963727627880103,4.199999999999999,1.0,0.2807130092926057,16.0,0.0,0.0,0.0,18180,654480,180,0.2,0.0,0.39412738614022474
B2,S7,19,5,49.544302497502436,0.1688638505023599,0.0,1.0003927550604772,1.4000000000000001,0.049406248928820125,0.4554541991610961,1.7658821125782584,4.0,1.0,0.26943596518568735,16.0,0.0,0.0,0.0,1818,65448,18,0.2,0.0,0.40248619802020974
B3,S7,19,5,49.54692316612648,0.1729183738151276,4.0,1.0003927550604772,1.4000000000000001,0.05018641708544074,0.45307683387351716,2.125310727547584,5.0,1.0,0.26566738809992885,16.0,0.0,0.0,0.0,1818,65448,18,0.2,0.0,0.4234428514845973
B4,S7,19,5,49.548029464300654,0.17592691852531292,4.0,1.0003927550604772,1.4000000000000001,0.0495396450962928,0.45197053569934553,2.263933197273003,5.0,1.0,0.26310945158228927,16.0,0.0,0.0,-0.01376822163442648,1818,65448,18,0.2,0.0,0.4532136732666571
B5,S7,19,5,49.54788499101518,0.1756162247571263,4.0,1.0003927550604772,1.4000000000000001,0.04946333109839509,0.45211500898481916,2.2498158473638306,5.0,1.0,0.26330115151053746,16.0,0.0,0.0,0.0,1818,65448,18,0.2,0.0,0.5087386633670459
P,S7,19,5,49.54816499475177,0.17516646950344253,4.0,1.0003927550604772,1.4000000000000001,0.04949200887039773,0.4518350052482276,2.233957094416652,5.0,1.0,0.2633062247348829,16.0,0.0,0.0,0.0,608,21888,18,1.0,0.0,0.5013564257454407
B0,S1,20,5,49.065613232182116,0.4531547705448934,4.0,1.9338898704416405,7.0,0.07396767379343068,0.5882852693923724,5.481536310904408,5.0,0.0,0.3989340570042684,15.0,0.0,0.0,0.0,0,0,0,0.0,0.0,0.24375897029392152
B1,S1,20,5,49.51831971279615,0.18863479065563987,0.0,1.0003927550604772,1.4000000000000001,0.06006674217766491,0.4789724359091778,2.079300117455045,4.199999999999999,1.0,0.29047110457307856,15.0,0.0,0.0,0.0,18180,654480,180,0.2,0.0,0.44541993069251834
B2,S1,20,5,49.516393520678584,0.18424330458627694,0.0,1.0003927550604772,1.4000000000000001,0.04888751628352586,0.48011586702837405,1.9287444248233159,5.0,1.0,0.2801047486213985,15.0,0.0,0.0,0.0,1818,65448,18,0.2,0.0,0.4053886138607784
B3,S1,20,5,49.51789846899489,0.18365998634378608,0.0,1.0003927550604772,1.4000000000000001,0.04892239013703696,0.4790064625571233,2.016394876704698,5.0,1.0,0.27693673564417187,15.0,0.0,0.0,0.0,1818,65448,18,0.2,0.0,0.40167539604190455
B4,S1,20,5,49.51653646209061,0.18372984941694023,0.0,1.0003927550604772,1.4000000000000001,0.04881351468397161,0.4800226569493091,1.9060099754662907,5.0,1.0,0.27930773853666385,15.0,0.0,0.0,-0.012639996028870004,1818,65448,18,0.2,0.0,0.40148477227835383
B5,S1,20,5,49.51628858557267,0.18384704722576545,0.0,1.0003927550604772,1.4000000000000001,0.04877562462903611,0.4802102500593648,1.9071328553605533,5.0,1.0,0.279842366839104,15.0,0.0,0.0,0.0,1818,65448,18,0.2,0.0,0.4698309306933321
P,S1,20,5,49.51776409866488,0.18318140042353134,0.0,1.0003927550604772,1.4000000000000001,0.04883326954467058,0.4791053770818223,1.9161546538956742,5.0,1.0,0.27788914654280816,15.0,0.0,0.0,0.0,582,20952,18,1.0,0.0,0.4069578316834805
B0,S2,20,5,49.11678786974664,0.4310175357114717,0.0,1.9338898704416405,7.0,0.0741792007804779,0.5623419323824166,5.215336789611479,5.0,0.0,0.38560279467542924,16.0,0.0,0.0,0.0,0,0,0,0.0,0.0,0.2484183168289206
B1,S2,20,5,49.546227513162385,0.17688332041961577,0.0,1.0003927550604772,1.4000000000000001,0.06251304535443704,0.4537724868376145,1.9960751263255472,4.199999999999999,1.0,0.28075343143073295,16.0,0.0,0.0,0.0,18180,654480,180,0.2,0.0,0.3906472376263199
B2,S2,20,5,49.54440882412903,0.16877842783848043,0.0,1.0003927550604772,1.4000000000000001,0.04932291176657409,0.4553574747993352,1.7652316965100652,4.0,1.0,0.2689842304433275,16.0,0.0,0.0,0.0,1818,65448,18,0.2,0.0,0.3995565049522291
B3,S2,20,5,49.54717753329339,0.1731167906886261,4.0,1.0003927550604772,1.4000000000000001,0.05004350122298347,0.452822466706607,2.1340749688072567,5.0,1.0,0.2647192470500272,16.0,0.0,0.0,0.0,1818,65448,18,0.2,0.0,0.403010653466445
B4,S2,20,5,49.54555373307017,0.1702212005666129,0.0,1.0003927550604772,1.4000000000000001,0.049519259456906224,0.45444626692982837,1.9375826943561802,5.0,1.0,0.26789466182444305,16.0,0.0,0.0,-0.013589324892789856,1818,65448,18,0.2,0.0,0.4570157326756683
B5,S2,20,5,49.54542594142387,0.1701160474007513,0.0,1.0003927550604772,1.4000000000000001,0.049474164186823946,0.454574058576128,1.9199365325138449,5.0,1.0,0.268173880844962,16.0,0.0,0.0,0.0,1818,65448,18,0.2,0.0,0.45796956435717023
P,S2,20,5,49.54631624128438,0.17061073280700734,0.0,1.0003927550604772,1.4000000000000001,0.049493842063550224,0.45368375871561994,1.9609961644145952,5.0,1.0,0.26661977640363355,16.0,0.0,0.0,0.0,664,23904,18,1.0,0.0,0.45357457425816033
B0,S3,20,5,49.065613232182116,0.4531547705448934,4.0,1.9338898704416405,7.0,0.07396767379343068,0.5882852693923724,5.481536310904408,5.0,0.0,0.4022673903376018,15.0,0.0,0.0,0.0,0,0,0,0.0,0.0,0.235573386137253
B1,S3,20,5,49.51861139433308,0.18822379387593433,0.0,1.0003927550604772,1.4000000000000001,0.06006769699059261,0.4787487946484603,2.0727448224334766,4.199999999999999,1.0,0.2937619991614222,15.0,0.0,0.0,0.0,18180,654480,180,0.2,0.0,0.37735252475397263
B2,S3,20,5,49.51639165563198,0.18424401080944677,0.0,1.0003927550604772,1.4000000000000001,0.048887386206093786,0.48011801361459305,1.9287527295015097,5.0,1.0,0.2834383241058438,15.0,0.0,0.0,0.0,1818,65448,18,0.2,0.0,0.37166092079132795
B3,S3,20,5,49.517950010515264,0.1836397060772649,0.0,1.0003927550604772,1.4000000000000001,0.04893137841039194,0.4789679673811378,2.0163261178101584,5.0,1.0,0.28026234000628036,15.0,0.0,0.0,0.0,1818,65448,18,0.2,0.0,0.40412094059581366
B4,S3,20,5,49.516605482114706,0.18369007461542183,0.0,1.0003927550604772,1.4000000000000001,0.04882577107650238,0.47997059574880296,1.905834291046706,5.0,1.0,0.2826307818842714,15.0,0.0,0.0,-0.012640000848173627,1818,65448,18,0.2,0.0,0.4116840990097291
B5,S3,20,5,49.51636477385281,0.18379945310478002,0.0,1.0003927550604772,1.4000000000000001,0.04878827167142496,0.48015070468314747,1.9068744814265457,5.0,1.0,0.28316460917467634,15.0,0.0,0.0,0.0,1818,65448,18,0.2,0.0,0.43060954455748035
P,S3,20,5,49.517777097310415,0.1833465975582471,0.0,1.0003927550604772,1.4000000000000001,0.04890067707035196,0.4791002916300684,1.9217182897141156,5.0,1.0,0.28121859731076426,15.0,0.0,0.0,0.0,603,21708,18,1.0,0.0,0.40739800000088816
B0,S4,20,5,49.065613232182116,0.4531547705448934,4.0,1.9338898704416405,7.0,0.07396767379343068,0.5882852693923724,5.481536310904408,5.0,0.0,0.3989340570042684,0.0,0.0,0.0,0.0,0,0,0,0.0,0.0,0.2269219504918204
B1,S4,20,5,49.51831971279615,0.18863479065563987,0.0,1.0003927550604772,1.4000000000000001,0.06006674217766491,0.4789724359091778,2.079300117455045,4.199999999999999,1.0,0.29047110457307856,0.0,0.0,0.0,0.0,18180,654480,180,0.2,0.0,0.4098412178197154
B2,S4,20,5,49.516393520678584,0.18424330458627694,0.0,1.0003927550604772,1.4000000000000001,0.04888751628352586,0.48011586702837405,1.9287444248233159,5.0,1.0,0.2801047486213985,0.0,0.0,0.0,0.0,1818,65448,18,0.2,0.0,0.3649150297014154
B3,S4,20,5,49.51789846899489,0.18365998634378608,0.0,1.0003927550604772,1.4000000000000001,0.04892239013703696,0.4790064625571233,2.016394876704698,5.0,1.0,0.27693673564417187,0.0,0.0,0.0,0.0,1818,65448,18,0.2,0.0,0.375085019798705
B4,S4,20,5,49.51653646209061,0.18372984941694023,0.0,1.0003927550604772,1.4000000000000001,0.04881351468397161,0.4800226569493091,1.9060099754662907,5.0,1.0,0.27930773853666385,0.0,0.0,0.0,-0.012639996028870004,1818,65448,18,0.2,0.0,0.40972965346797835
B5,S4,20,5,49.51628858557267,0.18384704722576545,0.0,1.0003927550604772,1.4000000000000001,0.04877562462903611,0.4802102500593648,1.9071328553605533,5.0,1.0,0.279842366839104,0.0,0.0,0.0,0.0,1818,65448,18,0.2,0.0,0.40190212871268594
P,S4,20,5,49.51776409866488,0.18318140042353134,0.0,1.0003927550604772,1.4000000000000001,0.04883326954467058,0.4791053770818223,1.9161546538956742,5.0,1.0,0.27788914654280816,0.0,0.0,0.0,0.0,582,20952,18,1.0,0.0,0.5139089801982979
B0,S5,20,5,49.065613232182116,0.4531547705448934,4.0,1.9338898704416405,7.0,0.07396767379343068,0.5882852693923724,5.481536310904408,5.0,0.0,0.3989340570042684,15.0,0.0,0.0,0.0,0,0,0,0.0,0.0,0.23323023762515893
B1,S5,20,5,49.51831971279615,0.18863479065563987,0.0,1.0003927550604772,1.4000000000000001,0.06006674217766491,0.4789724359091778,2.079300117455045,4.199999999999999,1.0,0.29047110457307856,15.0,0.0,0.0,0.0,18180,654480,180,0.2,0.0,0.35904325742275534
B2,S5,20,5,49.516393520678584,0.18424330458627694,0.0,1.0003927550604772,1.4000000000000001,0.04888751628352586,0.48011586702837405,1.9287444248233159,5.0,1.0,0.2801047486213985,15.0,0.0,0.0,0.0,1818,65448,18,0.2,0.0,0.39004683168230364
B3,S5,20,5,49.51789846899489,0.18365998634378608,0.0,1.0003927550604772,1.4000000000000001,0.04892239013703696,0.4790064625571233,2.016394876704698,5.0,1.0,0.27693673564417187,15.0,0.0,0.0,0.0,1818,65448,18,0.2,0.0,0.4002303960420466
B4,S5,20,5,49.51653646209061,0.18372984941694023,0.0,1.0003927550604772,1.4000000000000001,0.04881351468397161,0.4800226569493091,1.9060099754662907,5.0,1.0,0.27930773853666385,15.0,0.0,0.0,-0.012639996028870004,1818,65448,18,0.2,0.0,0.4162772079235756
B5,S5,20,5,49.51628858557267,0.18384704722576545,0.0,1.0003927550604772,1.4000000000000001,0.04877562462903611,0.4802102500593648,1.9071328553605533,5.0,1.0,0.279842366839104,15.0,0.0,0.0,0.0,1818,65448,18,0.2,0.0,0.4006378415820424
P,S5,20,5,49.51776409866488,0.18318140042353134,0.0,1.0003927550604772,1.4000000000000001,0.04883326954467058,0.4791053770818223,1.9161546538956742,5.0,1.0,0.27788914654280816,15.0,0.0,0.0,0.0,582,20952,18,1.0,0.0,0.41363984158547595
B0,S6,20,5,49.11678786974664,0.4310175357114717,0.0,1.9338898704416405,7.0,0.0741792007804779,0.5623419323824166,5.215336789611479,5.0,0.0,0.38560279467542924,16.0,0.0,0.0,0.0,0,0,0,0.0,0.0,0.25799492079098096
B1,S6,20,5,49.546227513162385,0.17688332041961577,0.0,1.0003927550604772,1.4000000000000001,0.06251304535443704,0.4537724868376145,1.9960751263255472,4.199999999999999,1.0,0.28075343143073295,16.0,0.0,0.0,0.0,18180,654480,180,0.2,0.0,0.3777362772275905
B2,S6,20,5,49.54440882412903,0.16877842783848043,0.0,1.0003927550604772,1.4000000000000001,0.04932291176657409,0.4553574747993352,1.7652316965100652,4.0,1.0,0.2689842304433275,16.0,0.0,0.0,0.0,1818,65448,18,0.2,0.0,0.382153762376841
B3,S6,20,5,49.54717753329339,0.1731167906886261,4.0,1.0003927550604772,1.4000000000000001,0.05004350122298347,0.452822466706607,2.1340749688072567,5.0,1.0,0.2647192470500272,16.0,0.0,0.0,0.0,1818,65448,18,0.2,0.0,0.4181285346543752
B4,S6,20,5,49.54555373307017,0.1702212005666129,0.0,1.0003927550604772,1.4000000000000001,0.049519259456906224,0.45444626692982837,1.9375826943561802,5.0,1.0,0.26789466182444305,16.0,0.0,0.0,-0.013589324892789856,1818,65448,18,0.2,0.0,0.44860823761992646
B5,S6,20,5,49.54542594142387,0.1701160474007513,0.0,1.0003927550604772,1.4000000000000001,0.049474164186823946,0.454574058576128,1.9199365325138449,5.0,1.0,0.268173880844962,16.0,0.0,0.0,0.0,1818,65448,18,0.2,0.0,0.46081704950476776
P,S6,20,5,49.54631624128438,0.17061073280700734,0.0,1.0003927550604772,1.4000000000000001,0.049493842063550224,0.45368375871561994,1.9609961644145952,5.0,1.0,0.26661977640363355,16.0,0.0,0.0,0.0,664,23904,18,1.0,0.0,0.4405126831686472
B0,S7,20,5,49.11678786974664,0.4310175357114717,0.0,1.9338898704416405,7.0,0.0741792007804779,0.5623419323824166,5.215336789611479,5.0,0.0,0.38560279467542924,16.0,0.0,0.0,0.0,0,0,0,0.0,0.0,0.25576808910964155
B1,S7,20,5,49.546227513162385,0.17688332041961577,0.0,1.0003927550604772,1.4000000000000001,0.06251304535443704,0.4537724868376145,1.9960751263255472,4.199999999999999,1.0,0.28075343143073295,16.0,0.0,0.0,0.0,18180,654480,180,0.2,0.0,0.38852500990224775
B2,S7,20,5,49.54440882412903,0.16877842783848043,0.0,1.0003927550604772,1.4000000000000001,0.04932291176657409,0.4553574747993352,1.7652316965100652,4.0,1.0,0.2689842304433275,16.0,0.0,0.0,0.0,1818,65448,18,0.2,0.0,0.4053065049492493
B3,S7,20,5,49.54717753329339,0.1731167906886261,4.0,1.0003927550604772,1.4000000000000001,0.05004350122298347,0.452822466706607,2.1340749688072567,5.0,1.0,0.2647192470500272,16.0,0.0,0.0,0.0,1818,65448,18,0.2,0.0,0.42445049505001614
B4,S7,20,5,49.54555373307017,0.1702212005666129,0.0,1.0003927550604772,1.4000000000000001,0.049519259456906224,0.45444626692982837,1.9375826943561802,5.0,1.0,0.26789466182444305,16.0,0.0,0.0,-0.013589324892789856,1818,65448,18,0.2,0.0,0.4309644356440138
B5,S7,20,5,49.54542594142387,0.1701160474007513,0.0,1.0003927550604772,1.4000000000000001,0.049474164186823946,0.454574058576128,1.9199365325138449,5.0,1.0,0.268173880844962,16.0,0.0,0.0,0.0,1818,65448,18,0.2,0.0,0.4696888217814817
P,S7,20,5,49.54631624128438,0.17061073280700734,0.0,1.0003927550604772,1.4000000000000001,0.049493842063550224,0.45368375871561994,1.9609961644145952,5.0,1.0,0.26661977640363355,16.0,0.0,0.0,0.0,664,23904,18,1.0,0.0,0.43866205940521286
B0,S1,21,5,49.065613232182116,0.4531547705448934,4.0,1.9338898704416405,7.0,0.07396767379343068,0.5882852693923724,5.481536310904408,5.0,0.0,0.3989340570042684,15.0,0.0,0.0,0.0,0,0,0,0.0,0.0,0.23526589108886323
B1,S1,21,5,49.51835382461251,0.18856029554479942,0.0,1.0003927550604772,1.4000000000000001,0.06005670945288006,0.4789469120708034,2.0767622944636823,4.199999999999999,1.0,0.2904479861709145,15.0,0.0,0.0,0.0,18180,654480,180,0.2,0.0,0.37395082178347977
B2,S1,21,5,49.51653245753516,0.18423977228466432,0.0,1.0003927550604772,1.4000000000000001,0.04890866648814058,0.4799472542470795,1.932118302499285,5.0,1.0,0.2804125151763626,15.0,0.0,0.0,0.0,1818,65448,18,0.2,0.0,0.41172397029843316
B3,S1,21,5,49.51826971001394,0.18348426084169575,0.0,1.0003927550604772,1.4000000000000001,0.04897364291780412,0.47865300101677377,2.0118855672826763,5.0,1.0,0.2772769543627432,15.0,0.0,0.0,0.0,1818,65448,18,0.2,0.0,0.39245176237660184
B4,S1,21,5,49.51903616467426,0.18392274903049083,0.0,1.0003927550604772,1.4000000000000001,0.04887895832477053,0.4780733413903704,2.0967276674269115,5.0,1.0,0.2758959894166694,15.0,0.0,0.0,-0.01250475706426013,1818,65448,18,0.2,0.0,0.42549108910870836
B5,S1,21,5,49.51894688244267,0.18388282838562917,0.0,1.0003927550604772,1.4000000000000001,0.048834592537483686,0.47814014644086456,2.0913085592191085,5.0,1.0,0.27600609253564595,15.0,0.0,0.0,0.0,1818,65448,18,0.2,0.0,0.4206179603960942
P,S1,21,5,49.517802892763626,0.18384446291274403,0.0,1.0003927550604772,1.4000000000000001,0.04875686290721127,0.4789897340791498,2.054556931357581,5.0,1.0,0.27743213062184907,15.0,0.0,0.0,0.0,606,21816,18,1.0,0.0,0.44462088119124216
B0,S2,21,5,49.11678786974664,0.4310175357114717,0.0,1.9338898704416405,7.0,0.0741792007804779,0.5623419323824166,5.215336789611479,5.0,0.0,0.38560279467542924,16.0,0.0,0.0,0.0,0,0,0,0.0,0.0,0.2501772079211709
B1,S2,21,5,49.546253037000746,0.1768147269590329,0.0,1.0003927550604772,1.4000000000000001,0.062495381969658204,0.4537469629992543,1.994344854982573,4.199999999999999,1.0,0.2807207561212916,16.0,0.0,0.0,0.0,18180,654480,180,0.2,0.0,0.4262474059428899
B2,S2,21,5,49.54455211048484,0.16879438908609506,0.0,1.0003927550604772,1.4000000000000001,0.04950423904547461,0.455184320827712,1.7654775434014847,4.0,1.0,0.2693086244315145,16.0,0.0,0.0,0.0,1818,65448,18,0.2,0.0,0.3770353762387692
B3,S2,21,5,49.54756110841822,0.17307815369467103,4.0,1.0003927550604772,1.4000000000000001,0.05032610507803494,0.4524388915817781,2.1344933981958323,5.0,1.0,0.26519449502508247,16.0,0.0,0.0,0.0,1818,65448,18,0.2,0.0,0.4387399702963113
B4,S2,21,5,49.547237691312084,0.17254390113961673,4.0,1.0003927550604772,1.4000000000000001,0.049663344353681506,0.452762308687916,2.1121087819534035,5.0,1.0,0.2651887059583638,16.0,0.0,0.0,-0.013538255721133652,1818,65448,18,0.2,0.0,0.47082162376286174
B5,S2,21,5,49.547041023401135,0.1721234114964979,4.0,1.0003927550604772,1.4000000000000001,0.0496392486069319,0.45295897659886464,2.0872770142332753,5.0,1.0,0.2656612009069233,16.0,0.0,0.0,0.0,1818,65448,18,0.2,0.0,0.42414884158704197
P,S2,21,5,49.54729139743489,0.1725184562881952,4.0,1.0003927550604772,1.4000000000000001,0.049614682343139836,0.45270860256511014,2.1056857907718975,5.0,1.0,0.26504165246483485,16.0,0.0,0.0,0.0,591,21276,18,1.0,0.0,0.42361346534715555
B0,S3,21,5,49.065613232182116,0.4531547705448934,4.0,1.9338898704416405,7.0,0.07396767379343068,0.5882852693923724,5.481536310904408,5.0,0.0,0.4022673903376018,15.0,0.0,0.0,0.0,0,0,0,0.0,0.0,0.23346232672896677
B1,S3,21,5,49.51864550614946,0.18814967182206316,0.0,1.0003927550604772,1.4000000000000001,0.06005783431479892,0.4787232708100788,2.0702073481625765,4.199999999999999,1.0,0.2937388807592582,15.0,0.0,0.0,0.0,18180,654480,180,0.2,0.0,0.37279905940846614
B2,S3,21,5,49.516530592488564,0.18424046768138402,0.0,1.0003927550604772,1.4000000000000001,0.04890853771462955,0.4799494008332985,1.9321263909107387,5.0,1.0,0.28374609066080797,15.0,0.0,0.0,0.0,1818,65448,18,0.2,0.0,0.36404898019730414
B3,S3,21,5,49.51827661500006,0.18348163231686324,0.0,1.0003927550604772,1.4000000000000001,0.04897484311890453,0.4786478618209742,2.011875684146251,5.0,1.0,0.2806092552265966,15.0,0.0,0.0,0.0,1818,65448,18,0.2,0.0,0.3823634554482671
B4,S3,21,5,49.51905832608426,0.18391588002656437,0.0,1.0003927550604772,1.4000000000000001,0.04888324583559634,0.4780571684847814,2.096770312851478,5.0,1.0,0.27922603341262103,15.0,0.0,0.0,-0.012504745902440106,1818,65448,18,0.2,0.0,0.4264046732678613
B5,S3,21,5,49.51896904386025,0.18387603144756112,0.0,1.0003927550604772,1.4000000000000001,0.048838888606183004,0.47812397352959835,2.0913517715709227,5.0,1.0,0.27933613653046957,15.0,0.0,0.0,0.0,1818,65448,18,0.2,0.0,0.42050343564360537
P,S3,21,5,49.517824658338796,0.1838782189617055,0.0,1.0003927550604772,1.4000000000000001,0.048813373708026526,0.47898335216464005,2.0574711866046056,5.0,1.0,0.2807599636554228,15.0,0.0,0.0,0.0,605,21780,18,1.0,0.0,0.3963184554453223
B0,S4,21,5,49.065613232182116,0.4531547705448934,4.0,1.9338898704416405,7.0,0.07396767379343068,0.5882852693923724,5.481536310904408,5.0,0.0,0.3989340570042684,0.0,0.0,0.0,0.0,0,0,0,0.0,0.0,0.23004915841612625
B1,S4,21,5,49.51835382461251,0.18856029554479942,0.0,1.0003927550604772,1.4000000000000001,0.06005670945288006,0.4789469120708034,2.0767622944636823,4.199999999999999,1.0,0.2904479861709145,0.0,0.0,0.0,0.0,18180,654480,180,0.2,0.0,0.4045375148511949
B2,S4,21,5,49.51653245753516,0.18423977228466432,0.0,1.0003927550604772,1.4000000000000001,0.04890866648814058,0.4799472542470795,1.932118302499285,5.0,1.0,0.2804125151763626,0.0,0.0,0.0,0.0,1818,65448,18,0.2,0.0,0.37258010891014465
B3,S4,21,5,49.51826971001394,0.18348426084169575,0.0,1.0003927550604772,1.4000000000000001,0.04897364291780412,0.47865300101677377,2.0118855672826763,5.0,1.0,0.2772769543627432,0.0,0.0,0.0,0.0,1818,65448,18,0.2,0.0,0.46251887129028996
B4,S4,21,5,49.51903616467426,0.18392274903049083,0.0,1.0003927550604772,1.4000000000000001,0.04887895832477053,0.4780733413903704,2.0967276674269115,5.0,1.0,0.2758959894166694,0.0,0.0,0.0,-0.01250475706426013,1818,65448,18,0.2,0.0,0.44476149505138857
B5,S4,21,5,49.51894688244267,0.18388282838562917,0.0,1.0003927550604772,1.4000000000000001,0.048834592537483686,0.47814014644086456,2.0913085592191085,5.0,1.0,0.27600609253564595,0.0,0.0,0.0,0.0,1818,65448,18,0.2,0.0,0.41023736633691765
P,S4,21,5,49.517802892763626,0.18384446291274403,0.0,1.0003927550604772,1.4000000000000001,0.04875686290721127,0.4789897340791498,2.054556931357581,5.0,1.0,0.27743213062184907,0.0,0.0,0.0,0.0,606,21816,18,1.0,0.0,0.429209584158028
B0,S5,21,5,49.065613232182116,0.4531547705448934,4.0,1.9338898704416405,7.0,0.07396767379343068,0.5882852693923724,5.481536310904408,5.0,0.0,0.3989340570042684,15.0,0.0,0.0,0.0,0,0,0,0.0,0.0,0.22610290099043712
B1,S5,21,5,49.51835382461251,0.18856029554479942,0.0,1.0003927550604772,1.4000000000000001,0.06005670945288006,0.4789469120708034,2.0767622944636823,4.199999999999999,1.0,0.2904479861709145,15.0,0.0,0.0,0.0,18180,654480,180,0.2,0.0,0.36876007920504394
B2,S5,21,5,49.51653245753516,0.18423977228466432,0.0,1.0003927550604772,1.4000000000000001,0.04890866648814058,0.4799472542470795,1.932118302499285,5.0,1.0,0.2804125151763626,15.0,0.0,0.0,0.0,1818,65448,18,0.2,0.0,0.3664255049497484
B3,S5,21,5,49.51826971001394,0.18348426084169575,0.0,1.0003927550604772,1.4000000000000001,0.04897364291780412,0.47865300101677377,2.0118855672826763,5.0,1.0,0.2772769543627432,15.0,0.0,0.0,0.0,1818,65448,18,0.2,0.0,0.40331881188316093
B4,S5,21,5,49.51903616467426,0.18392274903049083,0.0,1.0003927550604772,1.4000000000000001,0.04887895832477053,0.4780733413903704,2.0967276674269115,5.0,1.0,0.2758959894166694,15.0,0.0,0.0,-0.01250475706426013,1818,65448,18,0.2,0.0,0.41724288119007497
B5,S5,21,5,49.51894688244267,0.18388282838562917,0.0,1.0003927550604772,1.4000000000000001,0.048834592537483686,0.47814014644086456,2.0913085592191085,5.0,1.0,0.27600609253564595,15.0,0.0,0.0,0.0,1818,65448,18,0.2,0.0,0.4742387524748836
P,S5,21,5,49.517802892763626,0.18384446291274403,0.0,1.0003927550604772,1.4000000000000001,0.04875686290721127,0.4789897340791498,2.054556931357581,5.0,1.0,0.27743213062184907,15.0,0.0,0.0,0.0,606,21816,18,1.0,0.0,0.41885425742851895
B0,S6,21,5,49.11678786974664,0.4310175357114717,0.0,1.9338898704416405,7.0,0.0741792007804779,0.5623419323824166,5.215336789611479,5.0,0.0,0.38560279467542924,16.0,0.0,0.0,0.0,0,0,0,0.0,0.0,0.2614923168318392
B1,S6,21,5,49.546253037000746,0.1768147269590329,0.0,1.0003927550604772,1.4000000000000001,0.062495381969658204,0.4537469629992543,1.994344854982573,4.199999999999999,1.0,0.2807207561212916,16.0,0.0,0.0,0.0,18180,654480,180,0.2,0.0,0.41581236633862884
B2,S6,21,5,49.54455211048484,0.16879438908609506,0.0,1.0003927550604772,1.4000000000000001,0.04950423904547461,0.455184320827712,1.7654775434014847,4.0,1.0,0.2693086244315145,16.0,0.0,0.0,0.0,1818,65448,18,0.2,0.0,0.3999011881178646
B3,S6,21,5,49.54756110841822,0.17307815369467103,4.0,1.0003927550604772,1.4000000000000001,0.05032610507803494,0.4524388915817781,2.1344933981958323,5.0,1.0,0.26519449502508247,16.0,0.0,0.0,0.0,1818,65448,18,0.2,0.0,0.4171504653442915
B4,S6,21,5,49.547237691312084,0.17254390113961673,4.0,1.0003927550604772,1.4000000000000001,0.049663344353681506,0.452762308687916,2.1121087819534035,5.0,1.0,0.2651887059583638,16.0,0.0,0.0,-0.013538255721133652,1818,65448,18,0.2,0.0,0.538024861388033
B5,S6,21,5,49.547041023401135,0.1721234114964979,4.0,1.0003927550604772,1.4000000000000001,0.0496392486069319,0.45295897659886464,2.0872770142332753,5.0,1.0,0.2656612009069233,16.0,0.0,0.0,0.0,1818,65448,18,0.2,0.0,0.4543176534644943
P,S6,21,5,49.54729139743489,0.1725184562881952,4.0,1.0003927550604772,1.4000000000000001,0.049614682343139836,0.45270860256511014,2.1056857907718975,5.0,1.0,0.26504165246483485,16.0,0.0,0.0,0.0,591,21276,18,1.0,0.0,0.435172297028036
B0,S7,21,5,49.11678786974664,0.4310175357114717,0.0,1.9338898704416405,7.0,0.0741792007804779,0.5623419323824166,5.215336789611479,5.0,0.0,0.38560279467542924,16.0,0.0,0.0,0.0,0,0,0,0.0,0.0,0.2498909306907963
B1,S7,21,5,49.546253037000746,0.1768147269590329,0.0,1.0003927550604772,1.4000000000000001,0.062495381969658204,0.4537469629992543,1.994344854982573,4.199999999999999,1.0,0.2807207561212916,16.0,0.0,0.0,0.0,18180,654480,180,0.2,0.0,0.4603232178212265
B2,S7,21,5,49.54455211048484,0.16879438908609506,0.0,1.0003927550604772,1.4000000000000001,0.04950423904547461,0.455184320827712,1.7654775434014847,4.0,1.0,0.2693086244315145,16.0,0.0,0.0,0.0,1818,65448,18,0.2,0.0,0.4512351980194202
B3,S7,21,5,49.54756110841822,0.17307815369467103,4.0,1.0003927550604772,1.4000000000000001,0.05032610507803494,0.4524388915817781,2.1344933981958323,5.0,1.0,0.26519449502508247,16.0,0.0,0.0,0.0,1818,65448,18,0.2,0.0,0.4611955544550985
B4,S7,21,5,49.547237691312084,0.17254390113961673,4.0,1.0003927550604772,1.4000000000000001,0.049663344353681506,0.452762308687916,2.1121087819534035,5.0,1.0,0.2651887059583638,16.0,0.0,0.0,-0.013538255721133652,1818,65448,18,0.2,0.0,0.4604766237603729
B5,S7,21,5,49.547041023401135,0.1721234114964979,4.0,1.0003927550604772,1.4000000000000001,0.0496392486069319,0.45295897659886464,2.0872770142332753,5.0,1.0,0.2656612009069233,16.0,0.0,0.0,0.0,1818,65448,18,0.2,0.0,0.43645644554188867
P,S7,21,5,49.54729139743489,0.1725184562881952,4.0,1.0003927550604772,1.4000000000000001,0.049614682343139836,0.45270860256511014,2.1056857907718975,5.0,1.0,0.26504165246483485,16.0,0.0,0.0,0.0,591,21276,18,1.0,0.0,0.42843324752647105
B0,S1,22,5,49.065613232182116,0.4531547705448934,4.0,1.9338898704416405,7.0,0.07396767379343068,0.5882852693923724,5.481536310904408,5.0,0.0,0.3989340570042684,15.0,0.0,0.0,0.0,0,0,0,0.0,0.0,0.2693803762397666
B1,S1,22,5,49.51829272809522,0.18860775375908062,0.0,1.0003927550604772,1.4000000000000001,0.060048020960732744,0.4789938692147828,2.0781834211073376,4.199999999999999,1.0,0.29044844518843926,15.0,0.0,0.0,0.0,18180,654480,180,0.2,0.0,0.431678960395213
B2,S1,22,5,49.516403725483364,0.18418740224122057,0.0,1.0003927550604772,1.4000000000000001,0.04894273270176317,0.4800692497449788,1.9302351675828313,5.0,1.0,0.28061912597939914,15.0,0.0,0.0,0.0,1818,65448,18,0.2,0.0,0.39629653465543935
B3,S1,22,5,49.51814073322436,0.18346159077043897,0.0,1.0003927550604772,1.4000000000000001,0.04895477745431463,0.4787853012733265,2.004051402322308,5.0,1.0,0.2772536934618242,15.0,0.0,0.0,0.0,1818,65448,18,0.2,0.0,0.3925714158417532
B4,S1,22,5,49.52003518871636,0.18476570352036698,0.20000000000000018,1.0003927550604772,1.4000000000000001,0.04917262466151411,0.47735635853236147,2.1894642730222795,5.0,1.0,0.2746357167193476,15.0,0.0,0.0,-0.013407385274156414,1818,65448,18,0.2,0.0,0.43581506930638736
B5,S1,22,5,49.520128686370334,0.18485077210818168,0.20000000000000018,1.0003927550604772,1.4000000000000001,0.049185261501098275,0.47728639930998185,2.195903437167675,5.0,1.0,0.2745266574141488,15.0,0.0,0.0,0.0,1818,65448,18,0.2,0.0,0.4637627524755204
P,S1,22,5,49.51948810467054,0.18485550145165766,0.20000000000000018,1.0003927550604772,1.4000000000000001,0.048982169814014674,0.4777551190498386,2.1837784523700865,5.0,1.0,0.2744244667122747,15.0,0.0,0.0,0.0,532,19152,18,1.0,0.0,0.41633891088969166
B0,S2,22,5,49.11678786974664,0.4310175357114717,0.0,1.9338898704416405,7.0,0.0741792007804779,0.5623419323824166,5.215336789611479,5.0,0.0,0.38560279467542924,16.0,0.0,0.0,0.0,0,0,0,0.0,0.0,0.26876041584449073
B1,S2,22,5,49.546206079856766,0.17687263850912938,0.0,1.0003927550604772,1.4000000000000001,0.06248763155080845,0.4537939201432337,1.9959531400859956,4.199999999999999,1.0,0.2807329296499506,16.0,0.0,0.0,0.0,18180,654480,180,0.2,0.0,0.39603603960077266
B2,S2,22,5,49.54448448170154,0.16871869722995705,0.0,1.0003927550604772,1.4000000000000001,0.04954187213880058,0.4552425201143251,1.7587969558430636,4.0,1.0,0.26953795390314256,16.0,0.0,0.0,0.0,1818,65448,18,0.2,0.0,0.42518051484894204
B3,S2,22,5,49.547205111708614,0.1728201947018373,4.0,1.0003927550604772,1.4000000000000001,0.05021452814356294,0.45279488829138614,2.1197416471522503,5.0,1.0,0.2653180445968958,16.0,0.0,0.0,0.0,1818,65448,18,0.2,0.0,0.5917408415830278
B4,S2,22,5,49.54811721481585,0.17565216291936847,4.0,1.0003927550604772,1.4000000000000001,0.04955946725391686,0.4518827851841465,2.256352485882638,5.0,1.0,0.2631989679837721,16.0,0.0,0.0,-0.014514893400262352,1818,65448,18,0.2,0.0,0.4612645247521364
B5,S2,22,5,49.548087132777155,0.1756014031670079,4.0,1.0003927550604772,1.4000000000000001,0.04950505307565174,0.45191286722284474,2.2528586917660762,5.0,1.0,0.26323744283880873,16.0,0.0,0.0,0.0,1818,65448,18,0.2,0.0,0.44161426732520487
P,S2,22,5,49.548352155589335,0.17529049278359696,4.0,1.0003927550604772,1.4000000000000001,0.049526636133932087,0.4516478444106653,2.2432693052605313,5.0,1.0,0.26315468063007363,16.0,0.0,0.0,0.0,611,21996,18,1.0,0.0,0.46983606930688
B0,S3,22,5,49.065613232182116,0.4531547705448934,4.0,1.9338898704416405,7.0,0.07396767379343068,0.5882852693923724,5.481536310904408,5.0,0.0,0.4022673903376018,15.0,0.0,0.0,0.0,0,0,0,0.0,0.0,0.24520554455256666
B1,S3,22,5,49.51858440963216,0.18819684927674574,0.0,1.0003927550604772,1.4000000000000001,0.060049159307215286,0.4787702279540724,2.071628532386642,4.199999999999999,1.0,0.29373933977678257,15.0,0.0,0.0,0.0,18180,654480,180,0.2,0.0,0.39555633663376916
B2,S3,22,5,49.51640186043673,0.18418805734736152,0.0,1.0003927550604772,1.4000000000000001,0.048942609790965125,0.4800713963312333,1.9302426239790536,5.0,1.0,0.28395270146384377,15.0,0.0,0.0,0.0,1818,65448,18,0.2,0.0,0.40525820792153
B3,S3,22,5,49.51820141105472,0.18343905446401315,0.0,1.0003927550604772,1.4000000000000001,0.04896661048037688,0.4787399032147732,2.004195505761101,5.0,1.0,0.2805779436384728,15.0,0.0,0.0,0.0,1818,65448,18,0.2,0.0,0.4333963267328889
B4,S3,22,5,49.52008202968145,0.1847504334316524,0.20000000000000018,1.0003927550604772,1.4000000000000001,0.049183930786398655,0.4773214602826954,2.1894635486591625,5.0,1.0,0.27796201854836206,15.0,0.0,0.0,-0.013407345526126768,1818,65448,18,0.2,0.0,0.5148153168328021
B5,S3,22,5,49.5201755273031,0.18483616807671008,0.20000000000000018,1.0003927550604772,1.4000000000000001,0.049197358698062715,0.47725150108450265,2.1959024912584626,5.0,1.0,0.2778529592480038,15.0,0.0,0.0,0.0,1818,65448,18,0.2,0.0,0.45474173267204676
P,S3,22,5,49.520247708071786,0.18470392359563553,0.20000000000000018,1.0003927550604772,1.4000000000000001,0.04919738787633766,0.4771888506152422,2.185947687362814,5.0,1.0,0.27764384233703043,15.0,0.0,0.0,0.0,548,19728,18,1.0,0.0,0.43390223762267704
B0,S4,22,5,49.065613232182116,0.4531547705448934,4.0,1.9338898704416405,7.0,0.07396767379343068,0.5882852693923724,5.481536310904408,5.0,0.0,0.3989340570042684,0.0,0.0,0.0,0.0,0,0,0,0.0,0.0,0.2609771485151556
B1,S4,22,5,49.51829272809522,0.18860775375908062,0.0,1.0003927550604772,1.4000000000000001,0.060048020960732744,0.4789938692147828,2.0781834211073376,4.199999999999999,1.0,0.29044844518843926,0.0,0.0,0.0,0.0,18180,654480,180,0.2,0.0,0.3949245841579228
B2,S4,22,5,49.516403725483364,0.18418740224122057,0.0,1.0003927550604772,1.4000000000000001,0.04894273270176317,0.4800692497449788,1.9302351675828313,5.0,1.0,0.28061912597939914,0.0,0.0,0.0,0.0,1818,65448,18,0.2,0.0,0.4989386138596715
B3,S4,22,5,49.51814073322436,0.18346159077043897,0.0,1.0003927550604772,1.4000000000000001,0.04895477745431463,0.4787853012733265,2.004051402322308,5.0,1.0,0.2772536934618242,0.0,0.0,0.0,0.0,1818,65448,18,0.2,0.0,0.38797452475366734
B4,S4,22,5,49.52003518871636,0.18476570352036698,0.20000000000000018,1.0003927550604772,1.4000000000000001,0.04917262466151411,0.47735635853236147,2.1894642730222795,5.0,1.0,0.2746357167193476,0.0,0.0,0.0,-0.013407385274156414,1818,65448,18,0.2,0.0,0.4314928316831572
B5,S4,22,5,49.520128686370334,0.18485077210818168,0.20000000000000018,1.0003927550604772,1.4000000000000001,0.049185261501098275,0.47728639930998185,2.195903437167675,5.0,1.0,0.2745266574141488,0.0,0.0,0.0,0.0,1818,65448,18,0.2,0.0,0.42554824752790743
P,S4,22,5,49.51948810467054,0.18485550145165766,0.20000000000000018,1.0003927550604772,1.4000000000000001,0.048982169814014674,0.4777551190498386,2.1837784523700865,5.0,1.0,0.2744244667122747,0.0,0.0,0.0,0.0,532,19152,18,1.0,0.0,0.4176295841590569
B0,S5,22,5,49.065613232182116,0.4531547705448934,4.0,1.9338898704416405,7.0,0.07396767379343068,0.5882852693923724,5.481536310904408,5.0,0.0,0.3989340570042684,15.0,0.0,0.0,0.0,0,0,0,0.0,0.0,0.24623434653519083
B1,S5,22,5,49.51829272809522,0.18860775375908062,0.0,1.0003927550604772,1.4000000000000001,0.060048020960732744,0.4789938692147828,2.0781834211073376,4.199999999999999,1.0,0.29044844518843926,15.0,0.0,0.0,0.0,18180,654480,180,0.2,0.0,0.39192656435495726
B2,S5,22,5,49.516403725483364,0.18418740224122057,0.0,1.0003927550604772,1.4000000000000001,0.04894273270176317,0.4800692497449788,1.9302351675828313,5.0,1.0,0.28061912597939914,15.0,0.0,0.0,0.0,1818,65448,18,0.2,0.0,0.40616860396406956
B3,S5,22,5,49.51814073322436,0.18346159077043897,0.0,1.0003927550604772,1.4000000000000001,0.04895477745431463,0.4787853012733265,2.004051402322308,5.0,1.0,0.2772536934618242,15.0,0.0,0.0,0.0,1818,65448,18,0.2,0.0,0.37789494059541195
B4,S5,22,5,49.52003518871636,0.18476570352036698,0.20000000000000018,1.0003927550604772,1.4000000000000001,0.04917262466151411,0.47735635853236147,2.1894642730222795,5.0,1.0,0.2746357167193476,15.0,0.0,0.0,-0.013407385274156414,1818,65448,18,0.2,0.0,0.41639215841413635
B5,S5,22,5,49.520128686370334,0.18485077210818168,0.20000000000000018,1.0003927550604772,1.4000000000000001,0.049185261501098275,0.47728639930998185,2.195903437167675,5.0,1.0,0.2745266574141488,15.0,0.0,0.0,0.0,1818,65448,18,0.2,0.0,0.4385090495014821
P,S5,22,5,49.51948810467054,0.18485550145165766,0.20000000000000018,1.0003927550604772,1.4000000000000001,0.048982169814014674,0.4777551190498386,2.1837784523700865,5.0,1.0,0.2744244667122747,15.0,0.0,0.0,0.0,532,19152,18,1.0,0.0,0.4133130198016882
B0,S6,22,5,49.11678786974664,0.4310175357114717,0.0,1.9338898704416405,7.0,0.0741792007804779,0.5623419323824166,5.215336789611479,5.0,0.0,0.38560279467542924,16.0,0.0,0.0,0.0,0,0,0,0.0,0.0,0.2542794356423377
B1,S6,22,5,49.546206079856766,0.17687263850912938,0.0,1.0003927550604772,1.4000000000000001,0.06248763155080845,0.4537939201432337,1.9959531400859956,4.199999999999999,1.0,0.2807329296499506,16.0,0.0,0.0,0.0,18180,654480,180,0.2,0.0,0.39409619802256096
B2,S6,22,5,49.54448448170154,0.16871869722995705,0.0,1.0003927550604772,1.4000000000000001,0.04954187213880058,0.4552425201143251,1.7587969558430636,4.0,1.0,0.26953795390314256,16.0,0.0,0.0,0.0,1818,65448,18,0.2,0.0,0.39221333663410385
B3,S6,22,5,49.547205111708614,0.1728201947018373,4.0,1.0003927550604772,1.4000000000000001,0.05021452814356294,0.45279488829138614,2.1197416471522503,5.0,1.0,0.2653180445968958,16.0,0.0,0.0,0.0,1818,65448,18,0.2,0.0,0.4098950594062885
B4,S6,22,5,49.54811721481585,0.17565216291936847,4.0,1.0003927550604772,1.4000000000000001,0.04955946725391686,0.4518827851841465,2.256352485882638,5.0,1.0,0.2631989679837721,16.0,0.0,0.0,-0.014514893400262352,1818,65448,18,0.2,0.0,0.42647491088723427
B5,S6,22,5,49.548087132777155,0.1756014031670079,4.0,1.0003927550604772,1.4000000000000001,0.04950505307565174,0.45191286722284474,2.2528586917660762,5.0,1.0,0.26323744283880873,16.0,0.0,0.0,0.0,1818,65448,18,0.2,0.0,0.4351470000002148
P,S6,22,5,49.548352155589335,0.17529049278359696,4.0,1.0003927550604772,1.4000000000000001,0.049526636133932087,0.4516478444106653,2.2432693052605313,5.0,1.0,0.26315468063007363,16.0,0.0,0.0,0.0,611,21996,18,1.0,0.0,0.42603970296743743
B0,S7,22,5,49.11678786974664,0.4310175357114717,0.0,1.9338898704416405,7.0,0.0741792007804779,0.5623419323824166,5.215336789611479,5.0,0.0,0.38560279467542924,16.0,0.0,0.0,0.0,0,0,0,0.0,0.0,0.2495457128728472
B1,S7,22,5,49.546206079856766,0.17687263850912938,0.0,1.0003927550604772,1.4000000000000001,0.06248763155080845,0.4537939201432337,1.9959531400859956,4.199999999999999,1.0,0.2807329296499506,16.0,0.0,0.0,0.0,18180,654480,180,0.2,0.0,0.3897652574265197
B2,S7,22,5,49.54448448170154,0.16871869722995705,0.0,1.0003927550604772,1.4000000000000001,0.04954187213880058,0.4552425201143251,1.7587969558430636,4.0,1.0,0.26953795390314256,16.0,0.0,0.0,0.0,1818,65448,18,0.2,0.0,0.3953968910914993
B3,S7,22,5,49.547205111708614,0.1728201947018373,4.0,1.0003927550604772,1.4000000000000001,0.05021452814356294,0.45279488829138614,2.1197416471522503,5.0,1.0,0.2653180445968958,16.0,0.0,0.0,0.0,1818,65448,18,0.2,0.0,0.42984479207889575
B4,S7,22,5,49.54811721481585,0.17565216291936847,4.0,1.0003927550604772,1.4000000000000001,0.04955946725391686,0.4518827851841465,2.256352485882638,5.0,1.0,0.2631989679837721,16.0,0.0,0.0,-0.014514893400262352,1818,65448,18,0.2,0.0,0.4477283069304171
B5,S7,22,5,49.548087132777155,0.1756014031670079,4.0,1.0003927550604772,1.4000000000000001,0.04950505307565174,0.45191286722284474,2.2528586917660762,5.0,1.0,0.26323744283880873,16.0,0.0,0.0,0.0,1818,65448,18,0.2,0.0,0.46234583168379595
P,S7,22,5,49.548352155589335,0.17529049278359696,4.0,1.0003927550604772,1.4000000000000001,0.049526636133932087,0.4516478444106653,2.2432693052605313,5.0,1.0,0.26315468063007363,16.0,0.0,0.0,0.0,611,21996,18,1.0,0.0,0.4431665445529031
B0,S1,23,5,49.065613232182116,0.4531547705448934,4.0,1.9338898704416405,7.0,0.07396767379343068,0.5882852693923724,5.481536310904408,5.0,0.0,0.3989340570042684,15.0,0.0,0.0,0.0,0,0,0,0.0,0.0,0.23839827722575604
B1,S1,23,5,49.51832127292605,0.1886226853822251,0.0,1.0003927550604772,1.4000000000000001,0.060077610310597176,0.478972890091768,2.0789210656881925,4.199999999999999,1.0,0.2905063115872282,15.0,0.0,0.0,0.0,18180,654480,180,0.2,0.0,0.38183068316825347
B2,S1,23,5,49.51645974081006,0.18426739901264186,0.0,1.0003927550604772,1.4000000000000001,0.04886593651589249,0.4800875794941035,1.9336857241449414,5.0,1.0,0.27987946915243256,15.0,0.0,0.0,0.0,1818,65448,18,0.2,0.0,0.41946242574322423
B3,S1,23,5,49.51817528253171,0.18353270138402406,0.0,1.0003927550604772,1.4000000000000001,0.048943821892287305,0.47880731991239145,2.0108288990273353,5.0,1.0,0.2769393879799697,15.0,0.0,0.0,0.0,1818,65448,18,0.2,0.0,0.39436610891378693
B4,S1,23,5,49.517341158035954,0.18345859204732887,0.0,1.0003927550604772,1.4000000000000001,0.04881463242989745,0.479418658227992,1.9442693200866847,5.0,1.0,0.27823818761503416,15.0,0.0,0.0,-0.01302570377031853,1818,65448,18,0.2,0.0,0.4534752079187924
B5,S1,23,5,49.517410308301464,0.18342799147086497,0.0,1.0003927550604772,1.4000000000000001,0.04877995073732305,0.47936691683560184,1.9481468978587928,5.0,1.0,0.27810894082409005,15.0,0.0,0.0,0.0,1818,65448,18,0.2,0.0,0.4348842277238981
P,S1,23,5,49.51772226729684,0.18338108251695953,0.0,1.0003927550604772,1.4000000000000001,0.04874953459839224,0.47920036104452635,1.9499589139894025,5.0,1.0,0.2774425983467002,15.0,0.0,0.0,0.0,633,22788,18,1.0,0.0,0.41861789108819236
B0,S2,23,5,49.11678786974664,0.4310175357114717,0.0,1.9338898704416405,7.0,0.0741792007804779,0.5623419323824166,5.215336789611479,5.0,0.0,0.38560279467542924,16.0,0.0,0.0,0.0,0,0,0,0.0,0.0,0.2523249207943892
B1,S2,23,5,49.54622705897978,0.17688075198181757,0.0,1.0003927550604772,1.4000000000000001,0.06251988666619865,0.4537729410202189,1.9961426658530268,4.199999999999999,1.0,0.2807928373462313,16.0,0.0,0.0,0.0,18180,654480,180,0.2,0.0,0.40237692079551046
B2,S2,23,5,49.54446832869793,0.16880364078933147,0.0,1.0003927550604772,1.4000000000000001,0.04940113752247507,0.4553361987958766,1.7607681125643362,4.0,1.0,0.26873930011748703,16.0,0.0,0.0,0.0,1818,65448,18,0.2,0.0,0.39338760396024347
B3,S2,23,5,49.54734038822558,0.17295175466350854,4.0,1.0003927550604772,1.4000000000000001,0.050216898040090156,0.45265961177442193,2.126750921699693,5.0,1.0,0.26504713077557346,16.0,0.0,0.0,0.0,1818,65448,18,0.2,0.0,0.39585937623870804
B4,S2,23,5,49.54572892725273,0.17016196451525,0.0,1.0003927550604772,1.4000000000000001,0.04964875915736192,0.4542710727472681,1.9332701869645699,5.0,1.0,0.2678826018435697,16.0,0.0,0.0,-0.014004100641102801,1818,65448,18,0.2,0.0,0.4497275247531704
B5,S2,23,5,49.54555588883039,0.17002486762703314,0.0,1.0003927550604772,1.4000000000000001,0.049608837042549696,0.45444411116960737,1.9108137863780572,5.0,1.0,0.2683103033798795,16.0,0.0,0.0,0.0,1818,65448,18,0.2,0.0,0.455081900988919
P,S2,23,5,49.54572029538601,0.17028239700043785,0.0,1.0003927550604772,1.4000000000000001,0.049471520053509924,0.45427970461398814,1.9353464321074418,5.0,1.0,0.2669558446837663,16.0,0.0,0.0,0.0,642,23112,18,1.0,0.0,0.4714577326733051
B0,S3,23,5,49.065613232182116,0.4531547705448934,4.0,1.9338898704416405,7.0,0.07396767379343068,0.5882852693923724,5.481536310904408,5.0,0.0,0.4022673903376018,15.0,0.0,0.0,0.0,0,0,0,0.0,0.0,0.24563434653648056
B1,S3,23,5,49.518612954463,0.18821160520388558,0.0,1.0003927550604772,1.4000000000000001,0.060078744204693044,0.4787492488310576,2.0723662548056647,4.199999999999999,1.0,0.29379720617557176,15.0,0.0,0.0,0.0,18180,654480,180,0.2,0.0,0.3771678514855768
B2,S3,23,5,49.51646091228045,0.18426700464891596,0.0,1.0003927550604772,1.4000000000000001,0.048865995437293426,0.48008655573799786,1.9336813291079893,5.0,1.0,0.2832127053232812,15.0,0.0,0.0,0.0,1818,65448,18,0.2,0.0,0.39986438613965164
B3,S3,23,5,49.51824448464244,0.1835072906692164,0.0,1.0003927550604772,1.4000000000000001,0.04895598925781755,0.47875546708417716,2.0107507890980862,5.0,1.0,0.28026237386342073,15.0,0.0,0.0,0.0,1818,65448,18,0.2,0.0,0.4122219108899342
B4,S3,23,5,49.5174182358138,0.18342471081568523,0.0,1.0003927550604772,1.4000000000000001,0.04882957420265631,0.479361026738772,1.9441583827128512,5.0,1.0,0.28155998926147185,15.0,0.0,0.0,-0.013025698075673886,1818,65448,18,0.2,0.0,0.4265870495038315
B5,S3,23,5,49.51748738607505,0.18339571566978483,0.0,1.0003927550604772,1.4000000000000001,0.04879435924345916,0.4793092853495651,1.9480386424104539,5.0,1.0,0.2814307424711699,15.0,0.0,0.0,0.0,1818,65448,18,0.2,0.0,0.41714117821473984
P,S3,23,5,49.5175463703237,0.18342216990299948,0.0,1.0003927550604772,1.4000000000000001,0.04873049612655961,0.47926826483829643,1.9498952699640406,5.0,1.0,0.2808133683396869,15.0,0.0,0.0,0.0,636,22896,18,1.0,0.0,0.412179960397288
B0,S4,23,5,49.065613232182116,0.4531547705448934,4.0,1.9338898704416405,7.0,0.07396767379343068,0.5882852693923724,5.481536310904408,5.0,0.0,0.3989340570042684,0.0,0.0,0.0,0.0,0,0,0,0.0,0.0,0.2354453663383988
B1,S4,23,5,49.51832127292605,0.1886226853822251,0.0,1.0003927550604772,1.4000000000000001,0.060077610310597176,0.478972890091768,2.0789210656881925,4.199999999999999,1.0,0.2905063115872282,0.0,0.0,0.0,0.0,18180,654480,180,0.2,0.0,0.39994991089266063
B2,S4,23,5,49.51645974081006,0.18426739901264186,0.0,1.0003927550604772,1.4000000000000001,0.04886593651589249,0.4800875794941035,1.9336857241449414,5.0,1.0,0.27987946915243256,0.0,0.0,0.0,0.0,1818,65448,18,0.2,0.0,0.37459224752340803
B3,S4,23,5,49.51817528253171,0.18353270138402406,0.0,1.0003927550604772,1.4000000000000001,0.048943821892287305,0.47880731991239145,2.0108288990273353,5.0,1.0,0.2769393879799697,0.0,0.0,0.0,0.0,1818,65448,18,0.2,0.0,0.41825118811931755
B4,S4,23,5,49.517341158035954,0.18345859204732887,0.0,1.0003927550604772,1.4000000000000001,0.04881463242989745,0.479418658227992,1.9442693200866847,5.0,1.0,0.27823818761503416,0.0,0.0,0.0,-0.01302570377031853,1818,65448,18,0.2,0.0,0.43201987128749453
B5,S4,23,5,49.517410308301464,0.18342799147086497,0.0,1.0003927550604772,1.4000000000000001,0.04877995073732305,0.47936691683560184,1.9481468978587928,5.0,1.0,0.27810894082409005,0.0,0.0,0.0,0.0,1818,65448,18,0.2,0.0,0.5137310000004663
P,S4,23,5,49.51772226729684,0.18338108251695953,0.0,1.0003927550604772,1.4000000000000001,0.04874953459839224,0.47920036104452635,1.9499589139894025,5.0,1.0,0.2774425983467002,0.0,0.0,0.0,0.0,633,22788,18,1.0,0.0,0.4178183465381441
B0,S5,23,5,49.065613232182116,0.4531547705448934,4.0,1.9338898704416405,7.0,0.07396767379343068,0.5882852693923724,5.481536310904408,5.0,0.0,0.3989340570042684,15.0,0.0,0.0,0.0,0,0,0,0.0,0.0,0.2426259009886359
B1,S5,23,5,49.51832127292605,0.1886226853822251,0.0,1.0003927550604772,1.4000000000000001,0.060077610310597176,0.478972890091768,2.0789210656881925,4.199999999999999,1.0,0.2905063115872282,15.0,0.0,0.0,0.0,18180,654480,180,0.2,0.0,0.3989879999986298
B2,S5,23,5,49.51645974081006,0.18426739901264186,0.0,1.0003927550604772,1.4000000000000001,0.04886593651589249,0.4800875794941035,1.9336857241449414,5.0,1.0,0.27987946915243256,15.0,0.0,0.0,0.0,1818,65448,18,0.2,0.0,0.3751504257409822
B3,S5,23,5,49.51817528253171,0.18353270138402406,0.0,1.0003927550604772,1.4000000000000001,0.048943821892287305,0.47880731991239145,2.0108288990273353,5.0,1.0,0.2769393879799697,15.0,0.0,0.0,0.0,1818,65448,18,0.2,0.0,0.38168839604046606
B4,S5,23,5,49.517341158035954,0.18345859204732887,0.0,1.0003927550604772,1.4000000000000001,0.04881463242989745,0.479418658227992,1.9442693200866847,5.0,1.0,0.27823818761503416,15.0,0.0,0.0,-0.01302570377031853,1818,65448,18,0.2,0.0,0.47555128712881944
B5,S5,23,5,49.517410308301464,0.18342799147086497,0.0,1.0003927550604772,1.4000000000000001,0.04877995073732305,0.47936691683560184,1.9481468978587928,5.0,1.0,0.27810894082409005,15.0,0.0,0.0,0.0,1818,65448,18,0.2,0.0,0.4378279207924039
P,S5,23,5,49.51772226729684,0.18338108251695953,0.0,1.0003927550604772,1.4000000000000001,0.04874953459839224,0.47920036104452635,1.9499589139894025,5.0,1.0,0.2774425983467002,15.0,0.0,0.0,0.0,633,22788,18,1.0,0.0,0.4088555940620383
B0,S6,23,5,49.11678786974664,0.4310175357114717,0.0,1.9338898704416405,7.0,0.0741792007804779,0.5623419323824166,5.215336789611479,5.0,0.0,0.38560279467542924,16.0,0.0,0.0,0.0,0,0,0,0.0,0.0,0.24715398019835258
B1,S6,23,5,49.54622705897978,0.17688075198181757,0.0,1.0003927550604772,1.4000000000000001,0.06251988666619865,0.4537729410202189,1.9961426658530268,4.199999999999999,1.0,0.2807928373462313,16.0,0.0,0.0,0.0,18180,654480,180,0.2,0.0,0.3834860792114053
B2,S6,23,5,49.54446832869793,0.16880364078933147,0.0,1.0003927550604772,1.4000000000000001,0.04940113752247507,0.4553361987958766,1.7607681125643362,4.0,1.0,0.26873930011748703,16.0,0.0,0.0,0.0,1818,65448,18,0.2,0.0,0.42533826732630253
B3,S6,23,5,49.54734038822558,0.17295175466350854,4.0,1.0003927550604772,1.4000000000000001,0.050216898040090156,0.45265961177442193,2.126750921699693,5.0,1.0,0.26504713077557346,16.0,0.0,0.0,0.0,1818,65448,18,0.2,0.0,0.4159489802005548
B4,S6,23,5,49.54572892725273,0.17016196451525,0.0,1.0003927550604772,1.4000000000000001,0.04964875915736192,0.4542710727472681,1.9332701869645699,5.0,1.0,0.2678826018435697,16.0,0.0,0.0,-0.014004100641102801,1818,65448,18,0.2,0.0,0.45535222772183387
B5,S6,23,5,49.54555588883039,0.17002486762703314,0.0,1.0003927550604772,1.4000000000000001,0.049608837042549696,0.45444411116960737,1.9108137863780572,5.0,1.0,0.2683103033798795,16.0,0.0,0.0,0.0,1818,65448,18,0.2,0.0,0.4896024851458975
P,S6,23,5,49.54572029538601,0.17028239700043785,0.0,1.0003927550604772,1.4000000000000001,0.049471520053509924,0.45427970461398814,1.9353464321074418,5.0,1.0,0.2669558446837663,16.0,0.0,0.0,0.0,642,23112,18,1.0,0.0,0.49317276237404556
B0,S7,23,5,49.11678786974664,0.4310175357114717,0.0,1.9338898704416405,7.0,0.0741792007804779,0.5623419323824166,5.215336789611479,5.0,0.0,0.38560279467542924,16.0,0.0,0.0,0.0,0,0,0,0.0,0.0,0.24993842574229636
B1,S7,23,5,49.54622705897978,0.17688075198181757,0.0,1.0003927550604772,1.4000000000000001,0.06251988666619865,0.4537729410202189,1.9961426658530268,4.199999999999999,1.0,0.2807928373462313,16.0,0.0,0.0,0.0,18180,654480,180,0.2,0.0,0.3823108316841045
B2,S7,23,5,49.54446832869793,0.16880364078933147,0.0,1.0003927550604772,1.4000000000000001,0.04940113752247507,0.4553361987958766,1.7607681125643362,4.0,1.0,0.26873930011748703,16.0,0.0,0.0,0.0,1818,65448,18,0.2,0.0,0.38434907920679623
B3,S7,23,5,49.54734038822558,0.17295175466350854,4.0,1.0003927550604772,1.4000000000000001,0.050216898040090156,0.45265961177442193,2.126750921699693,5.0,1.0,0.26504713077557346,16.0,0.0,0.0,0.0,1818,65448,18,0.2,0.0,0.415347356434128
B4,S7,23,5,49.54572892725273,0.17016196451525,0.0,1.0003927550604772,1.4000000000000001,0.04964875915736192,0.4542710727472681,1.9332701869645699,5.0,1.0,0.2678826018435697,16.0,0.0,0.0,-0.014004100641102801,1818,65448,18,0.2,0.0,0.4321234851517201
B5,S7,23,5,49.54555588883039,0.17002486762703314,0.0,1.0003927550604772,1.4000000000000001,0.049608837042549696,0.45444411116960737,1.9108137863780572,5.0,1.0,0.2683103033798795,16.0,0.0,0.0,0.0,1818,65448,18,0.2,0.0,0.42008536633652016
P,S7,23,5,49.54572029538601,0.17028239700043785,0.0,1.0003927550604772,1.4000000000000001,0.049471520053509924,0.45427970461398814,1.9353464321074418,5.0,1.0,0.2669558446837663,16.0,0.0,0.0,0.0,642,23112,18,1.0,0.0,0.46872496039952133
B0,S1,24,5,49.065613232182116,0.4531547705448934,4.0,1.9338898704416405,7.0,0.07396767379343068,0.5882852693923724,5.481536310904408,5.0,0.0,0.3989340570042684,15.0,0.0,0.0,0.0,0,0,0,0.0,0.0,0.23867989108958404
B1,S1,24,5,49.51831826710848,0.1886217801473816,0.0,1.0003927550604772,1.4000000000000001,0.06005342489037101,0.47897650162440186,2.0775636542620237,4.199999999999999,1.0,0.2903883500245637,15.0,0.0,0.0,0.0,18180,654480,180,0.2,0.0,0.41170032673197976
B2,S1,24,5,49.51643437250986,0.18428101550389883,0.0,1.0003927550604772,1.4000000000000001,0.04897724106136713,0.48009272991622254,1.9303853917695606,5.0,1.0,0.28038569686480186,15.0,0.0,0.0,0.0,1818,65448,18,0.2,0.0,0.37504243564489126
B3,S1,24,5,49.51830686751966,0.18351502893092628,0.0,1.0003927550604772,1.4000000000000001,0.04904061716567248,0.4786940953350225,2.011175446109304,5.0,1.0,0.27724152014651554,15.0,0.0,0.0,0.0,1818,65448,18,0.2,0.0,0.390278504948925
B4,S1,24,5,49.51984696151694,0.1845696129877602,0.20000000000000018,1.0003927550604772,1.4000000000000001,0.0490915917536885,0.4775437266047149,2.1656179302178247,5.0,1.0,0.2745495902406854,15.0,0.0,0.0,-0.012695343380963897,1818,65448,18,0.2,0.0,0.40244068316830034
B5,S1,24,5,49.519854224917104,0.18458107054717554,0.20000000000000018,1.0003927550604772,1.4000000000000001,0.04906788059451123,0.4775382917964208,2.165635510090134,5.0,1.0,0.27453989888388125,15.0,0.0,0.0,0.0,1818,65448,18,0.2,0.0,0.4169410792093175
P,S1,24,5,49.52148374490672,0.18431444209419098,0.20000000000000018,1.0003927550604772,1.4000000000000001,0.04957700385925116,0.47628296173287055,2.174168341319362,5.0,1.0,0.2739836634654784,15.0,0.0,0.0,0.0,576,20736,18,1.0,0.0,0.3990330198017672
B0,S2,24,5,49.11678786974664,0.4310175357114717,0.0,1.9338898704416405,7.0,0.0741792007804779,0.5623419323824166,5.215336789611479,5.0,0.0,0.38560279467542924,16.0,0.0,0.0,0.0,0,0,0,0.0,0.0,0.25541844554639526
B1,S2,24,5,49.54622344744716,0.17688490182820976,0.0,1.0003927550604772,1.4000000000000001,0.0624971073483379,0.45377655255283855,1.995544738209876,4.199999999999999,1.0,0.280660457027647,16.0,0.0,0.0,0.0,18180,654480,180,0.2,0.0,0.3981510891063939
B2,S2,24,5,49.54454246000093,0.16883033364276817,0.0,1.0003927550604772,1.4000000000000001,0.04952338374892761,0.4552374644690147,1.768231276177689,4.0,1.0,0.2692367961738764,16.0,0.0,0.0,0.0,1818,65448,18,0.2,0.0,0.38668580197673413
B3,S2,24,5,49.54735504666434,0.17302212450771298,4.0,1.0003927550604772,1.4000000000000001,0.050302743324789984,0.4526449533356569,2.1292810352042255,5.0,1.0,0.2653401705812531,16.0,0.0,0.0,0.0,1818,65448,18,0.2,0.0,0.4008035346505314
B4,S2,24,5,49.54847135118659,0.17623948146840593,4.0,1.0003927550604772,1.4000000000000001,0.049678589344324814,0.45152864881340804,2.278211178894579,5.0,1.0,0.262659558994632,16.0,0.0,0.0,-0.01375913133372031,1818,65448,18,0.2,0.0,0.43327783168483575
B5,S2,24,5,49.548379673426844,0.17605321727851614,4.0,1.0003927550604772,1.4000000000000001,0.04960550991807646,0.4516203265731562,2.269228010936315,5.0,1.0,0.26278115505100597,16.0,0.0,0.0,0.0,1818,65448,18,0.2,0.0,0.6500640891110632
P,S2,24,5,49.54905743728164,0.17625412269057972,4.0,1.0003927550604772,1.4000000000000001,0.04982411511954832,0.4509425627183603,2.2795981774217253,5.0,1.0,0.2625902833932332,16.0,0.0,0.0,0.0,588,21168,18,1.0,0.0,0.4326451881157968
B0,S3,24,5,49.065613232182116,0.4531547705448934,4.0,1.9338898704416405,7.0,0.07396767379343068,0.5882852693923724,5.481536310904408,5.0,0.0,0.4022673903376018,15.0,0.0,0.0,0.0,0,0,0,0.0,0.0,0.2298496237611712
B1,S3,24,5,49.5186099486454,0.1882103278878522,0.0,1.0003927550604772,1.4000000000000001,0.06005455633192843,0.4787528603637199,2.0710089136440097,4.199999999999999,1.0,0.2936792446129067,15.0,0.0,0.0,0.0,18180,654480,180,0.2,0.0,0.3695768910883188
B2,S3,24,5,49.51643250746329,0.18428170026327528,0.0,1.0003927550604772,1.4000000000000001,0.048977114204499635,0.4800948765024202,1.9303933014219576,5.0,1.0,0.2837192723492476,15.0,0.0,0.0,0.0,1818,65448,18,0.2,0.0,0.3650151881206196
B3,S3,24,5,49.51816724839631,0.1835659547516942,0.0,1.0003927550604772,1.4000000000000001,0.04901525236047364,0.4787985273306816,2.010851902392821,5.0,1.0,0.2805957571351292,15.0,0.0,0.0,0.0,1818,65448,18,0.2,0.0,0.37581439604008043
B4,S3,24,5,49.51967444846199,0.18462738880532736,0.20000000000000018,1.0003927550604772,1.4000000000000001,0.04905261159619914,0.47767279443620936,2.1656304462677443,5.0,1.0,0.27790874260679826,15.0,0.0,0.0,-0.012695355925726015,1818,65448,18,0.2,0.0,0.4125962376261074
B5,S3,24,5,49.51968171186263,0.1846371648436873,0.20000000000000018,1.0003927550604772,1.4000000000000001,0.04902624131038451,0.4776673596275387,2.165648093080949,5.0,1.0,0.27789905124992514,15.0,0.0,0.0,0.0,1818,65448,18,0.2,0.0,0.42127629703287256
P,S3,24,5,49.52144335700817,0.18433667944382706,0.20000000000000018,1.0003927550604772,1.4000000000000001,0.049610627250328644,0.476327797321467,2.174760526580805,5.0,1.0,0.27732139538125966,15.0,0.0,0.0,0.0,588,21168,18,1.0,0.0,0.41555987128940797
B0,S4,24,5,49.065613232182116,0.4531547705448934,4.0,1.9338898704416405,7.0,0.07396767379343068,0.5882852693923724,5.481536310904408,5.0,0.0,0.3989340570042684,0.0,0.0,0.0,0.0,0,0,0,0.0,0.0,0.2357184455444674
B1,S4,24,5,49.51831826710848,0.1886217801473816,0.0,1.0003927550604772,1.4000000000000001,0.06005342489037101,0.47897650162440186,2.0775636542620237,4.199999999999999,1.0,0.2903883500245637,0.0,0.0,0.0,0.0,18180,654480,180,0.2,0.0,0.4619564455433557
B2,S4,24,5,49.51643437250986,0.18428101550389883,0.0,1.0003927550604772,1.4000000000000001,0.04897724106136713,0.48009272991622254,1.9303853917695606,5.0,1.0,0.28038569686480186,0.0,0.0,0.0,0.0,1818,65448,18,0.2,0.0,0.38533532673376036
B3,S4,24,5,49.51830686751966,0.18351502893092628,0.0,1.0003927550604772,1.4000000000000001,0.04904061716567248,0.4786940953350225,2.011175446109304,5.0,1.0,0.27724152014651554,0.0,0.0,0.0,0.0,1818,65448,18,0.2,0.0,0.39502939603828574
B4,S4,24,5,49.51984696151694,0.1845696129877602,0.20000000000000018,1.0003927550604772,1.4000000000000001,0.0490915917536885,0.4775437266047149,2.1656179302178247,5.0,1.0,0.2745495902406854,0.0,0.0,0.0,-0.012695343380963897,1818,65448,18,0.2,0.0,0.5424937920780746
B5,S4,24,5,49.519854224917104,0.18458107054717554,0.20000000000000018,1.0003927550604772,1.4000000000000001,0.04906788059451123,0.4775382917964208,2.165635510090134,5.0,1.0,0.27453989888388125,0.0,0.0,0.0,0.0,1818,65448,18,0.2,0.0,0.42900330693258426
P,S4,24,5,49.52148374490672,0.18431444209419098,0.20000000000000018,1.0003927550604772,1.4000000000000001,0.04957700385925116,0.47628296173287055,2.174168341319362,5.0,1.0,0.2739836634654784,0.0,0.0,0.0,0.0,576,20736,18,1.0,0.0,0.4341639306934811
B0,S5,24,5,49.065613232182116,0.4531547705448934,4.0,1.9338898704416405,7.0,0.07396767379343068,0.5882852693923724,5.481536310904408,5.0,0.0,0.3989340570042684,15.0,0.0,0.0,0.0,0,0,0,0.0,0.0,0.23076447524716168
B1,S5,24,5,49.51831826710848,0.1886217801473816,0.0,1.0003927550604772,1.4000000000000001,0.06005342489037101,0.47897650162440186,2.0775636542620237,4.199999999999999,1.0,0.2903883500245637,15.0,0.0,0.0,0.0,18180,654480,180,0.2,0.0,0.37989249504690714
B2,S5,24,5,49.51643437250986,0.18428101550389883,0.0,1.0003927550604772,1.4000000000000001,0.04897724106136713,0.48009272991622254,1.9303853917695606,5.0,1.0,0.28038569686480186,15.0,0.0,0.0,0.0,1818,65448,18,0.2,0.0,0.37960126732881205
B3,S5,24,5,49.51830686751966,0.18351502893092628,0.0,1.0003927550604772,1.4000000000000001,0.04904061716567248,0.4786940953350225,2.011175446109304,5.0,1.0,0.27724152014651554,15.0,0.0,0.0,0.0,1818,65448,18,0.2,0.0,0.38073536633518335
B4,S5,24,5,49.51984696151694,0.1845696129877602,0.20000000000000018,1.0003927550604772,1.4000000000000001,0.0490915917536885,0.4775437266047149,2.1656179302178247,5.0,1.0,0.2745495902406854,15.0,0.0,0.0,-0.012695343380963897,1818,65448,18,0.2,0.0,0.40458275247381087
B5,S5,24,5,49.519854224917104,0.18458107054717554,0.20000000000000018,1.0003927550604772,1.4000000000000001,0.04906788059451123,0.4775382917964208,2.165635510090134,5.0,1.0,0.27453989888388125,15.0,0.0,0.0,0.0,1818,65448,18,0.2,0.0,0.4440365841588519
P,S5,24,5,49.52148374490672,0.18431444209419098,0.20000000000000018,1.0003927550604772,1.4000000000000001,0.04957700385925116,0.47628296173287055,2.174168341319362,5.0,1.0,0.2739836634654784,15.0,0.0,0.0,0.0,576,20736,18,1.0,0.0,0.4126631782191277
B0,S6,24,5,49.11678786974664,0.4310175357114717,0.0,1.9338898704416405,7.0,0.0741792007804779,0.5623419323824166,5.215336789611479,5.0,0.0,0.38560279467542924,16.0,0.0,0.0,0.0,0,0,0,0.0,0.0,0.2571394851485712
B1,S6,24,5,49.54622344744716,0.17688490182820976,0.0,1.0003927550604772,1.4000000000000001,0.0624971073483379,0.45377655255283855,1.995544738209876,4.199999999999999,1.0,0.280660457027647,16.0,0.0,0.0,0.0,18180,654480,180,0.2,0.0,0.39915319801834676
B2,S6,24,5,49.54454246000093,0.16883033364276817,0.0,1.0003927550604772,1.4000000000000001,0.04952338374892761,0.4552374644690147,1.768231276177689,4.0,1.0,0.2692367961738764,16.0,0.0,0.0,0.0,1818,65448,18,0.2,0.0,0.3855640990094447
B3,S6,24,5,49.54735504666434,0.17302212450771298,4.0,1.0003927550604772,1.4000000000000001,0.050302743324789984,0.4526449533356569,2.1292810352042255,5.0,1.0,0.2653401705812531,16.0,0.0,0.0,0.0,1818,65448,18,0.2,0.0,0.39818231683210176
B4,S6,24,5,49.54847135118659,0.17623948146840593,4.0,1.0003927550604772,1.4000000000000001,0.049678589344324814,0.45152864881340804,2.278211178894579,5.0,1.0,0.262659558994632,16.0,0.0,0.0,-0.01375913133372031,1818,65448,18,0.2,0.0,0.4474904059438498
B5,S6,24,5,49.548379673426844,0.17605321727851614,4.0,1.0003927550604772,1.4000000000000001,0.04960550991807646,0.4516203265731562,2.269228010936315,5.0,1.0,0.26278115505100597,16.0,0.0,0.0,0.0,1818,65448,18,0.2,0.0,0.41875268316919634
P,S6,24,5,49.54905743728164,0.17625412269057972,4.0,1.0003927550604772,1.4000000000000001,0.04982411511954832,0.4509425627183603,2.2795981774217253,5.0,1.0,0.2625902833932332,16.0,0.0,0.0,0.0,588,21168,18,1.0,0.0,0.4342609504959964
B0,S7,24,5,49.11678786974664,0.4310175357114717,0.0,1.9338898704416405,7.0,0.0741792007804779,0.5623419323824166,5.215336789611479,5.0,0.0,0.38560279467542924,16.0,0.0,0.0,0.0,0,0,0,0.0,0.0,0.25712795049552334
B1,S7,24,5,49.54622344744716,0.17688490182820976,0.0,1.0003927550604772,1.4000000000000001,0.0624971073483379,0.45377655255283855,1.995544738209876,4.199999999999999,1.0,0.280660457027647,16.0,0.0,0.0,0.0,18180,654480,180,0.2,0.0,0.40022435643442067
B2,S7,24,5,49.54454246000093,0.16883033364276817,0.0,1.0003927550604772,1.4000000000000001,0.04952338374892761,0.4552374644690147,1.768231276177689,4.0,1.0,0.2692367961738764,16.0,0.0,0.0,0.0,1818,65448,18,0.2,0.0,0.3835960297008137
B3,S7,24,5,49.54735504666434,0.17302212450771298,4.0,1.0003927550604772,1.4000000000000001,0.050302743324789984,0.4526449533356569,2.1292810352042255,5.0,1.0,0.2653401705812531,16.0,0.0,0.0,0.0,1818,65448,18,0.2,0.0,0.42467579207890827
B4,S7,24,5,49.54847135118659,0.17623948146840593,4.0,1.0003927550604772,1.4000000000000001,0.049678589344324814,0.45152864881340804,2.278211178894579,5.0,1.0,0.262659558994632,16.0,0.0,0.0,-0.01375913133372031,1818,65448,18,0.2,0.0,0.4536793762376379
B5,S7,24,5,49.548379673426844,0.17605321727851614,4.0,1.0003927550604772,1.4000000000000001,0.04960550991807646,0.4516203265731562,2.269228010936315,5.0,1.0,0.26278115505100597,16.0,0.0,0.0,0.0,1818,65448,18,0.2,0.0,0.44576414851203794
P,S7,24,5,49.54905743728164,0.17625412269057972,4.0,1.0003927550604772,1.4000000000000001,0.04982411511954832,0.4509425627183603,2.2795981774217253,5.0,1.0,0.2625902833932332,16.0,0.0,0.0,0.0,588,21168,18,1.0,0.0,0.4410973663355678
B0,S1,25,5,49.065613232182116,0.4531547705448934,4.0,1.9338898704416405,7.0,0.07396767379343068,0.5882852693923724,5.481536310904408,5.0,0.0,0.3989340570042684,15.0,0.0,0.0,0.0,0,0,0,0.0,0.0,0.24113615841493397
B1,S1,25,5,49.51826850907234,0.18872578641105717,0.0,1.0003927550604772,1.4000000000000001,0.060075251571858015,0.47901229399541023,2.081229094001283,4.199999999999999,1.0,0.29049721468022704,15.0,0.0,0.0,0.0,18180,654480,180,0.2,0.0,0.3756532376221255
B2,S1,25,5,49.51637610647104,0.1842770725736231,0.0,1.0003927550604772,1.4000000000000001,0.04889947749818199,0.48012518706965324,1.9313160137415297,5.0,1.0,0.2805015154775722,15.0,0.0,0.0,0.0,1818,65448,18,0.2,0.0,0.3683136633659196
B3,S1,25,5,49.51824165212337,0.18349401882028338,0.0,1.0003927550604772,1.4000000000000001,0.04899249161305805,0.4787301061099285,2.0061040168863524,5.0,1.0,0.27732087537847433,15.0,0.0,0.0,0.0,1818,65448,18,0.2,0.0,0.39246234653564716
B4,S1,25,5,49.51978003919252,0.18446111261096831,0.20000000000000018,1.0003927550604772,1.4000000000000001,0.04900991018526118,0.4775615244941207,2.1576989655181062,5.0,1.0,0.2748494260822874,15.0,0.0,0.0,-0.013146725190660513,1818,65448,18,0.2,0.0,0.4235269702983733
B5,S1,25,5,49.5197534052112,0.1844511516167051,0.20000000000000018,1.0003927550604772,1.4000000000000001,0.04896607279282348,0.4775814532574927,2.1558575082272546,5.0,1.0,0.2748801705328406,15.0,0.0,0.0,0.0,1818,65448,18,0.2,0.0,0.4599889207924261
P,S1,25,5,49.51963529270224,0.18463711993022577,0.20000000000000018,1.0003927550604772,1.4000000000000001,0.04901313894970186,0.4777030322643867,2.16190887629464,5.0,1.0,0.27491306243330094,15.0,0.0,0.0,0.0,590,21240,18,1.0,0.0,0.4602625247499229
B0,S2,25,5,49.11678786974664,0.4310175357114717,0.0,1.9338898704416405,7.0,0.0741792007804779,0.5623419323824166,5.215336789611479,5.0,0.0,0.38560279467542924,16.0,0.0,0.0,0.0,0,0,0,0.0,0.0,0.2689994554463855
B1,S2,25,5,49.546187655076125,0.17697937995352525,0.0,1.0003927550604772,1.4000000000000001,0.06252575043515378,0.45381234492387534,1.9981280999340625,4.199999999999999,1.0,0.28078330789901307,16.0,0.0,0.0,0.0,18180,654480,180,0.2,0.0,0.40659986138557047
B2,S2,25,5,49.54438469435893,0.1687784216717431,0.0,1.0003927550604772,1.4000000000000001,0.049476198863816614,0.4553738063714192,1.7610168134319182,4.0,1.0,0.26929240620214956,16.0,0.0,0.0,0.0,1818,65448,18,0.2,0.0,0.39970087128846116
B3,S2,25,5,49.54737302067216,0.17305618379691845,4.0,1.0003927550604772,1.4000000000000001,0.050241294838272645,0.4526269793278388,2.1305806178512174,5.0,1.0,0.2651168701021855,16.0,0.0,0.0,0.0,1818,65448,18,0.2,0.0,0.39159475247540493
B4,S2,25,5,49.548499107781765,0.17602191580001172,4.0,1.0003927550604772,1.4000000000000001,0.0496667012179889,0.45150089221823464,2.269204031123206,5.0,1.0,0.26291531457070005,16.0,0.0,0.0,-0.014183167920802542,1818,65448,18,0.2,0.0,0.44323397029381006
B5,S2,25,5,49.54836155535156,0.17573677863046372,4.0,1.0003927550604772,1.4000000000000001,0.049581875756936226,0.45163844464843805,2.2564616564860236,5.0,1.0,0.26309864576587205,16.0,0.0,0.0,0.0,1818,65448,18,0.2,0.0,0.4717792079204493
P,S2,25,5,49.54956908105948,0.17664768880446688,4.0,1.0003927550604772,1.4000000000000001,0.05003530737597431,0.4504309189405191,2.2924395913601243,5.0,1.0,0.2616965548086506,16.0,0.0,0.0,0.0,631,22716,18,1.0,0.0,0.47228088118626516
B0,S3,25,5,49.065613232182116,0.4531547705448934,4.0,1.9338898704416405,7.0,0.07396767379343068,0.5882852693923724,5.481536310904408,5.0,0.0,0.4022673903376018,15.0,0.0,0.0,0.0,0,0,0,0.0,0.0,0.2441143663346149
B1,S3,25,5,49.51856019060926,0.18831400023092834,0.0,1.0003927550604772,1.4000000000000001,0.06007640271871973,0.47878865273472826,2.0746744157073946,4.199999999999999,1.0,0.29378810926857013,15.0,0.0,0.0,0.0,18180,654480,180,0.2,0.0,0.37540770297187687
B2,S3,25,5,49.5163772779414,0.18427663154789425,0.0,1.0003927550604772,1.4000000000000001,0.0488995381045493,0.480124163313576,1.9313109064169303,5.0,1.0,0.28383475164842026,15.0,0.0,0.0,0.0,1818,65448,18,0.2,0.0,0.3953321683148166
B3,S3,25,5,49.518335657256124,0.18346028580208912,0.0,1.0003927550604772,1.4000000000000001,0.04900837388842034,0.47865975428240404,2.00606795899976,5.0,1.0,0.280640141269304,15.0,0.0,0.0,0.0,1818,65448,18,0.2,0.0,0.4013600891093939
B4,S3,25,5,49.51977746709344,0.1844620689443667,0.20000000000000018,1.0003927550604772,1.4000000000000001,0.04900933833167727,0.4775636178135514,2.1576995545972504,5.0,1.0,0.27818315897242446,15.0,0.0,0.0,-0.013146719572195598,1818,65448,18,0.2,0.0,0.42225697029832665
B5,S3,25,5,49.51975083310736,0.18445208839142374,0.20000000000000018,1.0003927550604772,1.4000000000000001,0.04896549317586593,0.4775835465804903,2.1558581335660882,5.0,1.0,0.27821390342368796,15.0,0.0,0.0,0.0,1818,65448,18,0.2,0.0,0.4416665742565324
P,S3,25,5,49.51906743201665,0.18488738936454538,0.20000000000000018,1.0003927550604772,1.4000000000000001,0.04890803405374134,0.47810405067863115,2.1634027790443793,5.0,1.0,0.27833271246354396,15.0,0.0,0.0,0.0,594,21384,18,1.0,0.0,0.4177426930669249
B0,S4,25,5,49.065613232182116,0.4531547705448934,4.0,1.9338898704416405,7.0,0.07396767379343068,0.5882852693923724,5.481536310904408,5.0,0.0,0.3989340570042684,0.0,0.0,0.0,0.0,0,0,0,0.0,0.0,0.23778240594117167
B1,S4,25,5,49.51826850907234,0.18872578641105717,0.0,1.0003927550604772,1.4000000000000001,0.060075251571858015,0.47901229399541023,2.081229094001283,4.199999999999999,1.0,0.29049721468022704,0.0,0.0,0.0,0.0,18180,654480,180,0.2,0.0,0.3858717623773886
B2,S4,25,5,49.51637610647104,0.1842770725736231,0.0,1.0003927550604772,1.4000000000000001,0.04889947749818199,0.48012518706965324,1.9313160137415297,5.0,1.0,0.2805015154775722,0.0,0.0,0.0,0.0,1818,65448,18,0.2,0.0,0.39142181188226727
B3,S4,25,5,49.51824165212337,0.18349401882028338,0.0,1.0003927550604772,1.4000000000000001,0.04899249161305805,0.4787301061099285,2.0061040168863524,5.0,1.0,0.27732087537847433,0.0,0.0,0.0,0.0,1818,65448,18,0.2,0.0,0.3980796237592225
B4,S4,25,5,49.51978003919252,0.18446111261096831,0.20000000000000018,1.0003927550604772,1.4000000000000001,0.04900991018526118,0.4775615244941207,2.1576989655181062,5.0,1.0,0.2748494260822874,0.0,0.0,0.0,-0.013146725190660513,1818,65448,18,0.2,0.0,0.42835351484994827
B5,S4,25,5,49.5197534052112,0.1844511516167051,0.20000000000000018,1.0003927550604772,1.4000000000000001,0.04896607279282348,0.4775814532574927,2.1558575082272546,5.0,1.0,0.2748801705328406,0.0,0.0,0.0,0.0,1818,65448,18,0.2,0.0,0.5380837821783391
P,S4,25,5,49.51963529270224,0.18463711993022577,0.20000000000000018,1.0003927550604772,1.4000000000000001,0.04901313894970186,0.4777030322643867,2.16190887629464,5.0,1.0,0.27491306243330094,0.0,0.0,0.0,0.0,590,21240,18,1.0,0.0,0.40979574257585
B0,S5,25,5,49.065613232182116,0.4531547705448934,4.0,1.9338898704416405,7.0,0.07396767379343068,0.5882852693923724,5.481536310904408,5.0,0.0,0.3989340570042684,15.0,0.0,0.0,0.0,0,0,0,0.0,0.0,0.23739091088963063
B1,S5,25,5,49.51826850907234,0.18872578641105717,0.0,1.0003927550604772,1.4000000000000001,0.060075251571858015,0.47901229399541023,2.081229094001283,4.199999999999999,1.0,0.29049721468022704,15.0,0.0,0.0,0.0,18180,654480,180,0.2,0.0,0.37154861385967913
B2,S5,25,5,49.51637610647104,0.1842770725736231,0.0,1.0003927550604772,1.4000000000000001,0.04889947749818199,0.48012518706965324,1.9313160137415297,5.0,1.0,0.2805015154775722,15.0,0.0,0.0,0.0,1818,65448,18,0.2,0.0,0.4039324257433637
B3,S5,25,5,49.51824165212337,0.18349401882028338,0.0,1.0003927550604772,1.4000000000000001,0.04899249161305805,0.4787301061099285,2.0061040168863524,5.0,1.0,0.27732087537847433,15.0,0.0,0.0,0.0,1818,65448,18,0.2,0.0,0.36987878217704484
B4,S5,25,5,49.51978003919252,0.18446111261096831,0.20000000000000018,1.0003927550604772,1.4000000000000001,0.04900991018526118,0.4775615244941207,2.1576989655181062,5.0,1.0,0.2748494260822874,15.0,0.0,0.0,-0.013146725190660513,1818,65448,18,0.2,0.0,0.3969642277234646
B5,S5,25,5,49.5197534052112,0.1844511516167051,0.20000000000000018,1.0003927550604772,1.4000000000000001,0.04896607279282348,0.4775814532574927,2.1558575082272546,5.0,1.0,0.2748801705328406,15.0,0.0,0.0,0.0,1818,65448,18,0.2,0.0,0.4239994851505429
P,S5,25,5,49.51963529270224,0.18463711993022577,0.20000000000000018,1.0003927550604772,1.4000000000000001,0.04901313894970186,0.4777030322643867,2.16190887629464,5.0,1.0,0.27491306243330094,15.0,0.0,0.0,0.0,590,21240,18,1.0,0.0,0.4271881287125568
B0,S6,25,5,49.11678786974664,0.4310175357114717,0.0,1.9338898704416405,7.0,0.0741792007804779,0.5623419323824166,5.215336789611479,5.0,0.0,0.38560279467542924,16.0,0.0,0.0,0.0,0,0,0,0.0,0.0,0.2530224356443868
B1,S6,25,5,49.546187655076125,0.17697937995352525,0.0,1.0003927550604772,1.4000000000000001,0.06252575043515378,0.45381234492387534,1.9981280999340625,4.199999999999999,1.0,0.28078330789901307,16.0,0.0,0.0,0.0,18180,654480,180,0.2,0.0,0.38992780197743443
B2,S6,25,5,49.54438469435893,0.1687784216717431,0.0,1.0003927550604772,1.4000000000000001,0.049476198863816614,0.4553738063714192,1.7610168134319182,4.0,1.0,0.26929240620214956,16.0,0.0,0.0,0.0,1818,65448,18,0.2,0.0,0.38591340594258766
B3,S6,25,5,49.54737302067216,0.17305618379691845,4.0,1.0003927550604772,1.4000000000000001,0.050241294838272645,0.4526269793278388,2.1305806178512174,5.0,1.0,0.2651168701021855,16.0,0.0,0.0,0.0,1818,65448,18,0.2,0.0,0.39350288118902704
B4,S6,25,5,49.548499107781765,0.17602191580001172,4.0,1.0003927550604772,1.4000000000000001,0.0496667012179889,0.45150089221823464,2.269204031123206,5.0,1.0,0.26291531457070005,16.0,0.0,0.0,-0.014183167920802542,1818,65448,18,0.2,0.0,0.4158398217819778
B5,S6,25,5,49.54836155535156,0.17573677863046372,4.0,1.0003927550604772,1.4000000000000001,0.049581875756936226,0.45163844464843805,2.2564616564860236,5.0,1.0,0.26309864576587205,16.0,0.0,0.0,0.0,1818,65448,18,0.2,0.0,0.45262387128795945
P,S6,25,5,49.54956908105948,0.17664768880446688,4.0,1.0003927550604772,1.4000000000000001,0.05003530737597431,0.4504309189405191,2.2924395913601243,5.0,1.0,0.2616965548086506,16.0,0.0,0.0,0.0,631,22716,18,1.0,0.0,0.4152987821771153
B0,S7,25,5,49.11678786974664,0.4310175357114717,0.0,1.9338898704416405,7.0,0.0741792007804779,0.5623419323824166,5.215336789611479,5.0,0.0,0.38560279467542924,16.0,0.0,0.0,0.0,0,0,0,0.0,0.0,0.25907554455254356
B1,S7,25,5,49.546187655076125,0.17697937995352525,0.0,1.0003927550604772,1.4000000000000001,0.06252575043515378,0.45381234492387534,1.9981280999340625,4.199999999999999,1.0,0.28078330789901307,16.0,0.0,0.0,0.0,18180,654480,180,0.2,0.0,0.3976832277243879
B2,S7,25,5,49.54438469435893,0.1687784216717431,0.0,1.0003927550604772,1.4000000000000001,0.049476198863816614,0.4553738063714192,1.7610168134319182,4.0,1.0,0.26929240620214956,16.0,0.0,0.0,0.0,1818,65448,18,0.2,0.0,0.39316901980368635
B3,S7,25,5,49.54737302067216,0.17305618379691845,4.0,1.0003927550604772,1.4000000000000001,0.050241294838272645,0.4526269793278388,2.1305806178512174,5.0,1.0,0.2651168701021855,16.0,0.0,0.0,0.0,1818,65448,18,0.2,0.0,0.3855475247517029
B4,S7,25,5,49.548499107781765,0.17602191580001172,4.0,1.0003927550604772,1.4000000000000001,0.0496667012179889,0.45150089221823464,2.269204031123206,5.0,1.0,0.26291531457070005,16.0,0.0,0.0,-0.014183167920802542,1818,65448,18,0.2,0.0,0.46855850494934975
B5,S7,25,5,49.54836155535156,0.17573677863046372,4.0,1.0003927550604772,1.4000000000000001,0.049581875756936226,0.45163844464843805,2.2564616564860236,5.0,1.0,0.26309864576587205,16.0,0.0,0.0,0.0,1818,65448,18,0.2,0.0,0.4358949900997326
P,S7,25,5,49.54956908105948,0.17664768880446688,4.0,1.0003927550604772,1.4000000000000001,0.05003530737597431,0.4504309189405191,2.2924395913601243,5.0,1.0,0.2616965548086506,16.0,0.0,0.0,0.0,631,22716,18,1.0,0.0,0.41681503960104904
B0,S1,26,5,49.065613232182116,0.4531547705448934,4.0,1.9338898704416405,7.0,0.07396767379343068,0.5882852693923724,5.481536310904408,5.0,0.0,0.3989340570042684,15.0,0.0,0.0,0.0,0,0,0,0.0,0.0,0.22832072277151833
B1,S1,26,5,49.51826824738602,0.18866641399066741,0.0,1.0003927550604772,1.4000000000000001,0.06006826169810499,0.4790120650787486,2.0801414079045157,4.199999999999999,1.0,0.290490523748421,15.0,0.0,0.0,0.0,18180,654480,180,0.2,0.0,0.3804884257457017
B2,S1,26,5,49.51646744537121,0.18420721151823613,0.0,1.0003927550604772,1.4000000000000001,0.04893153641109245,0.48011560063274317,1.932287754674961,5.0,1.0,0.28082880345942596,15.0,0.0,0.0,0.0,1818,65448,18,0.2,0.0,0.3916555346501746
B3,S1,26,5,49.51824745108994,0.18352853841431882,0.0,1.0003927550604772,1.4000000000000001,0.048954463739406553,0.4787736114165213,2.0103499858137934,5.0,1.0,0.27721284338018726,15.0,0.0,0.0,0.0,1818,65448,18,0.2,0.0,0.37799899009859483
B4,S1,26,5,49.518623003895996,0.18377756439237652,0.0,1.0003927550604772,1.4000000000000001,0.04887132415571431,0.47849527536869374,2.0654576446789967,5.0,1.0,0.2766954730648393,15.0,0.0,0.0,-0.013179446180572763,1818,65448,18,0.2,0.0,0.40215478218057554
B5,S1,26,5,49.518693284036786,0.1837940255822888,0.0,1.0003927550604772,1.4000000000000001,0.048838008671771106,0.4784426885519295,2.0700973203888737,5.0,1.0,0.27657356184416415,15.0,0.0,0.0,0.0,1818,65448,18,0.2,0.0,0.42963605940686006
P,S1,26,5,49.518253723169934,0.1837630750492102,0.0,1.0003927550604772,1.4000000000000001,0.048723125211554315,0.4787499725842963,2.0591197300685473,5.0,1.0,0.27681195002057024,15.0,0.0,0.0,0.0,568,20448,18,1.0,0.0,0.4548425643604625
B0,S2,26,5,49.11678786974664,0.4310175357114717,0.0,1.9338898704416405,7.0,0.0741792007804779,0.5623419323824166,5.215336789611479,5.0,0.0,0.38560279467542924,16.0,0.0,0.0,0.0,0,0,0,0.0,0.0,0.25409998019457286
B1,S2,26,5,49.54618788399277,0.17691680072241067,0.0,1.0003927550604772,1.4000000000000001,0.06251519468481867,0.45381211600722793,1.9972689276694784,4.199999999999999,1.0,0.28077893071214677,16.0,0.0,0.0,0.0,18180,654480,180,0.2,0.0,0.397383960392803
B2,S2,26,5,49.544476033259045,0.16877264862707958,0.0,1.0003927550604772,1.4000000000000001,0.04954322025947771,0.455364219934566,1.7601200611914256,4.0,1.0,0.2696079119367226,16.0,0.0,0.0,0.0,1818,65448,18,0.2,0.0,0.38775652475385075
B3,S2,26,5,49.54745535475124,0.17295963833161837,4.0,1.0003927550604772,1.4000000000000001,0.05031447459840177,0.45254464524875715,2.1263221907913934,5.0,1.0,0.26532114953562996,16.0,0.0,0.0,0.0,1818,65448,18,0.2,0.0,0.41231927722794065
B4,S2,26,5,49.54726648358155,0.17228506767029708,4.0,1.0003927550604772,1.4000000000000001,0.04968262591969382,0.45273351641844783,2.099434722676147,5.0,1.0,0.26541015176954064,16.0,0.0,0.0,-0.014338764973728435,1818,65448,18,0.2,0.0,0.4298824752449135
B5,S2,26,5,49.54720338832275,0.1720950204226338,4.0,1.0003927550604772,1.4000000000000001,0.04963956534455854,0.4527966116772504,2.0859037218270453,5.0,1.0,0.26555107141854745,16.0,0.0,0.0,0.0,1818,65448,18,0.2,0.0,0.45306589108894524
P,S2,26,5,49.54701327820003,0.1724069271002626,4.0,1.0003927550604772,1.4000000000000001,0.049694072871957776,0.4529867217999666,2.101959977469198,5.0,1.0,0.26593261074123403,16.0,0.0,0.0,0.0,601,21636,18,1.0,0.0,0.4648147722775212
B0,S3,26,5,49.065613232182116,0.4531547705448934,4.0,1.9338898704416405,7.0,0.07396767379343068,0.5882852693923724,5.481536310904408,5.0,0.0,0.4022673903376018,15.0,0.0,0.0,0.0,0,0,0,0.0,0.0,0.23422525742212696
B1,S3,26,5,49.518559928922954,0.18825505055050215,0.0,1.0003927550604772,1.4000000000000001,0.06006940741562565,0.4787884238180524,2.0735866487599117,4.199999999999999,1.0,0.29378141833676436,15.0,0.0,0.0,0.0,18180,654480,180,0.2,0.0,0.3962700792105199
B2,S3,26,5,49.51646861684152,0.18420686351365434,0.0,1.0003927550604772,1.4000000000000001,0.048931589477327425,0.48011457687669434,1.9322840860695139,5.0,1.0,0.28416203963027337,15.0,0.0,0.0,0.0,1818,65448,18,0.2,0.0,0.3692672772279429
B3,S3,26,5,49.51826180327584,0.18352321277238295,0.0,1.0003927550604772,1.4000000000000001,0.04895695245668892,0.4787627968879704,2.010333301191196,5.0,1.0,0.2805440392881991,15.0,0.0,0.0,0.0,1818,65448,18,0.2,0.0,0.3848092574251964
B4,S3,26,5,49.51863744237975,0.18377284636628,0.0,1.0003927550604772,1.4000000000000001,0.04887438988694804,0.47848524490035516,2.0654983501501523,5.0,1.0,0.2800265599089945,15.0,0.0,0.0,-0.01317947545746323,1818,65448,18,0.2,0.0,0.42504590099288
B5,S3,26,5,49.51870772249399,0.18378955640704672,0.0,1.0003927550604772,1.4000000000000001,0.048841035486070224,0.4784326581034364,2.0701373450001923,5.0,1.0,0.27990464869229575,15.0,0.0,0.0,0.0,1818,65448,18,0.2,0.0,0.4315046435654985
P,S3,26,5,49.51846184528814,0.18384363692524278,0.0,1.0003927550604772,1.4000000000000001,0.04880295054912574,0.47862181145389826,2.0642658886775616,5.0,1.0,0.28011027421746837,15.0,0.0,0.0,0.0,582,20952,18,1.0,0.0,0.39401635643629884
B0,S4,26,5,49.065613232182116,0.4531547705448934,4.0,1.9338898704416405,7.0,0.07396767379343068,0.5882852693923724,5.481536310904408,5.0,0.0,0.3989340570042684,0.0,0.0,0.0,0.0,0,0,0,0.0,0.0,0.22951699009912646
B1,S4,26,5,49.51826824738602,0.18866641399066741,0.0,1.0003927550604772,1.4000000000000001,0.06006826169810499,0.4790120650787486,2.0801414079045157,4.199999999999999,1.0,0.290490523748421,0.0,0.0,0.0,0.0,18180,654480,180,0.2,0.0,0.37603014851640076
B2,S4,26,5,49.51646744537121,0.18420721151823613,0.0,1.0003927550604772,1.4000000000000001,0.04893153641109245,0.48011560063274317,1.932287754674961,5.0,1.0,0.28082880345942596,0.0,0.0,0.0,0.0,1818,65448,18,0.2,0.0,0.3647666534660776
B3,S4,26,5,49.51824745108994,0.18352853841431882,0.0,1.0003927550604772,1.4000000000000001,0.048954463739406553,0.4787736114165213,2.0103499858137934,5.0,1.0,0.27721284338018726,0.0,0.0,0.0,0.0,1818,65448,18,0.2,0.0,0.4193921386149218
B4,S4,26,5,49.518623003895996,0.18377756439237652,0.0,1.0003927550604772,1.4000000000000001,0.04887132415571431,0.47849527536869374,2.0654576446789967,5.0,1.0,0.2766954730648393,0.0,0.0,0.0,-0.013179446180572763,1818,65448,18,0.2,0.0,0.41403307920635335
B5,S4,26,5,49.518693284036786,0.1837940255822888,0.0,1.0003927550604772,1.4000000000000001,0.048838008671771106,0.4784426885519295,2.0700973203888737,5.0,1.0,0.27657356184416415,0.0,0.0,0.0,0.0,1818,65448,18,0.2,0.0,0.4610323861393992
P,S4,26,5,49.518253723169934,0.1837630750492102,0.0,1.0003927550604772,1.4000000000000001,0.048723125211554315,0.4787499725842963,2.0591197300685473,5.0,1.0,0.27681195002057024,0.0,0.0,0.0,0.0,568,20448,18,1.0,0.0,0.43425813861302787
B0,S5,26,5,49.065613232182116,0.4531547705448934,4.0,1.9338898704416405,7.0,0.07396767379343068,0.5882852693923724,5.481536310904408,5.0,0.0,0.3989340570042684,15.0,0.0,0.0,0.0,0,0,0,0.0,0.0,0.2433119603971712
B1,S5,26,5,49.51826824738602,0.18866641399066741,0.0,1.0003927550604772,1.4000000000000001,0.06006826169810499,0.4790120650787486,2.0801414079045157,4.199999999999999,1.0,0.290490523748421,15.0,0.0,0.0,0.0,18180,654480,180,0.2,0.0,0.3782945841566748
B2,S5,26,5,49.51646744537121,0.18420721151823613,0.0,1.0003927550604772,1.4000000000000001,0.04893153641109245,0.48011560063274317,1.932287754674961,5.0,1.0,0.28082880345942596,15.0,0.0,0.0,0.0,1818,65448,18,0.2,0.0,0.38631749505091845
B3,S5,26,5,49.51824745108994,0.18352853841431882,0.0,1.0003927550604772,1.4000000000000001,0.048954463739406553,0.4787736114165213,2.0103499858137934,5.0,1.0,0.27721284338018726,15.0,0.0,0.0,0.0,1818,65448,18,0.2,0.0,0.3828936138585176
B4,S5,26,5,49.518623003895996,0.18377756439237652,0.0,1.0003927550604772,1.4000000000000001,0.04887132415571431,0.47849527536869374,2.0654576446789967,5.0,1.0,0.2766954730648393,15.0,0.0,0.0,-0.013179446180572763,1818,65448,18,0.2,0.0,0.4161700792090162
B5,S5,26,5,49.518693284036786,0.1837940255822888,0.0,1.0003927550604772,1.4000000000000001,0.048838008671771106,0.4784426885519295,2.0700973203888737,5.0,1.0,0.27657356184416415,15.0,0.0,0.0,0.0,1818,65448,18,0.2,0.0,0.42445533663700225
P,S5,26,5,49.518253723169934,0.1837630750492102,0.0,1.0003927550604772,1.4000000000000001,0.048723125211554315,0.4787499725842963,2.0591197300685473,5.0,1.0,0.27681195002057024,15.0,0.0,0.0,0.0,568,20448,18,1.0,0.0,0.39764192078929217
B0,S6,26,5,49.11678786974664,0.4310175357114717,0.0,1.9338898704416405,7.0,0.0741792007804779,0.5623419323824166,5.215336789611479,5.0,0.0,0.38560279467542924,16.0,0.0,0.0,0.0,0,0,0,0.0,0.0,0.24587124752461834
B1,S6,26,5,49.54618788399277,0.17691680072241067,0.0,1.0003927550604772,1.4000000000000001,0.06251519468481867,0.45381211600722793,1.9972689276694784,4.199999999999999,1.0,0.28077893071214677,16.0,0.0,0.0,0.0,18180,654480,180,0.2,0.0,0.3770803267312064
B2,S6,26,5,49.544476033259045,0.16877264862707958,0.0,1.0003927550604772,1.4000000000000001,0.04954322025947771,0.455364219934566,1.7601200611914256,4.0,1.0,0.2696079119367226,16.0,0.0,0.0,0.0,1818,65448,18,0.2,0.0,0.3840333564370991
B3,S6,26,5,49.54745535475124,0.17295963833161837,4.0,1.0003927550604772,1.4000000000000001,0.05031447459840177,0.45254464524875715,2.1263221907913934,5.0,1.0,0.26532114953562996,16.0,0.0,0.0,0.0,1818,65448,18,0.2,0.0,0.39874486138966075
B4,S6,26,5,49.54726648358155,0.17228506767029708,4.0,1.0003927550604772,1.4000000000000001,0.04968262591969382,0.45273351641844783,2.099434722676147,5.0,1.0,0.26541015176954064,16.0,0.0,0.0,-0.014338764973728435,1818,65448,18,0.2,0.0,0.453154613859453
B5,S6,26,5,49.54720338832275,0.1720950204226338,4.0,1.0003927550604772,1.4000000000000001,0.04963956534455854,0.4527966116772504,2.0859037218270453,5.0,1.0,0.26555107141854745,16.0,0.0,0.0,0.0,1818,65448,18,0.2,0.0,0.447323564359148
P,S6,26,5,49.54701327820003,0.1724069271002626,4.0,1.0003927550604772,1.4000000000000001,0.049694072871957776,0.4529867217999666,2.101959977469198,5.0,1.0,0.26593261074123403,16.0,0.0,0.0,0.0,601,21636,18,1.0,0.0,0.4338506633658734
B0,S7,26,5,49.11678786974664,0.4310175357114717,0.0,1.9338898704416405,7.0,0.0741792007804779,0.5623419323824166,5.215336789611479,5.0,0.0,0.38560279467542924,16.0,0.0,0.0,0.0,0,0,0,0.0,0.0,0.2451033960373889
B1,S7,26,5,49.54618788399277,0.17691680072241067,0.0,1.0003927550604772,1.4000000000000001,0.06251519468481867,0.45381211600722793,1.9972689276694784,4.199999999999999,1.0,0.28077893071214677,16.0,0.0,0.0,0.0,18180,654480,180,0.2,0.0,0.3876246039611276
B2,S7,26,5,49.544476033259045,0.16877264862707958,0.0,1.0003927550604772,1.4000000000000001,0.04954322025947771,0.455364219934566,1.7601200611914256,4.0,1.0,0.2696079119367226,16.0,0.0,0.0,0.0,1818,65448,18,0.2,0.0,0.4086718316841035
B3,S7,26,5,49.54745535475124,0.17295963833161837,4.0,1.0003927550604772,1.4000000000000001,0.05031447459840177,0.45254464524875715,2.1263221907913934,5.0,1.0,0.26532114953562996,16.0,0.0,0.0,0.0,1818,65448,18,0.2,0.0,0.39046645544640524
B4,S7,26,5,49.54726648358155,0.17228506767029708,4.0,1.0003927550604772,1.4000000000000001,0.04968262591969382,0.45273351641844783,2.099434722676147,5.0,1.0,0.26541015176954064,16.0,0.0,0.0,-0.014338764973728435,1818,65448,18,0.2,0.0,0.4281491287116242
B5,S7,26,5,49.54720338832275,0.1720950204226338,4.0,1.0003927550604772,1.4000000000000001,0.04963956534455854,0.4527966116772504,2.0859037218270453,5.0,1.0,0.26555107141854745,16.0,0.0,0.0,0.0,1818,65448,18,0.2,0.0,0.43236503960101663
P,S7,26,5,49.54701327820003,0.1724069271002626,4.0,1.0003927550604772,1.4000000000000001,0.049694072871957776,0.4529867217999666,2.101959977469198,5.0,1.0,0.26593261074123403,16.0,0.0,0.0,0.0,601,21636,18,1.0,0.0,0.43124037623747785
B0,S1,27,5,49.065613232182116,0.4531547705448934,4.0,1.9338898704416405,7.0,0.07396767379343068,0.5882852693923724,5.481536310904408,5.0,0.0,0.3989340570042684,15.0,0.0,0.0,0.0,0,0,0,0.0,0.0,0.24724302970258072
B1,S1,27,5,49.51828806427169,0.1886727603577149,0.0,1.0003927550604772,1.4000000000000001,0.060077297684154776,0.4789969868521098,2.079457887869633,4.199999999999999,1.0,0.29047110155800193,15.0,0.0,0.0,0.0,18180,654480,180,0.2,0.0,0.38868322772122166
B2,S1,27,5,49.51649435754958,0.1841791133461514,0.0,1.0003927550604772,1.4000000000000001,0.04887129860812898,0.4799834638109175,1.9304130200821872,5.0,1.0,0.2801943766210846,15.0,0.0,0.0,0.0,1818,65448,18,0.2,0.0,0.4082940000029843
B3,S1,27,5,49.51813870245,0.18349028756694655,0.0,1.0003927550604772,1.4000000000000001,0.04892908240755855,0.47875336367623333,2.00930941400372,5.0,1.0,0.27724921423784993,15.0,0.0,0.0,0.0,1818,65448,18,0.2,0.0,0.45606205940833267
B4,S1,27,5,49.51810156877558,0.18350768031186473,0.0,1.0003927550604772,1.4000000000000001,0.04877932054831938,0.4787780628804583,2.020755401898655,5.0,1.0,0.2769745819275442,15.0,0.0,0.0,-0.013057822873137614,1818,65448,18,0.2,0.0,0.5421278514863798
B5,S1,27,5,49.518178609078326,0.1835226898671074,0.0,1.0003927550604772,1.4000000000000001,0.04874489111622328,0.4787204178012203,2.027326335798495,5.0,1.0,0.27683539005671076,15.0,0.0,0.0,0.0,1818,65448,18,0.2,0.0,0.7014485346495924
P,S1,27,5,49.51837554623243,0.18372647087155394,0.0,1.0003927550604772,1.4000000000000001,0.04872218946774797,0.47856553393239665,2.06177603256597,5.0,1.0,0.27626458970982876,15.0,0.0,0.0,0.0,625,22500,18,1.0,0.0,0.4831785841581745
B0,S2,27,5,49.11678786974664,0.4310175357114717,0.0,1.9338898704416405,7.0,0.0741792007804779,0.5623419323824166,5.215336789611479,5.0,0.0,0.38560279467542924,16.0,0.0,0.0,0.0,0,0,0,0.0,0.0,0.26194531683178846
B1,S2,27,5,49.54620296221945,0.1769271212414103,0.0,1.0003927550604772,1.4000000000000001,0.0625231272077202,0.4537970377805465,1.9963340534542284,4.199999999999999,1.0,0.2807486320299612,16.0,0.0,0.0,0.0,18180,654480,180,0.2,0.0,0.4147914653435917
B2,S2,27,5,49.544502945437465,0.16873869969101724,0.0,1.0003927550604772,1.4000000000000001,0.049465090417134906,0.4552320831126835,1.761671432180097,4.0,1.0,0.26915119791326086,16.0,0.0,0.0,0.0,1818,65448,18,0.2,0.0,0.40563572277431664
B3,S2,27,5,49.547643886471555,0.17314380706283986,4.0,1.0003927550604772,1.4000000000000001,0.050236349883888726,0.4523561135284453,2.1373134968006524,5.0,1.0,0.26482397093824156,16.0,0.0,0.0,0.0,1818,65448,18,0.2,0.0,0.44216398020022224
B4,S2,27,5,49.54733806950942,0.17267467929332025,4.0,1.0003927550604772,1.4000000000000001,0.04959026273320667,0.4526619304905779,2.1178339822598033,5.0,1.0,0.2646089472504286,16.0,0.0,0.0,-0.013996389730719372,1818,65448,18,0.2,0.0,0.4931777821769687
B5,S2,27,5,49.54718329920331,0.17236005202094937,4.0,1.0003927550604772,1.4000000000000001,0.04954576218789519,0.45281670079668856,2.099162149289167,5.0,1.0,0.26489110038504404,16.0,0.0,0.0,0.0,1818,65448,18,0.2,0.0,0.4455194653469379
P,S2,27,5,49.547295690286944,0.17299313435902536,4.0,1.0003927550604772,1.4000000000000001,0.049380664851125695,0.45270430971305586,2.136666012245621,5.0,1.0,0.26402411649205293,16.0,0.0,0.0,0.0,619,22284,18,1.0,0.0,0.453729356438386
B0,S3,27,5,49.065613232182116,0.4531547705448934,4.0,1.9338898704416405,7.0,0.07396767379343068,0.5882852693923724,5.481536310904408,5.0,0.0,0.4022673903376018,15.0,0.0,0.0,0.0,0,0,0,0.0,0.0,0.25276327722725783
B1,S3,27,5,49.518579745808616,0.1882612766964453,0.0,1.0003927550604772,1.4000000000000001,0.06007844128615171,0.4787733455914136,2.072903163610395,4.199999999999999,1.0,0.293761996146345,15.0,0.0,0.0,0.0,18180,654480,180,0.2,0.0,0.3772807722766224
B2,S3,27,5,49.516495529019934,0.18417876415683762,0.0,1.0003927550604772,1.4000000000000001,0.0488713521649884,0.47998244005483315,1.930409328489708,5.0,1.0,0.28352761279193267,15.0,0.0,0.0,0.0,1818,65448,18,0.2,0.0,0.38759181188202046
B3,S3,27,5,49.518037597159214,0.18352976161345286,0.0,1.0003927550604772,1.4000000000000001,0.04891200581796286,0.478829113287766,2.009421868996518,5.0,1.0,0.28059766428777105,15.0,0.0,0.0,0.0,1818,65448,18,0.2,0.0,0.3960132079204287
B4,S3,27,5,49.51805455556631,0.1835249025985062,0.0,1.0003927550604772,1.4000000000000001,0.048770652994267326,0.4788131452662938,2.0207108811999412,5.0,1.0,0.28031495377672944,15.0,0.0,0.0,-0.013057828144875772,1818,65448,18,0.2,0.0,0.439269603959636
B5,S3,27,5,49.51813159583901,0.1835390437709612,0.0,1.0003927550604772,1.4000000000000001,0.04873592138794506,0.4787555002095445,2.0271853327395903,5.0,1.0,0.28017576191039256,15.0,0.0,0.0,0.0,1818,65448,18,0.2,0.0,0.45745812871480146
P,S3,27,5,49.51831580537865,0.18378870469223038,0.0,1.0003927550604772,1.4000000000000001,0.04875892566426011,0.47864979340663183,2.064755550392359,5.0,1.0,0.2795960355745377,15.0,0.0,0.0,0.0,642,23112,18,1.0,0.0,0.42195300990204143
B0,S4,27,5,49.065613232182116,0.4531547705448934,4.0,1.9338898704416405,7.0,0.07396767379343068,0.5882852693923724,5.481536310904408,5.0,0.0,0.3989340570042684,0.0,0.0,0.0,0.0,0,0,0,0.0,0.0,0.23302653465242934
B1,S4,27,5,49.51828806427169,0.1886727603577149,0.0,1.0003927550604772,1.4000000000000001,0.060077297684154776,0.4789969868521098,2.079457887869633,4.199999999999999,1.0,0.29047110155800193,0.0,0.0,0.0,0.0,18180,654480,180,0.2,0.0,0.3885112277257036
B2,S4,27,5,49.51649435754958,0.1841791133461514,0.0,1.0003927550604772,1.4000000000000001,0.04887129860812898,0.4799834638109175,1.9304130200821872,5.0,1.0,0.2801943766210846,0.0,0.0,0.0,0.0,1818,65448,18,0.2,0.0,0.4152185346545521
B3,S4,27,5,49.51813870245,0.18349028756694655,0.0,1.0003927550604772,1.4000000000000001,0.04892908240755855,0.47875336367623333,2.00930941400372,5.0,1.0,0.27724921423784993,0.0,0.0,0.0,0.0,1818,65448,18,0.2,0.0,0.38772804950129663
B4,S4,27,5,49.51810156877558,0.18350768031186473,0.0,1.0003927550604772,1.4000000000000001,0.04877932054831938,0.4787780628804583,2.020755401898655,5.0,1.0,0.2769745819275442,0.0,0.0,0.0,-0.013057822873137614,1818,65448,18,0.2,0.0,0.4150324059379939
B5,S4,27,5,49.518178609078326,0.1835226898671074,0.0,1.0003927550604772,1.4000000000000001,0.04874489111622328,0.4787204178012203,2.027326335798495,5.0,1.0,0.27683539005671076,0.0,0.0,0.0,0.0,1818,65448,18,0.2,0.0,0.4942405742548373
P,S4,27,5,49.51837554623243,0.18372647087155394,0.0,1.0003927550604772,1.4000000000000001,0.04872218946774797,0.47856553393239665,2.06177603256597,5.0,1.0,0.27626458970982876,0.0,0.0,0.0,0.0,625,22500,18,1.0,0.0,0.46530271287121994
B0,S5,27,5,49.065613232182116,0.4531547705448934,4.0,1.9338898704416405,7.0,0.07396767379343068,0.5882852693923724,5.481536310904408,5.0,0.0,0.3989340570042684,15.0,0.0,0.0,0.0,0,0,0,0.0,0.0,0.2765408514845842
B1,S5,27,5,49.51828806427169,0.1886727603577149,0.0,1.0003927550604772,1.4000000000000001,0.060077297684154776,0.4789969868521098,2.079457887869633,4.199999999999999,1.0,0.29047110155800193,15.0,0.0,0.0,0.0,18180,654480,180,0.2,0.0,0.5084544950477721
B2,S5,27,5,49.51649435754958,0.1841791133461514,0.0,1.0003927550604772,1.4000000000000001,0.04887129860812898,0.4799834638109175,1.9304130200821872,5.0,1.0,0.2801943766210846,15.0,0.0,0.0,0.0,1818,65448,18,0.2,0.0,0.4184088613850924
B3,S5,27,5,49.51813870245,0.18349028756694655,0.0,1.0003927550604772,1.4000000000000001,0.04892908240755855,0.47875336367623333,2.00930941400372,5.0,1.0,0.27724921423784993,15.0,0.0,0.0,0.0,1818,65448,18,0.2,0.0,0.4505690792101821
B4,S5,27,5,49.51810156877558,0.18350768031186473,0.0,1.0003927550604772,1.4000000000000001,0.04877932054831938,0.4787780628804583,2.020755401898655,5.0,1.0,0.2769745819275442,15.0,0.0,0.0,-0.013057822873137614,1818,65448,18,0.2,0.0,0.46616175247643443
B5,S5,27,5,49.518178609078326,0.1835226898671074,0.0,1.0003927550604772,1.4000000000000001,0.04874489111622328,0.4787204178012203,2.027326335798495,5.0,1.0,0.27683539005671076,15.0,0.0,0.0,0.0,1818,65448,18,0.2,0.0,0.47957421782142556
P,S5,27,5,49.51837554623243,0.18372647087155394,0.0,1.0003927550604772,1.4000000000000001,0.04872218946774797,0.47856553393239665,2.06177603256597,5.0,1.0,0.27626458970982876,15.0,0.0,0.0,0.0,625,22500,18,1.0,0.0,0.42007021782428455
B0,S6,27,5,49.11678786974664,0.4310175357114717,0.0,1.9338898704416405,7.0,0.0741792007804779,0.5623419323824166,5.215336789611479,5.0,0.0,0.38560279467542924,16.0,0.0,0.0,0.0,0,0,0,0.0,0.0,0.2534597821779406
B1,S6,27,5,49.54620296221945,0.1769271212414103,0.0,1.0003927550604772,1.4000000000000001,0.0625231272077202,0.4537970377805465,1.9963340534542284,4.199999999999999,1.0,0.2807486320299612,16.0,0.0,0.0,0.0,18180,654480,180,0.2,0.0,0.376136247525372
B2,S6,27,5,49.544502945437465,0.16873869969101724,0.0,1.0003927550604772,1.4000000000000001,0.049465090417134906,0.4552320831126835,1.761671432180097,4.0,1.0,0.26915119791326086,16.0,0.0,0.0,0.0,1818,65448,18,0.2,0.0,0.38782304950518215
B3,S6,27,5,49.547643886471555,0.17314380706283986,4.0,1.0003927550604772,1.4000000000000001,0.050236349883888726,0.4523561135284453,2.1373134968006524,5.0,1.0,0.26482397093824156,16.0,0.0,0.0,0.0,1818,65448,18,0.2,0.0,0.4111655148515656
B4,S6,27,5,49.54733806950942,0.17267467929332025,4.0,1.0003927550604772,1.4000000000000001,0.04959026273320667,0.4526619304905779,2.1178339822598033,5.0,1.0,0.2646089472504286,16.0,0.0,0.0,-0.013996389730719372,1818,65448,18,0.2,0.0,0.45063085148699833
B5,S6,27,5,49.54718329920331,0.17236005202094937,4.0,1.0003927550604772,1.4000000000000001,0.04954576218789519,0.45281670079668856,2.099162149289167,5.0,1.0,0.26489110038504404,16.0,0.0,0.0,0.0,1818,65448,18,0.2,0.0,0.4398069603946106
P,S6,27,5,49.547295690286944,0.17299313435902536,4.0,1.0003927550604772,1.4000000000000001,0.049380664851125695,0.45270430971305586,2.136666012245621,5.0,1.0,0.26402411649205293,16.0,0.0,0.0,0.0,619,22284,18,1.0,0.0,0.45603655445741575
B0,S7,27,5,49.11678786974664,0.4310175357114717,0.0,1.9338898704416405,7.0,0.0741792007804779,0.5623419323824166,5.215336789611479,5.0,0.0,0.38560279467542924,16.0,0.0,0.0,0.0,0,0,0,0.0,0.0,0.26277245544658606
B1,S7,27,5,49.54620296221945,0.1769271212414103,0.0,1.0003927550604772,1.4000000000000001,0.0625231272077202,0.4537970377805465,1.9963340534542284,4.199999999999999,1.0,0.2807486320299612,16.0,0.0,0.0,0.0,18180,654480,180,0.2,0.0,0.40414387128951396
B2,S7,27,5,49.544502945437465,0.16873869969101724,0.0,1.0003927550604772,1.4000000000000001,0.049465090417134906,0.4552320831126835,1.761671432180097,4.0,1.0,0.26915119791326086,16.0,0.0,0.0,0.0,1818,65448,18,0.2,0.0,0.39678309900805875
B3,S7,27,5,49.547643886471555,0.17314380706283986,4.0,1.0003927550604772,1.4000000000000001,0.050236349883888726,0.4523561135284453,2.1373134968006524,5.0,1.0,0.26482397093824156,16.0,0.0,0.0,0.0,1818,65448,18,0.2,0.0,0.42878168316819215
B4,S7,27,5,49.54733806950942,0.17267467929332025,4.0,1.0003927550604772,1.4000000000000001,0.04959026273320667,0.4526619304905779,2.1178339822598033,5.0,1.0,0.2646089472504286,16.0,0.0,0.0,-0.013996389730719372,1818,65448,18,0.2,0.0,0.44788774257630404
B5,S7,27,5,49.54718329920331,0.17236005202094937,4.0,1.0003927550604772,1.4000000000000001,0.04954576218789519,0.45281670079668856,2.099162149289167,5.0,1.0,0.26489110038504404,16.0,0.0,0.0,0.0,1818,65448,18,0.2,0.0,0.4549070990113178
P,S7,27,5,49.547295690286944,0.17299313435902536,4.0,1.0003927550604772,1.4000000000000001,0.049380664851125695,0.45270430971305586,2.136666012245621,5.0,1.0,0.26402411649205293,16.0,0.0,0.0,0.0,619,22284,18,1.0,0.0,0.42212713861493345
B0,S1,28,5,49.065613232182116,0.4531547705448934,4.0,1.9338898704416405,7.0,0.07396767379343068,0.5882852693923724,5.481536310904408,5.0,0.0,0.3989340570042684,15.0,0.0,0.0,0.0,0,0,0,0.0,0.0,0.2402193267338553
B1,S1,28,5,49.51827439363835,0.18864605266755272,0.0,1.0003927550604772,1.4000000000000001,0.06006577504144554,0.4790075834448899,2.078150002921825,4.199999999999999,1.0,0.2904742487768249,15.0,0.0,0.0,0.0,18180,654480,180,0.2,0.0,0.38341055445619865
B2,S1,28,5,49.5163942048552,0.1842854117688534,0.0,1.0003927550604772,1.4000000000000001,0.04890465115043879,0.48020566884731863,1.9342072157698234,5.0,1.0,0.2803036018669303,15.0,0.0,0.0,0.0,1818,65448,18,0.2,0.0,0.37511706930690525
B3,S1,28,5,49.51811231540752,0.1835276810680417,0.0,1.0003927550604772,1.4000000000000001,0.049034571208134564,0.478925658583762,2.0083976724637704,5.0,1.0,0.2774325918639234,15.0,0.0,0.0,0.0,1818,65448,18,0.2,0.0,0.3830662574250935
B4,S1,28,5,49.519798998970735,0.18479187678843925,0.20000000000000018,1.0003927550604772,1.4000000000000001,0.04910261095145387,0.4776686828749277,2.185903924086271,5.0,1.0,0.2748505175918007,15.0,0.0,0.0,-0.012810475912894637,1818,65448,18,0.2,0.0,0.46948485148484653
B5,S1,28,5,49.5199918958774,0.18494777211265093,4.0,1.0003927550604772,1.4000000000000001,0.0491488160845399,0.47752434858401216,2.199702548232145,5.0,1.0,0.27462747053695913,15.0,0.0,0.0,0.0,1818,65448,18,0.2,0.0,0.42678188118419585
P,S1,28,5,49.519925694113596,0.18550778438389953,4.0,1.0003927550604772,1.4000000000000001,0.049342865753321315,0.4775619049961577,2.2276797641261976,5.0,1.0,0.27417738782326423,15.0,0.0,0.0,0.0,601,21636,18,1.0,0.0,0.41294079208023277
B0,S2,28,5,49.11678786974664,0.4310175357114717,0.0,1.9338898704416405,7.0,0.0741792007804779,0.5623419323824166,5.215336789611479,5.0,0.0,0.38560279467542924,16.0,0.0,0.0,0.0,0,0,0,0.0,0.0,0.2479889306927686
B1,S2,28,5,49.546192365626645,0.17691045715832207,0.0,1.0003927550604772,1.4000000000000001,0.06250879625230439,0.45380763437335503,1.996006018144276,4.199999999999999,1.0,0.28075159029330315,16.0,0.0,0.0,0.0,18180,654480,180,0.2,0.0,0.39991630693194646
B2,S2,28,5,49.54449117972202,0.16883211255444935,0.0,1.0003927550604772,1.4000000000000001,0.049404263030761994,0.45536200577984687,1.7639280721351107,4.0,1.0,0.2691937422999249,16.0,0.0,0.0,0.0,1818,65448,18,0.2,0.0,0.3939401386146123
B3,S2,28,5,49.54718735114758,0.17302127669904507,4.0,1.0003927550604772,1.4000000000000001,0.05020699775893905,0.45281264885242223,2.1276397871279853,5.0,1.0,0.2652509564853098,16.0,0.0,0.0,0.0,1818,65448,18,0.2,0.0,0.46056139603708723
B4,S2,28,5,49.54792811274786,0.17585855264545575,4.0,1.0003927550604772,1.4000000000000001,0.04957301702819621,0.45207188725213854,2.261447580159739,5.0,1.0,0.26318933618879214,16.0,0.0,0.0,-0.013834829028855689,1818,65448,18,0.2,0.0,0.4399699802015315
B5,S2,28,5,49.547817635003966,0.17560987822824814,4.0,1.0003927550604772,1.4000000000000001,0.04950655963067432,0.4521823649960339,2.249977833698673,5.0,1.0,0.26333507027819153,16.0,0.0,0.0,0.0,1818,65448,18,0.2,0.0,0.477311693070042
P,S2,28,5,49.547770548987245,0.1755703825958604,4.0,1.0003927550604772,1.4000000000000001,0.049493392797843885,0.45222945101275513,2.2477014817281487,5.0,1.0,0.2634015700714668,16.0,0.0,0.0,0.0,643,23148,18,1.0,0.0,0.43835830692752087
B0,S3,28,5,49.065613232182116,0.4531547705448934,4.0,1.9338898704416405,7.0,0.07396767379343068,0.5882852693923724,5.481536310904408,5.0,0.0,0.4022673903376018,15.0,0.0,0.0,0.0,0,0,0,0.0,0.0,0.2272255841588877
B1,S3,28,5,49.51856607517528,0.1882346943402496,0.0,1.0003927550604772,1.4000000000000001,0.0600669187180799,0.47878394218419373,2.0715952216222546,4.199999999999999,1.0,0.29376514336516835,15.0,0.0,0.0,0.0,18180,654480,180,0.2,0.0,0.3700940396000907
B2,S3,28,5,49.5163923398086,0.18428610663733413,0.0,1.0003927550604772,1.4000000000000001,0.048904522008869786,0.48020781543355895,1.934215290529276,5.0,1.0,0.28363717735137517,15.0,0.0,0.0,0.0,1818,65448,18,0.2,0.0,0.3877941485145561
B3,S3,28,5,49.51816365189806,0.18350857577963706,0.0,1.0003927550604772,1.4000000000000001,0.0490437323886503,0.47888719876847574,2.0085134217039897,5.0,1.0,0.28075825523205195,15.0,0.0,0.0,0.0,1818,65448,18,0.2,0.0,0.3993948118819606
B4,S3,28,5,49.51982177850265,0.1847842373706734,0.20000000000000018,1.0003927550604772,1.4000000000000001,0.04910761486858395,0.47765182373467496,2.1859046706696708,5.0,1.0,0.27818040881563705,15.0,0.0,0.0,-0.012810479073039893,1818,65448,18,0.2,0.0,0.41926334653349967
B5,S3,28,5,49.52001467541421,0.18494051991267985,4.0,1.0003927550604772,1.4000000000000001,0.04915432089502272,0.47750748944010013,2.199702989693824,5.0,1.0,0.27795736176006164,15.0,0.0,0.0,0.0,1818,65448,18,0.2,0.0,0.43676052475330107
P,S3,28,5,49.5208736506933,0.18520746622825793,4.0,1.0003927550604772,1.4000000000000001,0.0494394030593299,0.4768137373842123,2.2253981009945036,5.0,1.0,0.27738158148632863,15.0,0.0,0.0,0.0,590,21240,18,1.0,0.0,0.4054180990126474
B0,S4,28,5,49.065613232182116,0.4531547705448934,4.0,1.9338898704416405,7.0,0.07396767379343068,0.5882852693923724,5.481536310904408,5.0,0.0,0.3989340570042684,0.0,0.0,0.0,0.0,0,0,0,0.0,0.0,0.237385475249521
B1,S4,28,5,49.51827439363835,0.18864605266755272,0.0,1.0003927550604772,1.4000000000000001,0.06006577504144554,0.4790075834448899,2.078150002921825,4.199999999999999,1.0,0.2904742487768249,0.0,0.0,0.0,0.0,18180,654480,180,0.2,0.0,0.4026064257412163
B2,S4,28,5,49.5163942048552,0.1842854117688534,0.0,1.0003927550604772,1.4000000000000001,0.04890465115043879,0.48020566884731863,1.9342072157698234,5.0,1.0,0.2803036018669303,0.0,0.0,0.0,0.0,1818,65448,18,0.2,0.0,0.3573524356424698
B3,S4,28,5,49.51811231540752,0.1835276810680417,0.0,1.0003927550604772,1.4000000000000001,0.049034571208134564,0.478925658583762,2.0083976724637704,5.0,1.0,0.2774325918639234,0.0,0.0,0.0,0.0,1818,65448,18,0.2,0.0,0.3881602277231488
B4,S4,28,5,49.519798998970735,0.18479187678843925,0.20000000000000018,1.0003927550604772,1.4000000000000001,0.04910261095145387,0.4776686828749277,2.185903924086271,5.0,1.0,0.2748505175918007,0.0,0.0,0.0,-0.012810475912894637,1818,65448,18,0.2,0.0,0.43294606930520796
B5,S4,28,5,49.5199918958774,0.18494777211265093,4.0,1.0003927550604772,1.4000000000000001,0.0491488160845399,0.47752434858401216,2.199702548232145,5.0,1.0,0.27462747053695913,0.0,0.0,0.0,0.0,1818,65448,18,0.2,0.0,0.42731487128368806
P,S4,28,5,49.519925694113596,0.18550778438389953,4.0,1.0003927550604772,1.4000000000000001,0.049342865753321315,0.4775619049961577,2.2276797641261976,5.0,1.0,0.27417738782326423,0.0,0.0,0.0,0.0,601,21636,18,1.0,0.0,0.44050834653131854
B0,S5,28,5,49.065613232182116,0.4531547705448934,4.0,1.9338898704416405,7.0,0.07396767379343068,0.5882852693923724,5.481536310904408,5.0,0.0,0.3989340570042684,15.0,0.0,0.0,0.0,0,0,0,0.0,0.0,0.2301183960415722
B1,S5,28,5,49.51827439363835,0.18864605266755272,0.0,1.0003927550604772,1.4000000000000001,0.06006577504144554,0.4790075834448899,2.078150002921825,4.199999999999999,1.0,0.2904742487768249,15.0,0.0,0.0,0.0,18180,654480,180,0.2,0.0,0.3849288514850354
B2,S5,28,5,49.5163942048552,0.1842854117688534,0.0,1.0003927550604772,1.4000000000000001,0.04890465115043879,0.48020566884731863,1.9342072157698234,5.0,1.0,0.2803036018669303,15.0,0.0,0.0,0.0,1818,65448,18,0.2,0.0,0.38911476237651843
B3,S5,28,5,49.51811231540752,0.1835276810680417,0.0,1.0003927550604772,1.4000000000000001,0.049034571208134564,0.478925658583762,2.0083976724637704,5.0,1.0,0.2774325918639234,15.0,0.0,0.0,0.0,1818,65448,18,0.2,0.0,0.38782139603931187
B4,S5,28,5,49.519798998970735,0.18479187678843925,0.20000000000000018,1.0003927550604772,1.4000000000000001,0.04910261095145387,0.4776686828749277,2.185903924086271,5.0,1.0,0.2748505175918007,15.0,0.0,0.0,-0.012810475912894637,1818,65448,18,0.2,0.0,0.4089397821775096
B5,S5,28,5,49.5199918958774,0.18494777211265093,4.0,1.0003927550604772,1.4000000000000001,0.0491488160845399,0.47752434858401216,2.199702548232145,5.0,1.0,0.27462747053695913,15.0,0.0,0.0,0.0,1818,65448,18,0.2,0.0,0.4115303861386331
P,S5,28,5,49.519925694113596,0.18550778438389953,4.0,1.0003927550604772,1.4000000000000001,0.049342865753321315,0.4775619049961577,2.2276797641261976,5.0,1.0,0.27417738782326423,15.0,0.0,0.0,0.0,601,21636,18,1.0,0.0,0.4438856039591388
B0,S6,28,5,49.11678786974664,0.4310175357114717,0.0,1.9338898704416405,7.0,0.0741792007804779,0.5623419323824166,5.215336789611479,5.0,0.0,0.38560279467542924,16.0,0.0,0.0,0.0,0,0,0,0.0,0.0,0.24859958415672195
B1,S6,28,5,49.546192365626645,0.17691045715832207,0.0,1.0003927550604772,1.4000000000000001,0.06250879625230439,0.45380763437335503,1.996006018144276,4.199999999999999,1.0,0.28075159029330315,16.0,0.0,0.0,0.0,18180,654480,180,0.2,0.0,0.3811322376260241
B2,S6,28,5,49.54449117972202,0.16883211255444935,0.0,1.0003927550604772,1.4000000000000001,0.049404263030761994,0.45536200577984687,1.7639280721351107,4.0,1.0,0.2691937422999249,16.0,0.0,0.0,0.0,1818,65448,18,0.2,0.0,0.37276595049652406
B3,S6,28,5,49.54718735114758,0.17302127669904507,4.0,1.0003927550604772,1.4000000000000001,0.05020699775893905,0.45281264885242223,2.1276397871279853,5.0,1.0,0.2652509564853098,16.0,0.0,0.0,0.0,1818,65448,18,0.2,0.0,0.4350934158411643
B4,S6,28,5,49.54792811274786,0.17585855264545575,4.0,1.0003927550604772,1.4000000000000001,0.04957301702819621,0.45207188725213854,2.261447580159739,5.0,1.0,0.26318933618879214,16.0,0.0,0.0,-0.013834829028855689,1818,65448,18,0.2,0.0,0.4476559306927847
B5,S6,28,5,49.547817635003966,0.17560987822824814,4.0,1.0003927550604772,1.4000000000000001,0.04950655963067432,0.4521823649960339,2.249977833698673,5.0,1.0,0.26333507027819153,16.0,0.0,0.0,0.0,1818,65448,18,0.2,0.0,0.4229579900977727
P,S6,28,5,49.547770548987245,0.1755703825958604,4.0,1.0003927550604772,1.4000000000000001,0.049493392797843885,0.45222945101275513,2.2477014817281487,5.0,1.0,0.2634015700714668,16.0,0.0,0.0,0.0,643,23148,18,1.0,0.0,0.42416133663047534
B0,S7,28,5,49.11678786974664,0.4310175357114717,0.0,1.9338898704416405,7.0,0.0741792007804779,0.5623419323824166,5.215336789611479,5.0,0.0,0.38560279467542924,16.0,0.0,0.0,0.0,0,0,0,0.0,0.0,0.2487006336646163
B1,S7,28,5,49.546192365626645,0.17691045715832207,0.0,1.0003927550604772,1.4000000000000001,0.06250879625230439,0.45380763437335503,1.996006018144276,4.199999999999999,1.0,0.28075159029330315,16.0,0.0,0.0,0.0,18180,654480,180,0.2,0.0,0.42772163366259186
B2,S7,28,5,49.54449117972202,0.16883211255444935,0.0,1.0003927550604772,1.4000000000000001,0.049404263030761994,0.45536200577984687,1.7639280721351107,4.0,1.0,0.2691937422999249,16.0,0.0,0.0,0.0,1818,65448,18,0.2,0.0,0.40497767326771716
B3,S7,28,5,49.54718735114758,0.17302127669904507,4.0,1.0003927550604772,1.4000000000000001,0.05020699775893905,0.45281264885242223,2.1276397871279853,5.0,1.0,0.2652509564853098,16.0,0.0,0.0,0.0,1818,65448,18,0.2,0.0,0.4132916039614627
B4,S7,28,5,49.54792811274786,0.17585855264545575,4.0,1.0003927550604772,1.4000000000000001,0.04957301702819621,0.45207188725213854,2.261447580159739,5.0,1.0,0.26318933618879214,16.0,0.0,0.0,-0.013834829028855689,1818,65448,18,0.2,0.0,0.4586926435633971
B5,S7,28,5,49.547817635003966,0.17560987822824814,4.0,1.0003927550604772,1.4000000000000001,0.04950655963067432,0.4521823649960339,2.249977833698673,5.0,1.0,0.26333507027819153,16.0,0.0,0.0,0.0,1818,65448,18,0.2,0.0,0.4396738118830939
P,S7,28,5,49.547770548987245,0.1755703825958604,4.0,1.0003927550604772,1.4000000000000001,0.049493392797843885,0.45222945101275513,2.2477014817281487,5.0,1.0,0.2634015700714668,16.0,0.0,0.0,0.0,643,23148,18,1.0,0.0,0.4352485049533396
B0,S1,29,5,49.065613232182116,0.4531547705448934,4.0,1.9338898704416405,7.0,0.07396767379343068,0.5882852693923724,5.481536310904408,5.0,0.0,0.3989340570042684,15.0,0.0,0.0,0.0,0,0,0,0.0,0.0,0.2564325742592827
B1,S1,29,5,49.51830101751969,0.18866334370165372,0.0,1.0003927550604772,1.4000000000000001,0.06005286872859309,0.4789847104677065,2.080113112118214,4.199999999999999,1.0,0.29046515858384586,15.0,0.0,0.0,0.0,18180,654480,180,0.2,0.0,0.3984939801982661
B2,S1,29,5,49.51635238423104,0.1842441987499595,0.0,1.0003927550604772,1.4000000000000001,0.04896843147892293,0.48016846178700945,1.9302590848310608,5.0,1.0,0.2806337335874811,15.0,0.0,0.0,0.0,1818,65448,18,0.2,0.0,0.376229574257114
B3,S1,29,5,49.51811899976282,0.18351444653846272,0.0,1.0003927550604772,1.4000000000000001,0.04904378708432328,0.47883550159160393,2.010555802805326,5.0,1.0,0.277576893466928,15.0,0.0,0.0,0.0,1818,65448,18,0.2,0.0,0.4693888316852632
B4,S1,29,5,49.51837937317028,0.1835878675326856,0.0,1.0003927550604772,1.4000000000000001,0.04898143768168075,0.47864140588007587,2.0323249740524707,5.0,1.0,0.2773214553298305,15.0,0.0,0.0,-0.012957341056515137,1818,65448,18,0.2,0.0,0.40859897029858444
B5,S1,29,5,49.51838829556761,0.1835822984879368,0.0,1.0003927550604772,1.4000000000000001,0.04894870255772079,0.47863472973416776,2.0324379385074227,5.0,1.0,0.27730427032215726,15.0,0.0,0.0,0.0,1818,65448,18,0.2,0.0,0.400616049508172
P,S1,29,5,49.517495059870605,0.18389496969086572,0.0,1.0003927550604772,1.4000000000000001,0.04882884982025721,0.4793246422986499,2.029822713223437,5.0,1.0,0.27770473808372415,15.0,0.0,0.0,0.0,599,21564,18,1.0,0.0,0.4184924455465548
B0,S2,29,5,49.11678786974664,0.4310175357114717,0.0,1.9338898704416405,7.0,0.0741792007804779,0.5623419323824166,5.215336789611479,5.0,0.0,0.38560279467542924,16.0,0.0,0.0,0.0,0,0,0,0.0,0.0,0.25387895049681164
B1,S2,29,5,49.54621523860385,0.1769083625662065,0.0,1.0003927550604772,1.4000000000000001,0.06249712562357043,0.4537847613961503,1.99642281025497,4.199999999999999,1.0,0.2807506307433162,16.0,0.0,0.0,0.0,18180,654480,180,0.2,0.0,0.40940633663363896
B2,S2,29,5,49.5443609721189,0.16876959004156267,0.0,1.0003927550604772,1.4000000000000001,0.04957434942159381,0.45541708108880385,1.7625622783443,4.0,1.0,0.26952194338890195,16.0,0.0,0.0,0.0,1818,65448,18,0.2,0.0,0.4040072772293588
B3,S2,29,5,49.54736808197927,0.17315921859672645,4.0,1.0003927550604772,1.4000000000000001,0.05031182105722242,0.4526319180207281,2.136544457846652,5.0,1.0,0.2652176542846281,16.0,0.0,0.0,0.0,1818,65448,18,0.2,0.0,0.4394324455461174
B4,S2,29,5,49.547242292480945,0.17285928665539052,4.0,1.0003927550604772,1.4000000000000001,0.049651713778360175,0.452757707519055,2.123398795127512,5.0,1.0,0.2649836696320783,16.0,0.0,0.0,-0.013888548578210314,1818,65448,18,0.2,0.0,0.4760126435660886
B5,S2,29,5,49.54705571109326,0.17250519808596462,4.0,1.0003927550604772,1.4000000000000001,0.04962640368300718,0.45294428890674254,2.101457867307516,5.0,1.0,0.2654206501247666,16.0,0.0,0.0,0.0,1818,65448,18,0.2,0.0,0.4889559405941921
P,S2,29,5,49.547584637499945,0.17255738209276264,4.0,1.0003927550604772,1.4000000000000001,0.049653944176030244,0.4524153625000551,2.107376013525479,5.0,1.0,0.2648066087032992,16.0,0.0,0.0,0.0,608,21888,18,1.0,0.0,0.511972099011833
B0,S3,29,5,49.065613232182116,0.4531547705448934,4.0,1.9338898704416405,7.0,0.07396767379343068,0.5882852693923724,5.481536310904408,5.0,0.0,0.4022673903376018,15.0,0.0,0.0,0.0,0,0,0,0.0,0.0,0.24756889108697813
B1,S3,29,5,49.51859269905663,0.18825230667510814,0.0,1.0003927550604772,1.4000000000000001,0.06005400825613302,0.4787610692069961,2.073558247249553,4.199999999999999,1.0,0.2937560531721893,15.0,0.0,0.0,0.0,18180,654480,180,0.2,0.0,0.4162796435638943
B2,S3,29,5,49.516353555701365,0.18424379516585995,0.0,1.0003927550604772,1.4000000000000001,0.048968490855431396,0.4801674380309606,1.9302545472469481,5.0,1.0,0.28396696975832847,15.0,0.0,0.0,0.0,1818,65448,18,0.2,0.0,0.4245385346549294
B3,S3,29,5,49.518045064426516,0.18354150646500245,0.0,1.0003927550604772,1.4000000000000001,0.04903112186611102,0.47889081037086356,2.010481385486168,5.0,1.0,0.28092129345390227,15.0,0.0,0.0,0.0,1818,65448,18,0.2,0.0,0.4481349801968499
B4,S3,29,5,49.51820127288144,0.1836491258611562,0.0,1.0003927550604772,1.4000000000000001,0.04894739126857716,0.47877494978155255,2.0320031668968443,5.0,1.0,0.28068140098403405,15.0,0.0,0.0,-0.012957320221772983,1818,65448,18,0.2,0.0,0.4439176336610658
B5,S3,29,5,49.51821019530367,0.18364226249420149,0.0,1.0003927550604772,1.4000000000000001,0.04891439356044455,0.4787682736170211,2.0321436507957436,5.0,1.0,0.28066421597263363,15.0,0.0,0.0,0.0,1818,65448,18,0.2,0.0,0.47274357426107205
P,S3,29,5,49.51770528658354,0.18383259036454747,0.0,1.0003927550604772,1.4000000000000001,0.04885910017331821,0.47915892494755497,2.0301578164011342,5.0,1.0,0.28100902344313755,15.0,0.0,0.0,0.0,608,21888,18,1.0,0.0,0.47843586138480876
B0,S4,29,5,49.065613232182116,0.4531547705448934,4.0,1.9338898704416405,7.0,0.07396767379343068,0.5882852693923724,5.481536310904408,5.0,0.0,0.3989340570042684,0.0,0.0,0.0,0.0,0,0,0,0.0,0.0,0.24489826732815795
B1,S4,29,5,49.51830101751969,0.18866334370165372,0.0,1.0003927550604772,1.4000000000000001,0.06005286872859309,0.4789847104677065,2.080113112118214,4.199999999999999,1.0,0.29046515858384586,0.0,0.0,0.0,0.0,18180,654480,180,0.2,0.0,0.4015865445553843
B2,S4,29,5,49.51635238423104,0.1842441987499595,0.0,1.0003927550604772,1.4000000000000001,0.04896843147892293,0.48016846178700945,1.9302590848310608,5.0,1.0,0.2806337335874811,0.0,0.0,0.0,0.0,1818,65448,18,0.2,0.0,0.39127798019834886
B3,S4,29,5,49.51811899976282,0.18351444653846272,0.0,1.0003927550604772,1.4000000000000001,0.04904378708432328,0.47883550159160393,2.010555802805326,5.0,1.0,0.277576893466928,0.0,0.0,0.0,0.0,1818,65448,18,0.2,0.0,0.43229141584281994
B4,S4,29,5,49.51837937317028,0.1835878675326856,0.0,1.0003927550604772,1.4000000000000001,0.04898143768168075,0.47864140588007587,2.0323249740524707,5.0,1.0,0.2773214553298305,0.0,0.0,0.0,-0.012957341056515137,1818,65448,18,0.2,0.0,0.5102587722759192
B5,S4,29,5,49.51838829556761,0.1835822984879368,0.0,1.0003927550604772,1.4000000000000001,0.04894870255772079,0.47863472973416776,2.0324379385074227,5.0,1.0,0.27730427032215726,0.0,0.0,0.0,0.0,1818,65448,18,0.2,0.0,0.46937099010068384
P,S4,29,5,49.517495059870605,0.18389496969086572,0.0,1.0003927550604772,1.4000000000000001,0.04882884982025721,0.4793246422986499,2.029822713223437,5.0,1.0,0.27770473808372415,0.0,0.0,0.0,0.0,599,21564,18,1.0,0.0,0.4792666336605648
B0,S5,29,5,49.065613232182116,0.4531547705448934,4.0,1.9338898704416405,7.0,0.07396767379343068,0.5882852693923724,5.481536310904408,5.0,0.0,0.3989340570042684,15.0,0.0,0.0,0.0,0,0,0,0.0,0.0,0.2368248118781963
B1,S5,29,5,49.51830101751969,0.18866334370165372,0.0,1.0003927550604772,1.4000000000000001,0.06005286872859309,0.4789847104677065,2.080113112118214,4.199999999999999,1.0,0.29046515858384586,15.0,0.0,0.0,0.0,18180,654480,180,0.2,0.0,0.4331018118803216
B2,S5,29,5,49.51635238423104,0.1842441987499595,0.0,1.0003927550604772,1.4000000000000001,0.04896843147892293,0.48016846178700945,1.9302590848310608,5.0,1.0,0.2806337335874811,15.0,0.0,0.0,0.0,1818,65448,18,0.2,0.0,0.41879547525060823
B3,S5,29,5,49.51811899976282,0.18351444653846272,0.0,1.0003927550604772,1.4000000000000001,0.04904378708432328,0.47883550159160393,2.010555802805326,5.0,1.0,0.277576893466928,15.0,0.0,0.0,0.0,1818,65448,18,0.2,0.0,0.4533503960383224
B4,S5,29,5,49.51837937317028,0.1835878675326856,0.0,1.0003927550604772,1.4000000000000001,0.04898143768168075,0.47864140588007587,2.0323249740524707,5.0,1.0,0.2773214553298305,15.0,0.0,0.0,-0.012957341056515137,1818,65448,18,0.2,0.0,0.4413468613895002
B5,S5,29,5,49.51838829556761,0.1835822984879368,0.0,1.0003927550604772,1.4000000000000001,0.04894870255772079,0.47863472973416776,2.0324379385074227,5.0,1.0,0.27730427032215726,15.0,0.0,0.0,0.0,1818,65448,18,0.2,0.0,0.4068065247545494
P,S5,29,5,49.517495059870605,0.18389496969086572,0.0,1.0003927550604772,1.4000000000000001,0.04882884982025721,0.4793246422986499,2.029822713223437,5.0,1.0,0.27770473808372415,15.0,0.0,0.0,0.0,599,21564,18,1.0,0.0,0.4262922079220462
B0,S6,29,5,49.11678786974664,0.4310175357114717,0.0,1.9338898704416405,7.0,0.0741792007804779,0.5623419323824166,5.215336789611479,5.0,0.0,0.38560279467542924,16.0,0.0,0.0,0.0,0,0,0,0.0,0.0,0.25064787128526
B1,S6,29,5,49.54621523860385,0.1769083625662065,0.0,1.0003927550604772,1.4000000000000001,0.06249712562357043,0.4537847613961503,1.99642281025497,4.199999999999999,1.0,0.2807506307433162,16.0,0.0,0.0,0.0,18180,654480,180,0.2,0.0,0.46098289108653767
B2,S6,29,5,49.5443609721189,0.16876959004156267,0.0,1.0003927550604772,1.4000000000000001,0.04957434942159381,0.45541708108880385,1.7625622783443,4.0,1.0,0.26952194338890195,16.0,0.0,0.0,0.0,1818,65448,18,0.2,0.0,0.46485634653202007
B3,S6,29,5,49.54736808197927,0.17315921859672645,4.0,1.0003927550604772,1.4000000000000001,0.05031182105722242,0.4526319180207281,2.136544457846652,5.0,1.0,0.2652176542846281,16.0,0.0,0.0,0.0,1818,65448,18,0.2,0.0,0.4542287821762032
B4,S6,29,5,49.547242292480945,0.17285928665539052,4.0,1.0003927550604772,1.4000000000000001,0.049651713778360175,0.452757707519055,2.123398795127512,5.0,1.0,0.2649836696320783,16.0,0.0,0.0,-0.013888548578210314,1818,65448,18,0.2,0.0,0.5166937821786182
B5,S6,29,5,49.54705571109326,0.17250519808596462,4.0,1.0003927550604772,1.4000000000000001,0.04962640368300718,0.45294428890674254,2.101457867307516,5.0,1.0,0.2654206501247666,16.0,0.0,0.0,0.0,1818,65448,18,0.2,0.0,0.49908661386136444
P,S6,29,5,49.547584637499945,0.17255738209276264,4.0,1.0003927550604772,1.4000000000000001,0.049653944176030244,0.4524153625000551,2.107376013525479,5.0,1.0,0.2648066087032992,16.0,0.0,0.0,0.0,608,21888,18,1.0,0.0,0.4818418712854716
B0,S7,29,5,49.11678786974664,0.4310175357114717,0.0,1.9338898704416405,7.0,0.0741792007804779,0.5623419323824166,5.215336789611479,5.0,0.0,0.38560279467542924,16.0,0.0,0.0,0.0,0,0,0,0.0,0.0,0.29075991089106684
B1,S7,29,5,49.54621523860385,0.1769083625662065,0.0,1.0003927550604772,1.4000000000000001,0.06249712562357043,0.4537847613961503,1.99642281025497,4.199999999999999,1.0,0.2807506307433162,16.0,0.0,0.0,0.0,18180,654480,180,0.2,0.0,0.4255660495089452
B2,S7,29,5,49.5443609721189,0.16876959004156267,0.0,1.0003927550604772,1.4000000000000001,0.04957434942159381,0.45541708108880385,1.7625622783443,4.0,1.0,0.26952194338890195,16.0,0.0,0.0,0.0,1818,65448,18,0.2,0.0,0.4330198415856904
B3,S7,29,5,49.54736808197927,0.17315921859672645,4.0,1.0003927550604772,1.4000000000000001,0.05031182105722242,0.4526319180207281,2.136544457846652,5.0,1.0,0.2652176542846281,16.0,0.0,0.0,0.0,1818,65448,18,0.2,0.0,0.45119898019794785
B4,S7,29,5,49.547242292480945,0.17285928665539052,4.0,1.0003927550604772,1.4000000000000001,0.049651713778360175,0.452757707519055,2.123398795127512,5.0,1.0,0.2649836696320783,16.0,0.0,0.0,-0.013888548578210314,1818,65448,18,0.2,0.0,0.5713133069314221
B5,S7,29,5,49.54705571109326,0.17250519808596462,4.0,1.0003927550604772,1.4000000000000001,0.04962640368300718,0.45294428890674254,2.101457867307516,5.0,1.0,0.2654206501247666,16.0,0.0,0.0,0.0,1818,65448,18,0.2,0.0,0.4941905940585916
P,S7,29,5,49.547584637499945,0.17255738209276264,4.0,1.0003927550604772,1.4000000000000001,0.049653944176030244,0.4524153625000551,2.107376013525479,5.0,1.0,0.2648066087032992,16.0,0.0,0.0,0.0,608,21888,18,1.0,0.0,0.4289700891064004
P,S4,0,10,49.755551212095654,0.06234421360757949,0.0,1.50539230867262,1.4000000000000001,0.008982089444110011,0.24444878790434643,0.5405135734590267,0.20000000000000107,1.0,0.5117442182725082,0.0,0.0,0.0,0.0,1411,50796,44,1.0,0.0,0.6067285544574615
P,S7,0,10,49.76441647325812,0.0594884572559616,0.0,1.50539230867262,1.4000000000000001,0.009284535248056586,0.23558352674187688,0.5201937591411322,0.20000000000000107,1.0,0.49531888015413755,16.0,0.0,0.0,0.0,1556,56016,44,1.0,0.0,0.6282300198000655
P,S4,1,10,49.74143167473477,0.06611423224422895,0.0,1.4236138689426814,1.4000000000000001,0.009942452369622014,0.2585683252652302,0.5882932468669168,0.40000000000000036,1.0,0.5075025117078329,0.0,0.0,0.0,0.0,1342,48312,44,1.0,0.0,0.7532111980172786
P,S7,1,10,49.75068700153966,0.06301184475915732,0.0,1.4236138689426814,1.4000000000000001,0.010172976833461949,0.24931299846033994,0.5581563577620408,0.20000000000000107,1.0,0.49268056424149864,16.0,0.0,0.0,0.0,1467,52812,44,1.0,0.0,0.6319588910898374
P,S4,2,10,49.78898139155812,0.05127414819037209,0.0,1.1625081822841232,1.4000000000000001,0.011039354310491108,0.2110186084418828,0.44837186931173095,0.20000000000000107,1.0,0.4062307621901571,0.0,0.0,0.0,0.0,1639,59004,42,1.0,0.0,0.6002194752477182
P,S7,2,10,49.79693448259606,0.049724358428541296,0.0,1.1625081822841232,1.4000000000000001,0.011163286441168591,0.2030655174039424,0.44042122582091064,0.0,1.0,0.3891117778272519,16.0,0.0,0.0,0.0,1709,61524,42,1.0,0.0,0.6582848217845768
P,S4,3,10,49.750179294481086,0.06346815463999682,0.0,1.296075449451601,1.4000000000000001,0.008142518463391176,0.2498207055189141,0.5212384577730022,0.20000000000000107,1.0,0.5254033064295098,0.0,0.0,0.0,0.0,1315,47340,42,1.0,0.0,0.673174811880125
P,S7,3,10,49.759196075211655,0.06082133788314146,0.0,1.296075449451601,1.4000000000000001,0.008428503278524466,0.24080392478834511,0.532728288617153,0.20000000000000107,1.0,0.5104306624641811,16.0,0.0,0.0,0.0,1339,48204,42,1.0,0.0,0.6238859306931502
P,S4,4,10,49.755012010804876,0.05991442068172429,0.0,1.3065429291900326,1.4000000000000001,0.009998189503993971,0.2449879891951241,0.48323943185261836,0.20000000000000107,1.0,0.4764422011319874,0.0,0.0,0.0,0.0,1340,48240,42,1.0,0.0,0.6679590693049321
P,S7,4,10,49.76389209425969,0.057431452442547444,0.0,1.3065429291900326,1.4000000000000001,0.010217360540620935,0.2361079057403117,0.47509734989779834,0.20000000000000107,1.0,0.4647005244099497,16.0,0.0,0.0,0.0,1468,52848,42,1.0,0.0,0.7489044950498193
P,S4,5,10,49.73252822610584,0.06646172815569014,0.0,1.0633904704012829,1.2000000000000002,0.01140081596123363,0.2674717738941581,0.5124420678663689,0.40000000000000036,1.0,0.49966322053697465,0.0,0.0,0.0,0.0,1431,51516,42,1.0,0.0,0.7174754158372122
P,S7,5,10,49.74202428336053,0.06351458381964611,0.0,1.0633904704012829,1.2000000000000002,0.011597428165518007,0.2579757166394714,0.5068972113470757,0.40000000000000036,1.0,0.4863317637991873,16.0,0.0,0.0,0.0,1555,55980,42,1.0,0.0,0.6767421386129091
P,S4,6,10,49.74145029933638,0.0680162157407118,0.0,1.2619630436776919,1.4000000000000001,0.006431253948408687,0.2585497006636217,0.6748031850158389,0.20000000000000107,1.0,0.5691575441481269,0.0,0.0,0.0,0.0,1254,45144,44,1.0,0.0,0.6858622970263817
P,S7,6,10,49.7502794486489,0.06391104887136645,0.0,1.2619630436776919,1.4000000000000001,0.006738475189582882,0.24972055135110338,0.5962291361735098,0.20000000000000107,1.0,0.5531317856339887,16.0,0.0,0.0,0.0,1310,47160,44,1.0,0.0,0.6806010792073235
P,S4,7,10,49.77697290506443,0.05557410343869748,0.0,1.3632282780225713,1.4000000000000001,0.009611801892109324,0.22302709493556705,0.49047650807489085,0.20000000000000107,1.0,0.4479713800316209,0.0,0.0,0.0,0.0,1472,52992,44,1.0,0.0,0.7651741584190364
P,S7,7,10,49.785242645810115,0.05264930236258421,0.0,1.3632282780225713,1.4000000000000001,0.009974888538197921,0.21475735418988506,0.45050608287721583,0.0,1.0,0.4348955036770649,16.0,0.0,0.0,0.0,1600,57600,44,1.0,0.0,0.662820841585422
P,S4,8,10,49.75851685521139,0.06064171390575337,0.0,1.2164989184394799,1.4000000000000001,0.01106059858421184,0.2414831447886101,0.5392452022389087,0.20000000000000107,1.0,0.4328736508733541,0.0,0.0,0.0,0.0,1558,56088,44,1.0,0.0,0.6229944356434344
P,S7,8,10,49.76731160677892,0.05733343206527411,0.0,1.2164989184394799,1.4000000000000001,0.011292199869251123,0.23268839322108192,0.5109104050166267,0.20000000000000107,1.0,0.4182640933381419,16.0,0.0,0.0,0.0,1664,59904,44,1.0,0.0,0.6411946633666994
P,S4,9,10,49.765624169936856,0.05727546567598203,0.0,1.1328756358442025,1.4000000000000001,0.010178780871597973,0.23437583006314355,0.4405700002503479,0.20000000000000107,1.0,0.4633273557980996,0.0,0.0,0.0,0.0,1427,51372,44,1.0,0.0,0.6428534257424016
P,S7,9,10,49.77421010304396,0.0544418325424021,0.0,1.1328756358442025,1.4000000000000001,0.010443991832824406,0.22578989695603724,0.41066806344402795,0.20000000000000107,1.0,0.448167036177763,16.0,0.0,0.0,0.0,1590,57240,44,1.0,0.0,0.628897920795689
P,S4,10,10,49.75679438144174,0.06072871166324695,0.0,0.9479802638827223,1.2000000000000002,0.008929128813222753,0.24320561855825673,0.5280948421473596,0.20000000000000107,1.0,0.4386565224317019,0.0,0.0,0.0,0.0,1600,57600,44,1.0,0.0,0.610960029705281
P,S7,10,10,49.76563661014707,0.057622004408807194,0.0,0.9479802638827223,1.2000000000000002,0.009096298314035745,0.23436338985293048,0.505629339342505,0.20000000000000107,1.0,0.4222354848927219,16.0,0.0,0.0,0.0,1676,60336,44,1.0,0.0,0.7015474158410737
P,S4,11,10,49.75664290430551,0.0619364712747989,0.0,1.1265558746252058,1.4000000000000001,0.009601839029096422,0.24335709569449193,0.5397699728944765,0.20000000000000107,1.0,0.47315333574573565,0.0,0.0,0.0,0.0,1412,50832,44,1.0,0.0,0.6213572376212385
P,S7,11,10,49.76547784176789,0.057976252645011946,0.0,1.1265558746252058,1.4000000000000001,0.009895836816852565,0.2345221582321102,0.49512166325914897,0.20000000000000107,1.0,0.46025146057767274,16.0,0.0,0.0,0.0,1573,56628,44,1.0,0.0,0.6164538316859239
P,S4,12,10,49.765287775670224,0.057221604956822776,0.0,1.1281129507392749,1.4000000000000001,0.007314196765924847,0.23471222432977612,0.443675333494373,0.20000000000000107,1.0,0.46224761884117876,0.0,0.0,0.0,0.0,1448,52128,44,1.0,0.0,0.5882758019823194
P,S7,12,10,49.773883965234404,0.05566578204029578,0.0,1.1281129507392749,1.4000000000000001,0.007613231444286867,0.22611603476559594,0.5141714206061698,0.0,1.0,0.4444092971242694,16.0,0.0,0.0,0.0,1492,53712,44,1.0,0.0,0.6114609900983436
P,S4,13,10,49.743691118065584,0.06429176797993251,0.0,1.0060515474958815,1.2000000000000002,0.009054238189511083,0.2563088819344159,0.5689496272763449,0.20000000000000107,1.0,0.5037535850762584,0.0,0.0,0.0,0.0,1351,48636,44,1.0,0.0,0.6433486336625197
P,S7,13,10,49.75288406399403,0.060812862593384726,0.0,1.0060515474958815,1.2000000000000002,0.00936843367702509,0.2471159360059687,0.49998029826111157,0.20000000000000107,1.0,0.4905173561710635,16.0,0.0,0.0,0.0,1421,51156,44,1.0,0.0,0.8676858712875617
P,S4,14,10,49.731475808612,0.0732589167871641,1.4000000000000004,1.2981295965667148,1.4000000000000001,0.009926333128716953,0.26852419138800343,0.8569458263192486,1.3999999999999986,1.0,0.4495255985036116,0.0,0.0,0.0,0.0,1794,64584,44,1.0,0.0,0.7371777425742219
P,S7,14,10,49.74101162511779,0.0689242290243682,3.6000000000000005,1.2981295965667148,1.4000000000000001,0.010189284575014739,0.2589883748822075,0.7891421625576214,0.5999999999999996,1.0,0.4340132283738027,16.0,0.0,0.0,0.0,1871,67356,44,1.0,0.0,0.6784088217824715
P,S4,15,10,49.753454211609764,0.0628774229978578,0.0,1.3359725401892302,1.4000000000000001,0.01032064052773476,0.246545788390236,0.6197897264794534,0.40000000000000036,1.0,0.513538685217669,0.0,0.0,0.0,0.0,1560,56160,44,1.0,0.0,0.7268611881171285
P,S7,15,10,49.76237724160009,0.06008721971843102,0.0,1.3359725401892302,1.4000000000000001,0.01056733328302135,0.2376227583999082,0.5817790528023125,0.20000000000000107,1.0,0.4975134604694797,16.0,0.0,0.0,0.0,1657,59652,44,1.0,0.0,0.6892475049507183
P,S4,16,10,49.776605501948445,0.05484259501588916,0.0,1.1609864151762708,1.4000000000000001,0.007089527892980899,0.22339449805155454,0.4900804914667063,0.0,1.0,0.4131598437752852,0.0,0.0,0.0,0.0,1491,53676,44,1.0,0.0,0.7037826930677016
P,S7,16,10,49.78490511063817,0.052299126292917684,0.0,1.1609864151762708,1.4000000000000001,0.007409085681058511,0.2150948893618292,0.468879870194717,0.0,1.0,0.39903419611445856,16.0,0.0,0.0,0.0,1657,59652,44,1.0,0.0,0.7061683069319896
P,S4,17,10,49.76380548704744,0.057904927784336625,0.0,1.1761227304354838,1.4000000000000001,0.011035516345981117,0.236194512952558,0.44176961700116596,0.20000000000000107,1.0,0.4678666122620844,0.0,0.0,0.0,0.0,1470,52920,44,1.0,0.0,0.6680630792045734
P,S7,17,10,49.77244151838501,0.05520445418262826,0.0,1.1761227304354838,1.4000000000000001,0.011292429803102605,0.2275584816149916,0.4333378745329468,0.20000000000000107,1.0,0.4562690080822702,16.0,0.0,0.0,0.0,1554,55944,44,1.0,0.0,0.6751519802014853
P,S4,18,10,49.737159925584784,0.06480860515850724,0.0,1.3585152604811606,1.4000000000000001,0.008868422227113827,0.26284007441521595,0.5593572500231205,0.40000000000000036,1.0,0.48543248396472244,0.0,0.0,0.0,0.0,1480,53280,42,1.0,0.0,0.6250314752446009
P,S7,18,10,49.74652958988951,0.061293678908031404,0.0,1.3585152604811606,1.4000000000000001,0.009117816820340048,0.2534704101104879,0.47139849032983244,0.20000000000000107,1.0,0.46692569736338657,16.0,0.0,0.0,0.0,1581,56916,42,1.0,0.0,0.6649749207909816
P,S4,19,10,49.761709310288765,0.05703124909168566,0.0,1.1012384501101629,1.4000000000000001,0.007942921760363588,0.2382906897112349,0.47703241037719973,0.20000000000000107,1.0,0.4228837451090131,0.0,0.0,0.0,0.0,1572,56592,44,1.0,0.0,0.7436067029684096
P,S7,19,10,49.77042480979187,0.054482675738363774,0.0,1.1012384501101629,1.4000000000000001,0.008230648890374243,0.22957519020813066,0.4393431023908746,0.20000000000000107,1.0,0.4089196823570784,16.0,0.0,0.0,0.0,1662,59832,44,1.0,0.0,0.7768899108938995
P,S4,20,10,49.76158250556825,0.05933537995763984,0.0,0.9661415703810878,1.0,0.00649616166911856,0.23841749443175075,0.5100930145312439,0.20000000000000107,1.0,0.5255307114972739,0.0,0.0,0.0,0.0,1359,48924,44,1.0,0.0,0.6662407227750999
P,S7,20,10,49.77028007101943,0.056606470523581726,0.0,0.9661415703810878,1.0,0.006815465394801535,0.2297199289805718,0.459953244951894,0.20000000000000107,1.0,0.5078225370742044,16.0,0.0,0.0,0.0,1505,54180,44,1.0,0.0,0.6969320098991969
P,S4,21,10,49.73680441240085,0.06621570679879679,0.0,1.3159032560574782,1.4000000000000001,0.009685360123627404,0.2631955875991494,0.5734704381240008,0.40000000000000036,1.0,0.5205162689291911,0.0,0.0,0.0,0.0,1400,50400,44,1.0,0.0,0.6873500693058808
P,S7,21,10,49.74618888045142,0.06267124524786231,0.0,1.3159032560574782,1.4000000000000001,0.009999094043169326,0.2538111195485797,0.5125730409845232,0.20000000000000107,1.0,0.506578286698825,16.0,0.0,0.0,0.0,1517,54612,44,1.0,0.0,0.6751750990075055
P,S4,22,10,49.73012736960458,0.06911340433869463,0.0,1.0993636299916651,1.2000000000000002,0.00785690321595366,0.26987263039541887,0.5743743775977408,0.40000000000000036,1.0,0.5936005305441244,0.0,0.0,0.0,0.0,1218,43848,42,1.0,0.0,0.6226453366333871
P,S7,22,10,49.73969124798986,0.06682989432453636,0.0,1.0993636299916651,1.2000000000000002,0.008138127959011488,0.2603087520101397,0.5788526080892082,0.20000000000000107,1.0,0.5725495045587714,16.0,0.0,0.0,0.0,1297,46692,42,1.0,0.0,0.6688119900999401
P,S4,23,10,49.75333064046661,0.060378850295096195,0.0,1.2682127778780505,1.4000000000000001,0.012488028996436296,0.2466693595333922,0.481447198596247,0.40000000000000036,1.0,0.4479618663839287,0.0,0.0,0.0,0.0,1604,57744,44,1.0,0.0,0.6831657425740704
P,S7,23,10,49.76226249320658,0.05741226692634116,0.0,1.2682127778780505,1.4000000000000001,0.012742693018871536,0.23773750679342243,0.4417576161949441,0.20000000000000107,1.0,0.4382007166516989,16.0,0.0,0.0,0.0,1746,62856,44,1.0,0.0,0.6877652673291876
P,S4,24,10,49.74792074370091,0.0625174562726861,0.0,1.1216379367829103,1.4000000000000001,0.005731754398201199,0.25207925629909056,0.5017867563816203,0.20000000000000107,1.0,0.5384276524443565,0.0,0.0,0.0,0.0,1299,46764,44,1.0,0.0,0.7477992673269153
P,S7,24,10,49.75700203753952,0.05962562791293282,0.0,1.1216379367829103,1.4000000000000001,0.005988113822249809,0.24299796246047833,0.456132368413202,0.20000000000000107,1.0,0.5205328178116313,16.0,0.0,0.0,0.0,1402,50472,44,1.0,0.0,0.7013059900987848
P,S4,25,10,49.75455735740804,0.05951846267078839,0.0,1.2804545039570998,1.4000000000000001,0.010183149368843526,0.2454426425919607,0.47226142596019755,0.20000000000000107,1.0,0.4659630302508322,0.0,0.0,0.0,0.0,1518,54648,44,1.0,0.0,0.658694049501953
P,S7,25,10,49.76345202767097,0.05757983036879816,0.0,1.2804545039570998,1.4000000000000001,0.010425231317312707,0.2365479723290278,0.4864145521808055,0.20000000000000107,1.0,0.4545866426526504,16.0,0.0,0.0,0.0,1611,57996,44,1.0,0.0,0.765388653464902
P,S4,26,10,49.751431972983255,0.060898497448278764,0.0,1.2879195198814977,1.4000000000000001,0.012905377107002843,0.24856802701674496,0.48917652526343225,0.40000000000000036,1.0,0.44113779302196016,0.0,0.0,0.0,0.0,1544,55584,44,1.0,0.0,0.6580246633645158
P,S7,26,10,49.76042014139201,0.05816549775122922,0.0,1.2879195198814977,1.4000000000000001,0.013243022930688337,0.23957985860798914,0.4701857885205647,0.20000000000000107,1.0,0.42870269238358016,16.0,0.0,0.0,0.0,1581,56916,44,1.0,0.0,0.6858215841579168
P,S4,27,10,49.74259079306505,0.06673876088562378,0.0,1.2819752850312516,1.4000000000000001,0.00807358601539862,0.25740920693495184,0.6717220744202387,0.20000000000000107,1.0,0.48364178888053516,0.0,0.0,0.0,0.0,1445,52020,44,1.0,0.0,0.6565280693060834
P,S7,27,10,49.75181219382694,0.06228127351188368,0.0,1.2819752850312516,1.4000000000000001,0.008347020889270869,0.2481878061730569,0.5889978629744809,0.20000000000000107,1.0,0.4702481935471206,16.0,0.0,0.0,0.0,1517,54612,44,1.0,0.0,0.6856741881192377
P,S4,28,10,49.76377410939071,0.058563539233129625,0.0,1.2398065035446124,1.4000000000000001,0.007457831137520384,0.23622589060929045,0.5394062374999371,0.20000000000000107,1.0,0.46362349425911276,0.0,0.0,0.0,0.0,1319,47484,44,1.0,0.0,0.6380886237604843
P,S7,28,10,49.77241160248753,0.055132169264848416,0.0,1.2398065035446124,1.4000000000000001,0.0078004455502944554,0.22758839751246995,0.45569492467813577,0.0,1.0,0.4502424070422029,16.0,0.0,0.0,0.0,1490,53640,44,1.0,0.0,0.6668578118820949
P,S4,29,10,49.75604572098299,0.0633474744973333,0.0,1.157320009214032,1.4000000000000001,0.010083217806973624,0.24395427901701083,0.6720697580742003,0.5999999999999996,1.0,0.4701721698788353,0.0,0.0,0.0,0.0,1627,58572,44,1.0,0.0,0.6472220000000336
P,S7,29,10,49.76490041574239,0.060053155235373135,0.0,1.157320009214032,1.4000000000000001,0.010420554356251154,0.23509958425761113,0.6192818301850075,0.40000000000000036,1.0,0.4540399696083884,16.0,0.0,0.0,0.0,1675,60300,44,1.0,0.0,0.6568576039594833
P,S4,0,25,49.750545582620504,0.05758279278419032,0.0,1.509852891825692,1.0,0.004109101996019641,0.24945441737949636,0.4386386077261341,0.0,1.0,1.106560967988734,0.0,0.0,0.0,0.0,3653,131508,110,1.0,0.0,1.162267198016689
P,S7,0,25,49.75629287139728,0.055096153048765084,0.0,1.509852891825692,1.0,0.004168408437055406,0.24370712860272192,0.38662769338551967,0.0,1.0,1.0743042930568016,16.0,0.0,0.0,0.0,3908,140688,110,1.0,0.0,1.216489663366332
P,S4,1,25,49.748857074597154,0.056889548332721834,0.0,1.3381558059100938,1.0,0.004294418636504629,0.25114292540284566,0.35973064964414686,0.0,1.0,1.0018209202167208,0.0,0.0,0.0,0.0,3791,136476,110,1.0,0.0,1.1795269108933828
P,S7,1,25,49.7546828378668,0.05464242968832699,0.0,1.3381558059100938,1.0,0.004460452044557928,0.24531716213319754,0.36374910948607914,0.0,1.0,0.9688838927954334,16.0,0.0,0.0,0.0,4016,144576,110,1.0,0.0,1.1896414158436168
P,S4,2,25,49.753440480018796,0.05641195225311836,0.0,1.4625238103747489,1.0,0.003984059959349921,0.2465595199812043,0.41143964687405865,0.0,1.0,1.062399145910477,0.0,0.0,0.0,0.0,3848,138528,110,1.0,0.0,1.145347356434808
P,S7,2,25,49.75915145932122,0.05399113910137394,0.0,1.4625238103747489,1.0,0.004088663991020958,0.24084854067878325,0.3591717625744614,0.0,1.0,1.0264964158754983,16.0,0.0,0.0,0.0,4118,148248,110,1.0,0.0,1.1021458217823743
P,S4,3,25,49.726417029142254,0.06326537854747485,0.0,1.4994230417844348,1.0,0.004464721113773754,0.2735829708577455,0.42088939714763074,0.0,1.0,1.1940486260282628,0.0,0.0,0.0,0.0,3574,128664,110,1.0,0.0,1.1208781782190975
P,S7,3,25,49.73257365320271,0.0615213567891534,0.0,1.4994230417844348,1.0,0.004479281531367777,0.2674263467972935,0.46020426173554013,0.0,1.0,1.1659294713116501,16.0,0.0,0.0,0.0,3665,131940,110,1.0,0.0,1.133225742575119
P,S4,4,25,49.756315257021015,0.055144319547267166,0.0,1.4085423513110913,1.0,0.003745905725246067,0.24368474297898501,0.3442428729662829,0.0,1.0,1.0397624581902478,0.0,0.0,0.0,0.0,3656,131616,110,1.0,0.0,1.089620168314279
P,S7,4,25,49.76198180886348,0.05311353972158074,0.0,1.4085423513110913,1.0,0.00386000843680431,0.23801819113651845,0.3625825904194777,0.0,1.0,1.0049164574951277,16.0,0.0,0.0,0.0,3791,136476,110,1.0,0.0,1.3671486039588627
P,S4,5,25,49.75956411283662,0.05497164013283098,0.0,1.4031716717072173,1.0,0.0038058587745978573,0.24043588716337894,0.35975404318330023,0.0,1.0,1.1043610503275596,0.0,0.0,0.0,0.0,3832,137952,110,1.0,0.0,1.2291907425723105
P,S7,5,25,49.7651423174368,0.052743827459299654,0.0,1.4031716717072173,1.0,0.0040352016014616595,0.23485768256320227,0.33870712304558515,0.0,1.0,1.0670150316435847,16.0,0.0,0.0,0.0,4087,147132,110,1.0,0.0,1.2887079207919867
P,S4,6,25,49.741061778645445,0.06017558489636747,0.0,1.474223714463468,1.4000000000000001,0.0036641177083440047,0.2589382213545548,0.4002367959107786,0.0,1.0,1.2265411266657054,0.0,0.0,0.0,0.0,3419,123084,110,1.0,0.0,1.1637483762389802
P,S7,6,25,49.74694517569488,0.05784572654990706,0.0,1.474223714463468,1.4000000000000001,0.003886521290935005,0.25305482430511717,0.4032398335138396,0.0,1.0,1.1897648153265858,16.0,0.0,0.0,0.0,3712,133632,110,1.0,0.0,1.1484214059426376
P,S4,7,25,49.75491344897815,0.05674085478203256,0.0,1.5322813456067708,1.2000000000000002,0.004410657468671504,0.24508655102184917,0.40702176729409273,0.0,1.0,1.1431861255674343,0.0,0.0,0.0,0.0,3522,126792,108,1.0,0.0,1.2848193168297661
P,S7,7,25,49.76056227793013,0.05436396383942573,0.0,1.5322813456067708,1.2000000000000002,0.004294989122600885,0.2394377220698729,0.3793209842953999,0.0,1.0,1.1089920654227647,16.0,0.0,0.0,0.0,3812,137232,108,1.0,0.0,1.2628007524753149
P,S4,8,25,49.741438623502944,0.05943652696360209,0.0,1.5576735820369714,1.2000000000000002,0.0041894212920224215,0.258561376497056,0.39579574611797524,0.0,1.0,1.1401818696883312,0.0,0.0,0.0,0.0,3678,132408,110,1.0,0.0,1.1542302772300395
P,S7,8,25,49.7473384960268,0.05713814335852175,0.0,1.5576735820369714,1.2000000000000002,0.004336324156494994,0.25266150397320075,0.3960776656729493,0.0,1.0,1.1071123909488303,16.0,0.0,0.0,0.0,3930,141480,110,1.0,0.0,1.1913807425747172
P,S4,9,25,49.73904609787235,0.06051346381542236,0.0,1.3488153769244742,1.2000000000000002,0.00343540384457732,0.26095390212765324,0.4180786623376696,0.0,1.0,1.2300981490610778,0.0,0.0,0.0,0.0,3582,128952,110,1.0,0.0,1.1043258712849666
P,S7,9,25,49.74496667012051,0.05810385931205693,0.0,1.3488153769244742,1.2000000000000002,0.003373909035318981,0.25503332987948824,0.38500508140434836,0.0,1.0,1.1955748766085874,16.0,0.0,0.0,0.0,3791,136476,110,1.0,0.0,1.1845402079217981
P,S4,10,25,49.735447300119674,0.06072753436333096,0.0,1.5378425244441882,1.0,0.0036770215641914144,0.26455269988032626,0.4238473329191563,0.0,1.0,1.1635255106290672,0.0,0.0,0.0,0.0,3691,132876,110,1.0,0.0,1.1270639801980429
P,S7,10,25,49.741452224996074,0.05822192035484081,0.0,1.5378425244441882,1.0,0.003814850603125985,0.258547775003926,0.37198919815627746,0.0,1.0,1.1273415606432304,16.0,0.0,0.0,0.0,3913,140868,110,1.0,0.0,1.1757836336667846
P,S4,11,25,49.75516857015519,0.056308461267056305,0.0,1.3885987345364579,1.0,0.004807849898940946,0.2448314298448082,0.432973918976021,0.0,1.0,1.0404141508129192,0.0,0.0,0.0,0.0,4001,144036,110,1.0,0.0,1.3675032970276884
P,S7,11,25,49.760857126876594,0.05383764883597435,0.0,1.3885987345364579,1.0,0.004913817816834426,0.23914287312340576,0.3808393027400129,0.0,1.0,1.00918926149401,16.0,0.0,0.0,0.0,4168,150048,110,1.0,0.0,1.3111410396031895
P,S4,12,25,49.73598151458895,0.0617051865660253,0.0,1.365241036188628,1.0,0.003435379418293114,0.2640184854110501,0.5065865997852071,0.0,1.0,1.1912666510223797,0.0,0.0,0.0,0.0,3568,128448,110,1.0,0.0,1.1863565742570776
P,S7,12,25,49.74196404533035,0.05986190933841989,0.0,1.365241036188628,1.0,0.0036297006814362234,0.25803595466965135,0.5259066156885068,0.0,1.0,1.1514172327897698,16.0,0.0,0.0,0.0,3695,133020,110,1.0,0.0,1.2213339801962888
P,S4,13,25,49.7472106316503,0.05848262163973945,0.0,1.460693710948106,1.0,0.0036615318439564256,0.25278936834970267,0.45855777327488373,0.0,1.0,1.1050095105577442,0.0,0.0,0.0,0.0,3686,132696,110,1.0,0.0,1.1311390990068495
P,S7,13,25,49.75301559031549,0.055958429518899,0.0,1.460693710948106,1.0,0.0039032904644471867,0.24698440968450797,0.42709542217211893,0.0,1.0,1.0711507905433708,16.0,0.0,0.0,0.0,3920,141120,110,1.0,0.0,1.1233304554426098
P,S4,14,25,49.74154121862898,0.059573720305625875,0.0,1.384972731228914,1.0,0.0037646089751978617,0.25845878137101863,0.437176571249251,0.0,1.0,1.1437325669103646,0.0,0.0,0.0,0.0,3802,136872,110,1.0,0.0,1.1606507326736266
P,S7,14,25,49.74744106708335,0.05700116557297328,0.0,1.384972731228914,1.0,0.003832630264475765,0.2525589329166493,0.3740151359647789,0.0,1.0,1.1110000651838987,16.0,0.0,0.0,0.0,3895,140220,110,1.0,0.0,1.1445355445526855
P,S4,15,25,49.745190485998805,0.0585495513034992,0.0,1.3721150627082315,1.0,0.004271343646671645,0.2548095140011952,0.43569248153748946,0.0,1.0,1.1013570751276607,0.0,0.0,0.0,0.0,3828,137808,110,1.0,0.0,1.1409210891101658
P,S7,15,25,49.751038398963644,0.05623058664680444,0.0,1.3721150627082315,1.0,0.0042823469164735735,0.24896160103635623,0.38929315089556193,0.0,1.0,1.0717244704012612,16.0,0.0,0.0,0.0,3929,141444,110,1.0,0.0,1.143185821781504
P,S4,16,25,49.729263932476115,0.06254042212871913,0.0,1.4503200195176333,1.0,0.004635403299481047,0.27073606752388457,0.42336579764590276,0.0,1.0,1.1877810365319934,0.0,0.0,0.0,0.0,3655,131580,110,1.0,0.0,1.145458386138734
P,S7,16,25,49.735371280572785,0.06011231186156924,0.0,1.4503200195176333,1.0,0.004867252366924875,0.2646287194272148,0.42956512647334993,0.0,1.0,1.1466664412040952,16.0,0.0,0.0,0.0,3920,141120,110,1.0,0.0,1.2227390198039765
P,S4,17,25,49.72876565885701,0.06345060033552957,0.0,1.556699298087288,1.2000000000000002,0.003279680935316247,0.2712343411429927,0.5306785341583063,0.0,1.0,1.1952950238953446,0.0,0.0,0.0,0.0,3453,124308,110,1.0,0.0,1.1580159405927435
P,S7,17,25,49.73450937100663,0.06237603788925562,0.0,1.556699298087288,1.2000000000000002,0.0033228743172185634,0.26549062899336917,0.5496641698818955,0.0,1.0,1.1767398486341598,16.0,0.0,0.0,0.0,3667,132012,110,1.0,0.0,1.1848932871282951
P,S4,18,25,49.741418760206834,0.05970159727193748,0.0,1.2896338075159388,0.8,0.004921007109442703,0.25858123979316616,0.4544128509535731,0.0,1.0,1.1065343644977967,0.0,0.0,0.0,0.0,4068,146448,110,1.0,0.0,1.1770565346577684
P,S7,18,25,49.74733334329539,0.05735047162034339,0.0,1.2896338075159388,0.8,0.005047418599010351,0.2526666567046121,0.4125689164602115,0.0,1.0,1.0768890649939538,16.0,0.0,0.0,0.0,4235,152460,110,1.0,0.0,1.244783613860773
P,S4,19,25,49.73512909451296,0.061945479001584626,0.0,1.3958710312359206,1.2000000000000002,0.002728614292780085,0.2648709054870366,0.4223786705003739,0.0,1.0,1.2628050987474524,0.0,0.0,0.0,0.0,3132,112752,108,1.0,0.0,1.1489620396021942
P,S7,19,25,49.74104763214283,0.05996885914634657,0.0,1.3958710312359206,1.2000000000000002,0.002796774853177745,0.25895236785716946,0.45702400418039985,0.0,1.0,1.2282678661834572,16.0,0.0,0.0,0.0,3325,119700,108,1.0,0.0,1.115042732671649
P,S4,20,25,49.744694263727226,0.05878497890747035,0.0,1.508446177021658,1.0,0.004311682555752264,0.2553057362727742,0.414704541974924,0.0,1.0,1.1357340290070572,0.0,0.0,0.0,0.0,3571,128556,110,1.0,0.0,1.1667411188115
P,S7,20,25,49.750533859335235,0.05664398702617765,0.0,1.508446177021658,1.0,0.00432388977285437,0.24946614066476513,0.4274608375289148,0.0,1.0,1.0990976909603396,16.0,0.0,0.0,0.0,3732,134352,110,1.0,0.0,1.2083518613823376
P,S4,21,25,49.75709091287453,0.055241027378578854,0.0,1.2808822335994,0.8,0.004447495416998937,0.24290908712546866,0.3661172506381098,0.0,1.0,1.036626696913499,0.0,0.0,0.0,0.0,3654,131544,108,1.0,0.0,1.1148269603980603
P,S7,21,25,49.76274331218552,0.05298186240520136,0.0,1.2808822335994,0.8,0.004642115522249831,0.2372566878144795,0.3472127185854099,0.0,1.0,0.9988586067717355,16.0,0.0,0.0,0.0,3980,143280,108,1.0,0.0,1.1515518316862132
P,S4,22,25,49.73376558970852,0.06167258653450567,0.0,1.4285975698144835,1.2000000000000002,0.0034763293460441033,0.26623441029148154,0.4367867296541604,0.0,1.0,1.283010908475211,0.0,0.0,0.0,0.0,3413,122868,110,1.0,0.0,1.1066839504943202
P,S7,22,25,49.73818505038886,0.060082790000836044,0.0,1.4285975698144835,1.2000000000000002,0.003560637901474032,0.2618149496111428,0.49602118193737604,0.0,1.0,1.2451709970467422,16.0,0.0,0.0,0.0,3564,128304,110,1.0,0.0,1.1188956138611692
P,S4,23,25,49.74028579330521,0.06012673604876119,0.0,1.5902115301591198,1.2000000000000002,0.0037029095246714243,0.2597142066947882,0.40893138929215656,0.0,1.0,1.1844393906779844,0.0,0.0,0.0,0.0,3561,128196,110,1.0,0.0,1.1787397425761432
P,S7,23,25,49.746193221925694,0.05810362120053176,0.0,1.5902115301591198,1.2000000000000002,0.003742156047780916,0.2538067780743063,0.4312138392775204,0.0,1.0,1.1507181715470438,16.0,0.0,0.0,0.0,3687,132732,110,1.0,0.0,1.2843735643544656
P,S4,24,25,49.75747151621533,0.05620383560604992,0.0,1.4035140603748772,1.0,0.004184542225803763,0.24252848378466751,0.4573395000181229,0.0,1.0,1.0776515786084857,0.0,0.0,0.0,0.0,3727,134172,110,1.0,0.0,1.079742653464654
P,S7,24,25,49.76309468075988,0.05468914342793632,0.0,1.4035140603748772,1.0,0.004371014474707817,0.23690531924012248,0.48950811821993123,0.0,1.0,1.041999897230378,16.0,0.0,0.0,0.0,3908,140688,110,1.0,0.0,1.0929385940597616
P,S4,25,25,49.76855709772281,0.05207354735575976,0.0,1.3566645799892953,1.0,0.0038724898800190787,0.23144290227718756,0.3259653764489442,0.0,1.0,0.944223794366397,0.0,0.0,0.0,0.0,4089,147204,110,1.0,0.0,1.1303040990080064
P,S7,25,25,49.77404534328016,0.050083643948088424,0.0,1.3566645799892953,1.0,0.003942648604444849,0.22595465671984272,0.34460492195153875,0.0,1.0,0.910763108184948,16.0,0.0,0.0,0.0,4318,155448,110,1.0,0.0,1.1181247425768803
P,S4,26,25,49.75079435365824,0.057267024023957995,0.0,1.3193262949035507,1.0,0.003179390107245506,0.2492056463417569,0.4491752440263126,0.0,1.0,1.0673732905893263,0.0,0.0,0.0,0.0,3745,134820,110,1.0,0.0,1.1164897128710976
P,S7,26,25,49.75655575165644,0.054694407168817995,0.0,1.3193262949035507,1.0,0.003272652158689611,0.2434442483435575,0.39582862790428236,0.0,1.0,1.0329161009501113,16.0,0.0,0.0,0.0,3966,142776,110,1.0,0.0,1.1760613663385144
P,S4,27,25,49.73940445710871,0.06046076373856292,0.0,1.4323766964538978,1.0,0.0036413844447163763,0.26059554289128783,0.42664688005453044,0.0,1.0,1.167339121588286,0.0,0.0,0.0,0.0,3506,126216,110,1.0,0.0,1.1204874257429658
P,S7,27,25,49.74533294580237,0.05926288006180428,0.0,1.4323766964538978,1.0,0.00367104684581075,0.2546670541976326,0.46576966314883206,0.0,1.0,1.1449247463735592,16.0,0.0,0.0,0.0,3643,131148,110,1.0,0.0,1.1149819901004208
P,S4,28,25,49.7291249915607,0.06240006364631372,0.0,1.3923363592644904,1.0,0.004031349608467741,0.27087500843929746,0.4121596493343318,0.0,1.0,1.1799760861649544,0.0,0.0,0.0,0.0,3683,132588,110,1.0,0.0,1.1042907425743949
P,S7,28,25,49.73523786120301,0.060524217924661484,0.0,1.3923363592644904,1.0,0.004054619091397084,0.2647621387969892,0.4524297618600045,0.0,1.0,1.146562277553133,16.0,0.0,0.0,0.0,3814,137304,110,1.0,0.0,1.1544755544527656
P,S4,29,25,49.749210109104226,0.0570391573967945,0.0,1.43276106299247,1.0,0.003702364317262898,0.2507898908957742,0.36966602312262536,0.0,1.0,1.1007629303136521,0.0,0.0,0.0,0.0,3638,130968,110,1.0,0.0,1.111699297028524
P,S7,29,25,49.75498313371002,0.05537562993159138,0.0,1.43276106299247,1.0,0.0037820519249622407,0.24501686628997987,0.37823020136061053,0.0,1.0,1.0738869172955348,16.0,0.0,0.0,0.0,3680,132480,110,1.0,0.0,1.132922821780805
P,S4,0,50,49.69337374337918,0.05583017900283587,0.0,1.8122412510842874,1.0,0.0018776790427323744,0.30662625662081666,0.33567554685174206,0.0,1.0,2.034121430927,0.0,0.0,0.0,0.0,7464,268704,220,1.0,0.0,2.089059712871669
P,S7,0,50,49.699005149093885,0.05436065216138821,0.0,1.8122412510842874,1.0,0.0019335457627627302,0.30099485090611466,0.33714655500708657,0.0,1.0,1.9963600558427947,16.0,0.0,0.0,0.0,7797,280692,220,1.0,0.0,1.927370108912535
P,S4,1,50,49.69171222025279,0.05593272576340722,0.0,1.8911485380013815,1.0,0.002166787022572448,0.3082877797472108,0.35248373005713923,0.0,1.0,2.125430161643243,0.0,0.0,0.0,0.0,7582,272952,220,1.0,0.0,1.9604671881169642
P,S7,1,50,49.697319725085855,0.05482760421509287,0.0,1.8911485380013815,1.0,0.0022036941673911,0.3026802749141453,0.36629589518526734,0.0,1.0,2.094692666497136,16.0,0.0,0.0,0.0,7676,276336,220,1.0,0.0,1.9530092079206736
P,S4,2,50,49.67924846860984,0.05826960972350282,0.0,1.9501066756543595,1.0,0.0022596063177007294,0.3207515313901581,0.3639297306657554,0.0,1.0,2.260756516905475,0.0,0.0,0.0,0.0,7327,263772,220,1.0,0.0,2.0771534851465363
P,S7,2,50,49.68268679151063,0.05749669472382926,0.0,1.9501066756543595,1.0,0.002224793076300528,0.3173132084893666,0.3413252362268288,0.0,1.0,2.2394842882083967,16.0,0.0,0.0,0.0,7334,264024,220,1.0,0.0,2.012314366333842
P,S4,3,50,49.67187601753458,0.05976377943924031,0.0,1.9742267572208296,0.8,0.0024596281775506705,0.32812398246542074,0.4151262844412357,0.0,1.0,2.3784946327551055,0.0,0.0,0.0,0.0,6957,250452,220,1.0,0.0,2.0623192772291077
P,S7,3,50,49.677713562869094,0.05883085982261664,0.0,1.9742267572208296,0.8,0.0024919849036942657,0.32228643713090577,0.45174776408884293,0.0,1.0,2.3407343633841857,16.0,0.0,0.0,0.0,7302,262872,220,1.0,0.0,2.2485197722798516
P,S4,4,50,49.68640514553074,0.05691364386699658,0.0,2.010729106204213,1.0,0.0023077160190344112,0.31359485446925817,0.3469174940321757,0.0,1.0,2.152749518321638,0.0,0.0,0.0,0.0,7588,273168,220,1.0,0.0,1.9631161782160802
P,S7,4,50,49.69100468555784,0.05602298919717235,0.0,2.010729106204213,1.0,0.0023160591298032915,0.3089953144421571,0.3513236306105348,0.0,1.0,2.1268718805307696,16.0,0.0,0.0,0.0,7722,277992,220,1.0,0.0,2.0855485841586936
P,S4,5,50,49.67494960414813,0.05908681732053253,0.0,1.9041257173552366,1.2000000000000002,0.0021458580796231814,0.3250503958518678,0.3904473562913615,0.0,1.0,2.3836928105878856,0.0,0.0,0.0,0.0,6874,247464,220,1.0,0.0,1.9952753366329254
P,S7,5,50,49.680733863728136,0.05772298907143599,0.0,1.9041257173552366,1.2000000000000002,0.002153971180118222,0.31926613627186384,0.41553653226687504,0.0,1.0,2.341276582089557,16.0,0.0,0.0,0.0,6963,250668,220,1.0,0.0,2.0415391287126186
P,S4,6,50,49.66929031949229,0.060091907661901506,0.0,1.956761205529339,1.0,0.002240957775940745,0.33070968050770944,0.36555118206007936,0.0,1.0,2.310013320511835,0.0,0.0,0.0,0.0,7240,260640,220,1.0,0.0,2.0801666039618127
P,S7,6,50,49.67518678277421,0.058659060775004455,0.0,1.956761205529339,1.0,0.0022754648354548494,0.32481321722578826,0.37632300143149483,0.0,1.0,2.2703961385577567,16.0,0.0,0.0,0.0,7466,268776,220,1.0,0.0,2.459115257424135
P,S4,7,50,49.65403431840004,0.06379339799005074,0.0,1.9832615895837618,0.8,0.0027424320071883336,0.34596568159995655,0.48633345031284275,0.0,1.0,2.42492282011475,0.0,0.0,0.0,0.0,7229,260244,220,1.0,0.0,1.9582098613889432
P,S7,7,50,49.6601583430928,0.06241780067312236,0.0,1.9832615895837618,0.8,0.0027933987439769993,0.3398416569071969,0.5094328672023586,0.0,1.0,2.3796029123419875,16.0,0.0,0.0,0.0,7468,268848,220,1.0,0.0,2.1537669900987235
P,S4,8,50,49.67075188212515,0.06002024700892526,0.0,1.975095606735792,1.0,0.002300950811694999,0.3292481178748474,0.375045294070273,0.0,1.0,2.3017017218800326,0.0,0.0,0.0,0.0,7122,256392,220,1.0,0.0,2.0355587623748534
P,S7,8,50,49.6766262583393,0.0578993626860651,0.0,1.975095606735792,1.0,0.0024031764712675817,0.32337374166070276,0.3837406091423063,0.0,1.0,2.2409862606869755,16.0,0.0,0.0,0.0,7448,268128,220,1.0,0.0,1.9538551782175946
P,S4,9,50,49.67144016124021,0.05989018290898422,0.0,1.8725741800026106,1.0,0.0023430743452249646,0.3285598387597872,0.3568852200626239,0.0,1.0,2.2539059794692995,0.0,0.0,0.0,0.0,7430,267480,220,1.0,0.0,1.9468217227732016
P,S7,9,50,49.67732456693538,0.058350999242561805,0.0,1.8725741800026106,1.0,0.0023739851941571707,0.3226754330646173,0.34878046954581304,0.0,1.0,2.213452897147479,16.0,0.0,0.0,0.0,7586,273096,220,1.0,0.0,1.9484555940573838
P,S4,10,50,49.676581196540745,0.05866673989634478,0.0,1.9970365533312484,1.0,0.001890440040762154,0.3234188034592549,0.3505590548645238,0.0,1.0,2.273936838846429,0.0,0.0,0.0,0.0,7285,262260,220,1.0,0.0,1.9557521287145454
P,S7,10,50,49.68237727191739,0.0573031822489136,0.0,1.9970365533312484,1.0,0.0019166032125841799,0.31762272808261116,0.3698300045344212,0.0,1.0,2.234822365744725,16.0,0.0,0.0,0.0,7417,267012,220,1.0,0.0,1.9812788415839522
P,S4,11,50,49.67743466646352,0.058690341478315186,0.0,2.1190084833947354,1.0,0.0023757418537095477,0.3225653335364811,0.4040059170345777,0.0,1.0,2.268876773653953,0.0,0.0,0.0,0.0,7278,262008,220,1.0,0.0,2.1116138316864466
P,S7,11,50,49.68321350663537,0.05754607336238808,0.0,2.1190084833947354,1.0,0.002379218403586547,0.3167864933646314,0.4383775487009139,0.0,1.0,2.227619812951501,16.0,0.0,0.0,0.0,7519,270684,220,1.0,0.0,2.4121858118813195
P,S4,12,50,49.686976055039366,0.0567114777672128,0.0,1.9023850215834774,1.0,0.0023595505442858774,0.31302394496063357,0.3344347018068597,0.0,1.0,2.201983920581643,0.0,0.0,0.0,0.0,7514,270504,220,1.0,0.0,2.307234188121205
P,S7,12,50,49.69074077455211,0.05596852924317951,0.0,1.9023850215834774,1.0,0.002350514281838525,0.30925922544788875,0.33718564344683993,0.0,1.0,2.1809324390223983,16.0,0.0,0.0,0.0,7471,268956,220,1.0,0.0,2.3011725544561745
P,S4,13,50,49.67026682615149,0.05989112422501037,0.0,1.8058905413405824,1.0,0.0019060795431736213,0.32973317384850986,0.3604782405165359,0.0,1.0,2.3142280967018465,0.0,0.0,0.0,0.0,7083,254988,220,1.0,0.0,2.1915523564368216
P,S7,13,50,49.67614995030298,0.05851116775900311,0.0,1.8058905413405824,1.0,0.00192770335507373,0.3238500496970218,0.3597621211088132,0.0,1.0,2.276725031129582,16.0,0.0,0.0,0.0,7350,264600,220,1.0,0.0,2.349032099010572
P,S4,14,50,49.6521164968973,0.0637235181034392,0.0,2.026746288408986,1.0,0.0021551623670605542,0.34788350310270033,0.4135597731892837,0.0,1.0,2.46904752778347,0.0,0.0,0.0,0.0,6999,251964,220,1.0,0.0,2.0014800000011532
P,S7,14,50,49.65827067200879,0.06173559125412827,0.0,2.026746288408986,1.0,0.002251185348938121,0.34172932799121014,0.3931138205181697,0.0,1.0,2.4222399083784856,16.0,0.0,0.0,0.0,7240,260640,220,1.0,0.0,1.997343316829621
P,S4,15,50,49.67521846958225,0.05927383134626861,0.0,2.0183610156015876,1.0,0.0023028016362647164,0.32478153041775215,0.40825636569464974,0.0,1.0,2.336640250436561,0.0,0.0,0.0,0.0,7345,264420,220,1.0,0.0,1.9884539900985065
P,S7,15,50,49.681017317681786,0.057762665365593345,0.0,2.0183610156015876,1.0,0.002348438957916192,0.31898268231821447,0.3818372756222551,0.0,1.0,2.299947871044328,16.0,0.0,0.0,0.0,7455,268380,220,1.0,0.0,2.212594485149791
P,S4,16,50,49.66738517004446,0.060984390933468385,0.0,1.9825828930681064,1.0,0.002474168419203719,0.3326148299555385,0.4118104079779144,0.0,1.0,2.291643838070477,0.0,0.0,0.0,0.0,7327,263772,220,1.0,0.0,2.060994257423619
P,S7,16,50,49.67332098936869,0.05886791565241907,0.0,1.9825828930681064,1.0,0.002516142616108954,0.32667901063130955,0.3698045735423492,0.0,1.0,2.2441812925634883,16.0,0.0,0.0,0.0,7576,272736,220,1.0,0.0,2.135972970295775
P,S4,17,50,49.70096644108189,0.05376950710911788,0.0,1.8787213895999444,1.0,0.0018425913138941923,0.29903355891811145,0.31369868850377,0.0,1.0,2.1305562480714437,0.0,0.0,0.0,0.0,7561,272196,220,1.0,0.0,2.2037245049468406
P,S7,17,50,49.70643346884933,0.0526619432473097,0.0,1.8787213895999444,1.0,0.0018376080505305926,0.2935665311506668,0.32332080483988,0.0,1.0,2.098206792456393,16.0,0.0,0.0,0.0,7646,275256,220,1.0,0.0,2.230663435642386
P,S4,18,50,49.67618553962454,0.05870094987299612,0.0,1.9908517834785606,1.0,0.0018228694576665758,0.32381446037545913,0.36293879518365274,0.0,1.0,2.293886456227168,0.0,0.0,0.0,0.0,7164,257904,220,1.0,0.0,2.16052729703085
P,S7,18,50,49.681981940142926,0.057538182147147704,0.0,1.9908517834785606,1.0,0.0018406241590184405,0.3180180598570743,0.3835451252542896,0.0,1.0,2.259449189010439,16.0,0.0,0.0,0.0,7317,263412,220,1.0,0.0,2.158531306932754
P,S4,19,50,49.68962268108114,0.05634054085579336,0.0,1.9572853982605396,1.0,0.0025975253321507056,0.3103773189188601,0.33149205840944596,0.0,1.0,2.1345199104899137,0.0,0.0,0.0,0.0,7754,279144,220,1.0,0.0,2.052152900991006
P,S7,19,50,49.695264270609336,0.055090386876558324,0.0,1.9572853982605396,1.0,0.00264801359520823,0.3047357293906643,0.3419846741166048,0.0,1.0,2.099167160720511,16.0,0.0,0.0,0.0,7877,283572,220,1.0,0.0,2.0393313267311104
P,S4,20,50,49.6832637036583,0.057554253373214,0.0,1.9643015744815568,1.0,0.0022688828568112143,0.316736296341702,0.36221093264355486,0.0,1.0,2.164416144517204,0.0,0.0,0.0,0.0,7538,271368,220,1.0,0.0,2.106270792077033
P,S7,20,50,49.688993678240216,0.05594595925238677,0.0,1.9643015744815568,1.0,0.0022899323770003335,0.31100632175978404,0.3716597965222909,0.0,1.0,2.122225322501862,16.0,0.0,0.0,0.0,7737,278532,220,1.0,0.0,2.2568047722758124
P,S4,21,50,49.687476245249236,0.05710142685748014,0.0,1.8434252341895299,1.0,0.002162934214908636,0.31252375475076377,0.3487878439893117,0.0,1.0,2.069120391919276,0.0,0.0,0.0,0.0,7824,281664,220,1.0,0.0,2.299111514852178
P,S7,21,50,49.693185403161166,0.05517915916806004,0.0,1.8434252341895299,1.0,0.002282054731168203,0.3068145968388336,0.3365607698455804,0.0,1.0,2.0235591947594562,16.0,0.0,0.0,0.0,8247,296892,220,1.0,0.0,2.0585908415827956
P,S4,22,50,49.67978081484917,0.058363015464538606,0.0,1.7906892423126142,1.0,0.0019202960002845117,0.32021918515083314,0.36292186333954746,0.0,1.0,2.153546637550576,0.0,0.0,0.0,0.0,7493,269748,220,1.0,0.0,2.0787867326749385
P,S7,22,50,49.685577857295605,0.056742836714616815,0.0,1.7906892423126142,1.0,0.0019387386808992458,0.3144221427043945,0.329992315964585,0.0,1.0,2.1155226317192954,16.0,0.0,0.0,0.0,7596,273456,220,1.0,0.0,2.0764179900994564
P,S4,23,50,49.684880039275654,0.05723648687861682,0.0,1.8945521597493211,1.0,0.002130396042847048,0.31511996072434556,0.3469826612698655,0.0,1.0,2.1373277418073635,0.0,0.0,0.0,0.0,7458,268488,220,1.0,0.0,1.970512782179975
P,S7,23,50,49.690597001353005,0.05556792195453506,0.0,1.8945521597493211,1.0,0.0021714402853827593,0.30940299864699483,0.3709975920698128,0.0,1.0,2.092074955806735,16.0,0.0,0.0,0.0,7699,277164,220,1.0,0.0,1.9710071287140591
P,S4,24,50,49.69105675128248,0.05632736042913347,0.0,1.9207709098897054,1.0,0.002004598113183939,0.30894324871751877,0.40552997588263295,0.0,1.0,2.1622639958058514,0.0,0.0,0.0,0.0,7735,278460,220,1.0,0.0,2.035756366334645
P,S7,24,50,49.69667373228601,0.0545789409376338,0.0,1.9207709098897054,1.0,0.0020543920650250226,0.3033262677139916,0.3568343254617794,0.0,1.0,2.12229993545181,16.0,0.0,0.0,0.0,7936,285696,220,1.0,0.0,2.028118881190665
P,S4,25,50,49.667466850471165,0.060271685332016364,0.0,2.0636030760455797,1.0,0.0019694204438965067,0.3325331495288353,0.3623205528778094,0.0,1.0,2.4175093225387876,0.0,0.0,0.0,0.0,7151,257436,220,1.0,0.0,1.980858900991518
P,S7,25,50,49.673386810043446,0.058582567720893056,0.0,2.0636030760455797,1.0,0.002053978381165277,0.32661318995655364,0.35965364852538223,0.0,1.0,2.3738257729011725,16.0,0.0,0.0,0.0,7318,263448,220,1.0,0.0,2.045673148514463
P,S4,26,50,49.67294639654949,0.0597741166319772,0.0,1.758921088536082,1.0,0.002420638964468178,0.3270536034505085,0.37489060958424997,0.0,1.0,2.2430932231371132,0.0,0.0,0.0,0.0,7500,270000,220,1.0,0.0,1.963223712871443
P,S7,26,50,49.6788108080618,0.05835450763566969,0.0,1.758921088536082,1.0,0.0024407548388953814,0.3211891919382026,0.36686071165050654,0.0,1.0,2.20603154459216,16.0,0.0,0.0,0.0,7783,280188,220,1.0,0.0,2.094613336632194
P,S4,27,50,49.679917511322124,0.05832582753959339,0.0,1.880762836118561,1.0,0.0022725500623242043,0.32008248867787614,0.36178219904475883,0.0,1.0,2.173100070011872,0.0,0.0,0.0,0.0,7545,271620,220,1.0,0.0,2.1424537920814477
P,S7,27,50,49.68487646966674,0.057285985030840925,0.0,1.880762836118561,1.0,0.002285482029369731,0.3151235303332598,0.34052017343599916,0.0,1.0,2.146190073391946,16.0,0.0,0.0,0.0,7710,277560,220,1.0,0.0,2.141956207921821
P,S4,28,50,49.6673860451755,0.06056130410394603,0.0,1.9380011502564178,0.8,0.0026994121507873782,0.3326139548245024,0.3560485733069128,0.0,1.0,2.393091348319314,0.0,0.0,0.0,0.0,7162,257832,220,1.0,0.0,2.139008277229343
P,S7,28,50,49.67319450512997,0.05937522991168282,0.0,1.9380011502564178,0.8,0.002740447945830899,0.32680549487002963,0.3646652720681615,0.0,1.0,2.360126938983088,16.0,0.0,0.0,0.0,7390,266040,220,1.0,0.0,2.0501612772283924
P,S4,29,50,49.667328774297246,0.060812620215321356,0.0,1.9944043383019296,1.0,0.0023347061602707123,0.33267122570275376,0.42965751300211674,0.0,1.0,2.328545113376296,0.0,0.0,0.0,0.0,7201,259236,220,1.0,0.0,1.9976019900988633
P,S7,29,50,49.67324477307394,0.0589551155325075,0.0,1.9944043383019296,1.0,0.0025276312748951065,0.3267552269260605,0.4303466899229825,0.0,1.0,2.2785521330794087,16.0,0.0,0.0,0.0,7522,270792,220,1.0,0.0,2.1600944950487158
