controller,scenario,seed,n,frequency_nadir_hz,frequency_rmse_hz,settling_time_s,voltage_rmse_v,voltage_violation_s,sharing_error,max_attack_deviation_hz,integrated_abs_freq_error,recovery_time_s,safe_trial,unserved_energy_kwh,detection_delay_s,readmission_delay_s,false_isolation_rate,trust_separation,packets,bytes,peak_packets_per_interval,max_valid_silence_s,degraded_fraction,update_time_ms,attack_induced_rmse_delta_hz,attack_induced_peak_delta_hz,counterfactual_max_freq_difference_hz,counterfactual_iafd_hz_s
B0,S0,0,5,49.06561323218212,0.4531547705448934,4.0,1.9338898704416403,7.0,0.0739676737934306,0.5882852693923724,5.481536310904408,5.0,0.0,0.4022673903376018,0.0,0.0,0.0,0.0,0,0,0,0.0,0.0,0.2457658019785854,0.0,0.0,0.0,0.0
B1,S0,0,5,49.51859890866954,0.1882251175354134,0.0,1.0003927550604772,1.4,0.0600544079229788,0.4787570121003313,2.073714887435861,4.199999999999999,1.0,0.2937705743610398,0.0,0.0,0.0,0.0,18180,654480,180,0.2,0.0,0.3849803366338705,0.0,0.0,0.0,0.0
B2,S0,0,5,49.51633527446281,0.1841928672791629,0.0,1.0003927550604772,1.4,0.048866616291655,0.4802497810842112,1.929830625012148,5.0,1.0,0.2836458756003264,0.0,0.0,0.0,0.0,1818,65448,18,0.2,0.0,0.3607278712893681,0.0,0.0,0.0,0.0
B3,S0,0,5,49.51819742148913,0.1835529190014672,0.0,1.0003927550604772,1.4,0.0489601592392255,0.4788282194564388,2.017101864455645,5.0,1.0,0.2802991650327341,0.0,0.0,0.0,0.0,1818,65448,18,0.2,0.0,0.3795185247516129,0.0,0.0,0.0,0.0
B4,S0,0,5,49.51636310279425,0.1837912190039586,0.0,1.0003927550604772,1.4,0.0488433155869006,0.4802166920955386,1.9078417675666703,5.0,1.0,0.2834002386438289,0.0,0.0,0.0,-0.0131105804855063,1818,65448,18,0.2,0.0,0.4397306633658409,0.0,0.0,0.0,0.0
B5,S0,0,5,49.51635462405313,0.1837542651712072,0.0,1.0003927550604772,1.4,0.0488017804715726,0.4802230362775646,1.906805973339776,5.0,1.0,0.2833846978105553,0.0,0.0,0.0,0.0,1818,65448,18,0.2,0.0,0.4514118712868727,0.0,0.0,0.0,0.0
P,S0,0,5,49.51568318807953,0.184257689971227,0.0,1.0003927550604772,1.4,0.0488259125018839,0.4807219142598171,1.924194050566209,5.0,1.0,0.284500741607214,0.0,0.0,0.0,0.0,597,21492,18,1.0,0.0,0.4208638613881073,0.0,0.0,0.0,0.0
B0,S1,0,5,49.06561323218212,0.4531547705448934,4.0,1.9338898704416403,7.0,0.0739676737934306,0.5882852693923724,5.481536310904408,5.0,0.0,0.3989340570042684,15.0,0.0,0.0,0.0,0,0,0,0.0,0.0,0.2340732871293722,0.0,0.0,0.0,0.0
B1,S1,0,5,49.52210293679524,0.1835697715739027,0.0,1.0003927550604772,1.4,0.0584453771078388,0.4760722868538138,1.9937616981011368,4.0,1.0,0.2855407540395879,15.0,0.0,0.0,0.0,18180,654480,180,0.2,0.0,0.39011861386231,-0.0050660705915848,-0.0029083665072207,0.0284648040682569,0.1110407791086053
B2,S1,0,5,49.53581006309707,0.1796042656247836,0.0,1.0003927550604772,1.4,0.0541643737002076,0.4641899369029332,1.940776672015046,5.0,1.0,0.2693684057204457,15.0,0.0,0.0,0.0,1818,65448,18,0.2,0.0,0.3891143465348295,-0.004587966995085,-0.0160576975950661,0.3374625439695293,0.7018914550953659
B3,S1,0,5,49.51946166176876,0.1831297925380793,0.0,1.0003927550604772,1.4,0.0490893051896165,0.4778823469376334,2.020776176259053,5.0,1.0,0.2760769424344959,15.0,0.0,0.0,0.0,1818,65448,18,0.2,0.0,0.4411468316812706,-0.0004705593658121,-0.0010465137012261,0.0189054868215521,0.0401959550343803
B4,S1,0,5,49.518144171696406,0.1830242379382619,0.0,1.0003927550604772,1.4,0.0489822116588881,0.4788841976493856,1.9095807140365488,5.0,1.0,0.2786241362560478,12.2,0.0,0.0,-0.00891643925741,1818,65448,18,0.2,0.0,0.4461069207932854,-0.0008118588606703,-0.001382575983591,0.0303371392576181,0.0632678282031711
B5,S1,0,5,49.51648445750045,0.1837025533856334,0.0,1.0003927550604772,1.4,0.0488852386138505,0.4801135351951799,1.90746991522965,5.0,1.0,0.2798394458762649,0.2000000000000001,9.0,0.0,0.6435067901063676,1818,65448,18,0.2,0.0,0.4248477326736164,-9.606755726382366e-05,-0.0001595826103724,0.0016221696040403,0.0038429710775496
P,S1,0,5,49.51570358100061,0.1843246734423979,0.0,1.0003927550604772,1.4,0.0488799614274183,0.480684294487034,1.9256099557601192,5.0,1.0,0.2809266202277896,0.2000000000000001,9.0,0.0,0.648293690347409,608,21888,18,1.0,0.0,0.4394466732670066,0.0001643966968552,3.1636133279278056e-05,0.0036323571437506,0.0099220343458085
B0,S2,0,5,49.11678786974664,0.4310175357114717,0.0,1.9338898704416403,7.0,0.0741792007804779,0.5623419323824166,5.215336789611479,5.0,0.0,0.3856027946754292,16.0,0.0,0.0,0.0,0,0,0,0.0,0.0,0.305209178215123,0.0,0.0,0.0,0.0
B1,S2,0,5,49.54907259749276,0.171239477470681,0.0,1.0003927550604772,1.4,0.0619411543177644,0.45092740250724,1.9087520904207755,4.0,1.0,0.2794026575309764,16.0,0.0,0.0,0.0,18180,654480,180,0.2,0.0,0.4805897227708898,-0.0056375955820323,-0.0028533017822525,0.0329334350529748,0.1217320846783742
B2,S2,0,5,49.558158599932106,0.167015373539885,0.0,1.0003927550604772,1.4,0.0522743560591529,0.4418414000678936,1.8399480512251296,5.0,1.0,0.2640668843467223,16.0,0.0,0.0,0.0,1818,65448,18,0.2,0.0,0.4138694950489651,-0.0017560478017715,-0.0135246871347334,0.2839780979219171,0.5996780991409791
B3,S2,0,5,49.55172091741398,0.1731054696342036,4.0,1.0003927550604772,1.4,0.0510957007460652,0.4482790825860192,2.160618713965147,5.0,1.0,0.2631406010403286,16.0,0.0,0.0,0.0,1818,65448,18,0.2,0.0,0.3997265247526589,-7.283549262326883e-07,-0.004459277057613,0.0588475574921645,0.1420524849290977
B4,S2,0,5,49.55008029711918,0.1702660620274991,0.0,1.0003927550604772,1.4,0.0506375960573677,0.4499197028808197,1.9539110430572784,5.0,1.0,0.2655697486696792,0.0,0.0,0.0,-0.010135338405351,1818,65448,18,0.2,0.0,0.473462336631741,0.0001803806725862,-0.0046997987472749,0.0862056647927573,0.1951760249760894
B5,S2,0,5,49.54648360084879,0.169860888582467,0.0,1.0003927550604772,1.4,0.0497792795761716,0.4535163991512121,1.914869144030412,5.0,1.0,0.2665903446878234,0.7999999999999998,5.0,0.0,0.6509196902649178,1818,65448,18,0.2,0.0,0.4932151287128831,-0.0001948677085122,-0.0012033122257477,0.0228451777418641,0.0654938447075004
P,S2,0,5,49.547198910356826,0.1701120779440724,0.0,1.0003927550604772,1.4,0.0499025939409788,0.4528010896431738,1.9335229657301147,5.0,1.0,0.2666209013629133,1.6000000000000003,5.0,0.0,0.5702008563299296,664,23904,18,1.0,0.0,0.4553936534630518,0.0002103345819074,-0.0013400127759055,0.0284944121848482,0.0628864395957087
B0,S3,0,5,49.065613232182116,0.4531547705448934,4.0,1.9338898704416405,7.0,0.07396767379343068,0.5882852693923724,5.481536310904408,5.0,0.0,0.4022673903376018,15.0,0.0,0.0,0.0,0,0,0,0.0,0.0,0.22503474257415418,0.0,0.0,0.0,0.0
B1,S3,0,5,49.51792954247187,0.18917703693727628,0.0,1.0003927550604772,1.4000000000000001,0.060269739821656204,0.4792699652190251,2.0888737394502868,5.0,1.0,0.29430642797766937,0.20000000000000018,0.0,0.0,0.0,18180,654480,180,1.6,0.0,0.37452737623344445,0.0009519194018628718,0.0005129531186938152,0.005117788558450798,0.01824143142210204
B2,S3,0,5,49.516456492526885,0.18401820335099406,0.0,1.0003927550604772,1.4000000000000001,0.048922628470036394,0.48015905101380696,1.9257132431813369,5.0,1.0,0.28385668088527466,0.20000000000000018,0.0,0.0,0.0,1818,65448,18,1.6,0.0,0.34842336633866383,-0.0001746639281688389,-9.073007040422132e-05,0.0022492194018326472,0.005402621558924634
B3,S3,0,5,49.51823054815929,0.18354057371083693,0.0,1.0003927550604772,1.4000000000000001,0.04897987265233675,0.4788034308925049,2.0171055393942887,5.0,1.0,0.2803897407789639,0.20000000000000018,0.0,0.0,0.0,1818,65448,18,1.6,0.25742574257425743,0.3615481485140474,-1.2345290630266792e-05,-2.478856393389739e-05,0.0005040012603743094,0.0010891472925784735
B4,S3,0,5,49.5165364180317,0.18368594064561536,0.0,1.0003927550604772,1.4000000000000001,0.04891243277439271,0.48008701704304,1.9070439034564104,5.0,1.0,0.2835813397584687,0.20000000000000018,0.0,0.0,-0.008916441161607835,1818,65448,18,1.6,0.25742574257425743,0.38810413861307946,-0.0001052783583432304,-0.00012967505249855682,0.0030401518213736267,0.007051680209317366
B5,S3,0,5,49.51652793460183,0.18365028743924453,0.0,1.0003927550604772,1.4000000000000001,0.048872863722482736,0.48009336473339914,1.9061660435058514,5.0,1.0,0.28356580834949074,0.20000000000000018,0.0,0.0,0.0,1818,65448,18,1.6,0.25742574257425743,0.40381402970416447,-0.00010397773196266225,-0.0001296715441654328,0.003047051441242843,0.007077701276865864
P,S3,0,5,49.51633324731367,0.18376786958665997,0.0,1.0003927550604794,1.4000000000000001,0.04904792408057964,0.48023447221010684,1.9220623500405303,5.0,1.0,0.2848177346443931,0.20000000000000018,0.0,0.0,0.0,587,21132,18,1.6,0.297029702970297,0.3909230495037714,-0.000489820384567019,-0.0004874420497102405,0.013919500287528308,0.028827333046110928
B0,S4,0,5,49.06561323218212,0.4531547705448934,4.0,1.9338898704416403,7.0,0.0739676737934306,0.5882852693923724,5.481536310904408,5.0,0.0,0.3989340570042684,0.0,0.0,0.0,0.0,0,0,0,0.0,0.0,0.2474525742562234,0.0,0.0,0.0,0.0
B1,S4,0,5,49.51848238038643,0.1884875293922973,0.0,1.0003927550604772,1.4,0.0605605748028567,0.4788481391176518,2.081194884037995,4.199999999999999,1.0,0.2914511977626385,0.0,0.0,0.0,0.0,14130,508680,180,1.6,0.0,0.4409147029694188,-0.0001483127731902,-0.0001325142433827,0.0050259330052924,0.0080057348549679
B2,S4,0,5,49.51626345561464,0.1844269844359778,0.0,1.0003927550604772,1.4,0.0489485272005837,0.4801631684008143,1.9379633060884796,5.0,1.0,0.2807512126177214,0.0,0.0,0.0,0.0,1413,50868,18,1.6,0.0,0.4629244653467076,0.0002347518161092,-8.446609718504305e-05,0.0033607943499305,0.008280259322224
B3,S4,0,5,49.51796924347794,0.18362957160635,0.0,1.0003927550605,1.4,0.048938548447179,0.4788679590237521,2.0140993404894103,5.0,1.0,0.2773212090236379,0.0,0.0,0.0,0.0,1413,50868,18,1.6,0.3564356435643564,0.4015423168320832,2.921970245847727e-05,-6.090161510741154e-05,0.0067066243061972,0.0132555697192834
B4,S4,0,5,49.51629030951243,0.1838114811641052,0.0,1.0003927550605,1.4,0.048944136074915,0.4801469971427323,1.908746656597213,5.0,1.0,0.2807122767334124,0.0,0.0,0.0,-0.013079572245234,1413,50868,18,1.6,0.3564356435643564,0.4289752772288777,-2.4615634827029886e-05,-0.0001197764902443,0.0052117480009741,0.0103991783405618
B5,S4,0,5,49.516279375193854,0.1837871534439274,0.0,1.0003927550605,1.4,0.0488903816628178,0.4801557023494567,1.9084464569692523,5.0,1.0,0.280697757953454,0.0,0.0,0.0,0.0,1413,50868,18,1.6,0.3564356435643564,0.4412193168286423,-1.1467498969824907e-05,-0.0001174154560956,0.0044770826079059,0.009824417957536
P,S4,0,5,49.51656134434738,0.1839257298745917,0.0,1.0003927550434446,1.4,0.0490225921358438,0.4800226373318281,1.9251826016813829,5.0,1.0,0.2808500330185647,0.0,0.0,0.0,0.0,472,16992,18,1.6,0.4356435643564356,0.4015595742554195,-0.0002345468709509,-0.0006300210219265,0.0206357090897526,0.0369947883880733
B0,S5,0,5,49.06561323218212,0.4531547705448934,4.0,1.9338898704416403,7.0,0.0739676737934306,0.5882852693923724,5.481536310904408,5.0,0.0,0.3989340570042684,15.0,0.0,0.0,0.0,0,0,0,0.0,0.0,0.2322755544540059,0.0,0.0,0.0,0.0
B1,S5,0,5,49.51121470107794,0.1993455355469645,0.0,1.0003927550604772,1.4,0.0614230580384703,0.4845295166145646,2.2654802460914163,5.0,1.0,0.2949372634782408,15.0,0.0,0.0,0.0,18180,654480,180,0.2,0.0,0.4080481782180544,0.010709693381477,0.0055488632535301,0.0517681643335521,0.1933187740491505
B2,S5,0,5,48.98155083347709,0.4610087879363495,0.0,1.0003927550604772,1.4,0.0559671231010732,0.5815817298084411,5.117003499332013,5.0,0.0,0.3865681597670548,15.0,0.0,0.0,0.0,1818,65448,18,0.2,0.0,0.3864071188110018,0.2768165553164809,0.1013340953104418,1.0161908666761477,3.187180011011026
B3,S5,0,5,49.51613327255767,0.1845045096692669,0.0,1.0003927550604772,1.4,0.04868227529279,0.480373296984915,2.018187643524579,5.0,1.0,0.2778030097354787,15.0,0.0,0.0,0.0,1818,65448,18,0.2,0.0,0.3940183960366994,0.0009041577653754,0.0014444363460555,0.0319248969626215,0.0643481279194858
B4,S5,0,5,49.513388801340135,0.1867012134778397,0.0,1.0003927550604772,1.4,0.0484975628365721,0.4825472945413125,1.935779267664654,5.0,1.0,0.2814425598166201,12.2,0.0,0.0,-0.0089165036869059,1818,65448,18,0.2,0.0,0.4097192871284116,0.0028651166789074,0.0022805209083358,0.0486010374814469,0.1148527057817759
B5,S5,0,5,49.51648445750045,0.1837025533856334,0.0,1.0003927550604772,1.4,0.0488852386138505,0.4801135351951799,1.90746991522965,5.0,1.0,0.2798394458762649,0.2000000000000001,6.0,0.0,0.7029036903457716,1818,65448,18,0.2,0.0,0.3978555247509702,-9.606755726382366e-05,-0.0001595826103724,0.0016221696040403,0.0038429710775496
P,S5,0,5,49.51570358100061,0.1843246734423979,0.0,1.0003927550604772,1.4,0.0488799614274183,0.480684294487034,1.9256099557601192,5.0,1.0,0.2809266202277896,0.2000000000000001,6.0,0.0,0.710117387742689,620,22320,18,1.0,0.0,0.4202868514884096,0.0001643966968552,3.1636133279278056e-05,0.0036323571437506,0.0099220343458085
B0,S6,0,5,49.11678786974664,0.4310175357114717,0.0,1.9338898704416403,7.0,0.0741792007804779,0.5623419323824166,5.215336789611479,5.0,0.0,0.3856027946754292,16.0,0.0,0.0,0.0,0,0,0,0.0,0.0,0.3815193267340387,0.0,0.0,0.0,0.0
B1,S6,0,5,49.5460323715078,0.1769848611390679,0.0,1.0003927550604772,1.4,0.0619554963018634,0.4539676284922009,1.9906583597028604,4.199999999999999,1.0,0.2790696748773165,16.0,0.0,0.0,0.0,18180,654480,180,0.2,0.0,0.405738633662172,0.0001077880863545,0.0001869242027083,0.0081018847851268,0.0132303932662587
B2,S6,0,5,49.54628043799497,0.1664704107739575,0.0,1.0003927550604772,1.4,0.0488469063999625,0.4537195620050269,1.7616229383485795,3.6000000000000014,1.0,0.264141613716242,16.0,0.0,0.0,0.0,1818,65448,18,0.2,0.0,0.4176826732693353,-0.002301010567699,-0.0016465251976001,0.0430185238874329,0.1347993739356915
B3,S6,0,5,49.548528847806026,0.1737575316059585,4.0,1.0003927550604772,1.4,0.0500903184688533,0.4514711521939745,2.166017427988382,5.0,1.0,0.2628518479721875,16.0,0.0,0.0,0.0,1818,65448,18,0.2,0.0,0.4015818712834498,0.0006513336168286,-0.0012672074496578,0.0217878148293948,0.0694713899341834
B4,S6,0,5,49.54624383089812,0.1701576897347118,0.0,1.0003927550604772,1.4,0.0494066552729288,0.4537561691018794,1.936187120773199,5.0,1.0,0.2653598754533411,0.0,0.0,0.0,-0.0101357858275662,1818,65448,18,0.2,0.0,0.4589070297040259,7.200837979898234e-05,-0.0008633325262152,0.02311636455088,0.0712468943327429
B5,S6,0,5,49.54614313663959,0.1700768658474767,0.0,1.0003927550604772,1.4,0.0493729618415563,0.4538568633604072,1.92396391651414,5.0,1.0,0.2656011293576537,16.0,0.0,0.0,0.0,1818,65448,18,0.2,0.0,0.4220834950483729,2.110955649745061e-05,-0.0008628480165526,0.0233948695272658,0.072547257667712
P,S6,0,5,49.546017958727774,0.1703691294437005,0.0,1.0003927550604772,1.4,0.0495840792864911,0.4539820412722264,1.939703753367368,5.0,1.0,0.2666811233081599,16.0,0.0,0.0,0.0,606,21816,18,1.0,0.0,0.4346340396034858,0.0004673860815355,-0.0001590611468529,0.0162979089525165,0.0447148991636495
B0,S7,0,5,49.11678786974664,0.4310175357114717,0.0,1.9338898704416403,7.0,0.0741792007804779,0.5623419323824166,5.215336789611479,5.0,0.0,0.3856027946754292,16.0,0.0,0.0,0.0,0,0,0,0.0,0.0,0.2451179108884569,0.0,0.0,0.0,0.0
B1,S7,0,5,48.84709891490941,0.5491830089522519,0.0,1.0003927550604772,1.4,0.0798390364361887,0.6386067428434572,6.603362549859067,5.0,0.0,0.4926705675406079,16.0,0.0,0.0,0.0,18180,654480,180,0.2,0.0,0.4153827029686809,0.3723059358995385,0.1848260385539646,1.1767196663546855,4.615748878968267
B2,S7,0,5,48.83678882390505,0.5492051193548257,0.0,1.0003927550604772,1.4,0.075520684601053,0.6386067428434572,6.543468484452065,5.0,0.0,0.4919426831212792,16.0,0.0,0.0,0.0,1818,65448,18,0.2,0.0,0.3889678811883821,0.3804336980131692,0.1832406556408301,1.1887955550074023,4.835760689009537
B3,S7,0,5,48.83678882390505,0.5417234271375503,4.0,1.0003927550604772,1.4,0.0766536860972251,0.6386067428434572,6.382201207196673,5.0,0.0,0.4744135273497118,16.0,0.0,0.0,0.0,1818,65448,18,0.2,0.0,0.4004266930714588,0.3686172291484204,0.1858683831998249,1.3834115974778598,4.944186094687677
B4,S7,0,5,49.351349904293045,0.3116153023412992,0.0,1.0003927550604772,1.4,0.0589227708504999,0.4938047405881107,3.904862056026464,5.0,0.0,0.365372927777251,0.0,5.0,0.0,0.7375834757799568,1818,65448,18,0.2,0.0,0.4211499306908837,0.1415296209863863,0.039185238960016,0.681363298074956,2.38218850997448
B5,S7,0,5,48.83678882390505,0.5435787478047249,0.0,1.0003927550604772,1.4,0.0759917235506266,0.6386067428434572,6.387107224182971,5.0,0.0,0.4784060876235741,3.0,0.0,0.0,0.0468304543287694,1818,65448,18,0.2,0.0,0.4509515841587332,0.3735229915137457,0.1838870314664973,1.3407956024931948,4.865320270864995
P,S7,0,5,48.83678882390505,0.5397614917433767,0.0,1.0003927550604772,1.4,0.0748853142448151,0.6386067428434572,6.215265732099168,5.0,0.0,0.461725853554256,3.0,0.0,0.0,0.0096603584879396,1253,45108,18,1.0,0.0,0.4913316534650293,0.3698597483812117,0.1844656404243778,1.3538174601017945,4.703581220747259
B0,S0,1,5,49.06561323218212,0.4531547705448934,4.0,1.9338898704416403,7.0,0.0739676737934306,0.5882852693923724,5.481536310904408,5.0,0.0,0.4022673903376018,0.0,0.0,0.0,0.0,0,0,0,0.0,0.0,0.2531726138633782,0.0,0.0,0.0,0.0
B1,S0,1,5,49.51858831280201,0.1882870446493093,0.0,1.0003927550604772,1.4,0.0600891004057882,0.478764110510447,2.0735659407863696,4.199999999999999,1.0,0.2937677156801433,0.0,0.0,0.0,0.0,18180,654480,180,0.2,0.0,0.3933044554467433,0.0,0.0,0.0,0.0
B2,S0,1,5,49.51638977522138,0.1843829118572766,0.0,1.0003927550604772,1.4,0.0489353095105536,0.4801418877511167,1.9362888304509271,5.0,1.0,0.2838573933324753,0.0,0.0,0.0,0.0,1818,65448,18,0.2,0.0,0.4544636534648258,0.0,0.0,0.0,0.0
B3,S0,1,5,49.518281517010735,0.1835335075013247,0.0,1.0003927550604772,1.4,0.0490068645277531,0.4787228018751861,2.0191264779422284,5.0,1.0,0.2803783313775738,0.0,0.0,0.0,0.0,1818,65448,18,0.2,0.0,0.483413138613962,0.0,0.0,0.0,0.0
B4,S0,1,5,49.51746636941322,0.183384351938154,0.0,1.0003927550604772,1.4,0.0489675030887497,0.4793329719505479,1.939469102103536,5.0,1.0,0.2822659740304435,0.0,0.0,0.0,-0.0124500608710301,1818,65448,18,0.2,0.0,0.4651318712837952,0.0,0.0,0.0,0.0
B5,S0,1,5,49.51752278041905,0.1833662069852969,0.0,1.0003927550604772,1.4,0.0489347996492355,0.4792907626550899,1.9425596549739064,5.0,1.0,0.2821614585320764,0.0,0.0,0.0,0.0,1818,65448,18,0.2,0.0,0.4842874257402661,0.0,0.0,0.0,0.0
P,S0,1,5,49.517558585473054,0.1833436776405023,0.0,1.0003927550604772,1.4,0.0489337875480876,0.4792410987382425,1.9313410972549576,5.0,1.0,0.282045599052602,0.0,0.0,0.0,0.0,578,20808,18,1.0,0.0,0.454202574257921,0.0,0.0,0.0,0.0
B0,S1,1,5,49.06561323218212,0.4531547705448934,4.0,1.9338898704416403,7.0,0.0739676737934306,0.5882852693923724,5.481536310904408,5.0,0.0,0.3989340570042684,15.0,0.0,0.0,0.0,0,0,0,0.0,0.0,0.2410048316798367,0.0,0.0,0.0,0.0
B1,S1,1,5,49.521204147876624,0.1847453077716483,0.0,1.0003927550604772,1.4,0.0596960232471312,0.4767600190187835,2.016270050774071,4.0,1.0,0.2884423367940282,15.0,0.0,0.0,0.0,18180,654480,180,0.2,0.0,0.3886413465347731,-0.0039538498676749,-0.0022277327523738,0.0219872043109958,0.0814102693079369
B2,S1,1,5,49.53564237109556,0.177715319599354,0.0,1.0003927550604772,1.4,0.0529009401163515,0.4643576289044375,1.9008354575262243,5.0,1.0,0.2709724195089207,15.0,0.0,0.0,0.0,1818,65448,18,0.2,0.0,0.3918896831696611,-0.0066679840412853,-0.0157852826027422,0.3141355416054097,0.6538690716610246
B3,S1,1,5,49.51926354074421,0.1831993111260657,0.0,1.0003927550604772,1.4,0.049158887481058,0.4779879938005962,2.0213781578805303,5.0,1.0,0.2766412573338549,15.0,0.0,0.0,0.0,1818,65448,18,0.2,0.0,0.4186446930686029,-0.0003293767199099,-0.0007250337414816,0.0140607359750291,0.0280409593095747
B4,S1,1,5,49.518675233130246,0.1829560563947043,0.0,1.0003927550604772,1.4,0.0491399165024395,0.4784285483083081,1.9424311959041736,5.0,1.0,0.2783614761902028,0.0,0.0,0.0,-0.0027427646711247,1818,65448,18,0.2,0.0,0.4200361881164936,-0.0004254310704751,-0.0008993726439072,0.0187723514528244,0.0374656126132549
B5,S1,1,5,49.51742446080205,0.1834145635900659,0.0,1.0003927550604772,1.4,0.0489756430569429,0.4793569424159472,1.943755723955636,5.0,1.0,0.2787775495436509,0.2000000000000001,9.0,0.0,0.6373773152566393,1818,65448,18,0.2,0.0,0.4191785643559,5.107375335233755e-05,7.123076152026897e-05,0.0039524215716184,0.009187852497552
P,S1,1,5,49.51747756702464,0.1833177830167418,0.0,1.0003927550604772,1.4,0.0489190746114105,0.479284658115894,1.9291162540311133,5.0,1.0,0.2786086568841391,0.6000000000000005,9.0,0.0,0.6200461899756514,595,21420,18,1.0,0.0,0.4592543861402344,-0.0002722278551369,-0.0004008840419018,0.0049663594719149,0.0089601529676308
B0,S2,1,5,49.11678786974664,0.4310175357114717,0.0,1.9338898704416403,7.0,0.0741792007804779,0.5623419323824166,5.215336789611479,5.0,0.0,0.3856027946754292,16.0,0.0,0.0,0.0,0,0,0,0.0,0.0,0.2502362475266042,0.0,0.0,0.0,0.0
B1,S2,1,5,49.54852337214681,0.1726202581927304,0.0,1.0003927550604772,1.4,0.062204220218431,0.4514766278531894,1.928921814231373,4.0,1.0,0.2799214369719365,16.0,0.0,0.0,0.0,18180,654480,180,0.2,0.0,0.4093520990116501,-0.0043353265450893,-0.0023111748464046,0.0252842067785152,0.0905845016401265
B2,S2,1,5,49.55534580299565,0.1658222787748929,0.0,1.0003927550604772,1.4,0.0511486118214294,0.4446541970043469,1.804175420327854,5.0,1.0,0.265530551507282,16.0,0.0,0.0,0.0,1818,65448,18,0.2,0.0,0.4730816732658826,-0.0030802834635858,-0.0107373338046343,0.2422076553681194,0.4907340797263571
B3,S2,1,5,49.551235248966336,0.1732185201207285,4.0,1.0003927550604772,1.4,0.0509027394307117,0.4487647510336643,2.161831026366678,5.0,1.0,0.2633737243751855,16.0,0.0,0.0,0.0,1818,65448,18,0.2,0.0,0.4387951287096464,-0.0001114450650282,-0.0038134968822944,0.0489617996392297,0.115214977441154
B4,S2,1,5,49.54952202937002,0.1703540031431055,0.0,1.0003927550604772,1.4,0.0504100850861377,0.4504779706299828,1.966118366561337,5.0,1.0,0.2661151874688206,0.0,0.0,0.0,-0.0038978517752813,1818,65448,18,0.2,0.0,0.4836091980221249,0.0002157003557153,-0.0037365613140991,0.0665475914271027,0.1444423902765499
B5,S2,1,5,49.546638968536975,0.1700595887918103,0.0,1.0003927550604772,1.4,0.0497101203964189,0.4533610314630252,1.930180809145216,5.0,1.0,0.2669019842648844,1.0,5.0,0.0,0.5920822745522314,1818,65448,18,0.2,0.0,0.44215556435759,4.086818024134908e-06,-0.0010219382318084,0.0188034945278943,0.0423207872329918
P,S2,1,5,49.54653948671651,0.169881182665434,0.0,1.0003927550604772,1.4,0.0498493530095087,0.4534605132834883,1.9065368732791557,5.0,1.0,0.2679631104218615,1.2000000000000002,5.0,0.0,0.5920402482368287,699,25164,18,1.0,0.0,0.4671827524758231,-5.266951029639366e-05,-0.0013721302771116,0.0344331250653979,0.0733745294324613
B0,S3,1,5,49.065613232182116,0.4531547705448934,4.0,1.9338898704416405,7.0,0.07396767379343068,0.5882852693923724,5.481536310904408,5.0,0.0,0.4022673903376018,15.0,0.0,0.0,0.0,0,0,0,0.0,0.0,0.22234067326658843,0.0,0.0,0.0,0.0
B1,S3,1,5,49.51666123613546,0.19106716251564493,0.0,1.0003927550604772,1.4000000000000001,0.060088838731496806,0.4802407258261141,2.119191546082198,5.0,1.0,0.29405905553795136,0.20000000000000018,0.0,0.0,0.0,18180,654480,180,1.6,0.0,0.3550563564347991,0.0027801178663356407,0.001476615315667118,0.014779207088650992,0.05218790277998265
B2,S3,1,5,49.5166732784973,0.18400794540413404,0.0,1.0003927550604772,1.4000000000000001,0.04896243972117959,0.47991760271118267,1.9259598243779246,5.0,1.0,0.28376670255562164,0.20000000000000018,0.0,0.0,0.0,1818,65448,18,1.6,0.0,0.352417029703382,-0.0003749664531425556,-0.0002242850399340468,0.004551819815851843,0.010329006073002486
B3,S3,1,5,49.518551934428714,0.18344071035088164,0.0,1.0003927550604772,1.4000000000000001,0.04903766777832602,0.47852046136934945,2.0201422307092836,5.0,1.0,0.2801832176979297,0.20000000000000018,0.0,0.0,0.0,1818,65448,18,1.6,0.0,0.3807241683167412,-9.279715044305248e-05,-0.0002023405058366734,0.0041438132646831605,0.008413400257814627
B4,S3,1,5,49.51758214130162,0.18334077054024384,0.0,1.0003927550604772,1.4000000000000001,0.048967720274569033,0.4792463532716269,1.9399914952456612,5.0,1.0,0.2821136497319085,0.0,0.0,0.0,-0.0027427658337978444,1818,65448,18,1.6,0.0,0.3976731584158854,-4.358139791016402e-05,-8.661867892101327e-05,0.0018658170683920616,0.004304055422903728
B5,S3,1,5,49.517638585718245,0.18332489738691782,0.0,1.0003927550604772,1.4000000000000001,0.04893546312883391,0.47920411897668913,1.943370205143796,5.0,1.0,0.2820090822022527,0.20000000000000018,0.0,0.0,0.0,1818,65448,18,1.6,0.0,0.40110290099097023,-4.1309598379085655e-05,-8.664367840077736e-05,0.0018577722516113226,0.0042835370869866544
P,S3,1,5,49.51874330156317,0.1828415549688199,0.0,1.0003927550604772,1.4000000000000001,0.049021491558618895,0.47830579028482134,1.9286826883766892,5.0,1.0,0.2817452778578807,0.6000000000000005,0.0,0.0,0.0,602,21672,18,1.6,0.0,0.39216739603962014,-0.0005021226716823979,-0.0009353084534211575,0.005682312527156341,0.01562434895859752
B0,S4,1,5,49.06561323218212,0.4531547705448934,4.0,1.9338898704416403,7.0,0.0739676737934306,0.5882852693923724,5.481536310904408,5.0,0.0,0.3989340570042684,0.0,0.0,0.0,0.0,0,0,0,0.0,0.0,0.2778764950481573,0.0,0.0,0.0,0.0
B1,S4,1,5,49.5170006343032,0.1905335285747882,0.0,1.0003927550604772,1.4,0.0600448074642997,0.4799881503704952,2.1088503424017,5.0,1.0,0.2905641647233521,0.0,0.0,0.0,0.0,14260,513360,180,1.6,0.0,0.4883304950498773,0.0018343709354649,0.0010003985993378,0.0092633498254315,0.0344975100856615
B2,S4,1,5,49.51678106607559,0.1838323163535795,0.0,1.0003927550604772,1.4,0.0488747216487871,0.479799867576169,1.9163288624867816,5.0,1.0,0.2799032643335187,0.0,0.0,0.0,0.0,1426,51336,18,1.6,0.0,0.4057879306928232,-0.0005509872870599,-0.0003430439310108,0.0064334465165813,0.0203165958282042
B3,S4,1,5,49.51851649954701,0.1835028512089591,0.0,1.0003927550604772,1.4,0.0490198862737468,0.4785157980978738,2.022177120048536,5.0,1.0,0.2770758644371431,0.0,0.0,0.0,0.0,1426,51336,18,1.6,0.3267326732673267,0.3873636138621913,-2.583663701649641e-05,-0.000197229444204,0.0025248259589218,0.0069459335572751
B4,S4,1,5,49.51753670345914,0.1834019536118526,0.0,1.0003927550604772,1.4,0.0489051390050723,0.4792425366983721,1.9436613044408757,5.0,1.0,0.2785919120824164,0.0,0.0,0.0,-0.0128653056601123,1426,51336,18,1.6,0.3267326732673267,0.4257513564340061,2.0466146673142616e-05,-8.53842538433014e-05,0.002642592004328,0.006769190087094
B5,S4,1,5,49.51759302308208,0.1833830712685773,0.0,1.0003927550604772,1.4,0.0488676042604966,0.4792003957780437,1.9466930727965497,5.0,1.0,0.2784874490902294,0.0,0.0,0.0,0.0,1426,51336,18,1.6,0.3267326732673267,0.455304712868563,1.958143186378547e-05,-8.531587638316296e-05,0.0026408071656192,0.006786069464885
P,S4,1,5,49.51698439435604,0.1835617756246322,0.0,1.0003927550434446,1.4,0.0487899569931245,0.4796038140199243,1.9309682066796527,5.0,1.0,0.2787737939443271,0.0,0.0,0.0,0.0,472,16992,18,1.6,0.4257425742574257,0.3937622376238638,-2.8235247246571893e-05,-8.172813787155064e-05,0.0131688295619838,0.0222279549689481
B0,S5,1,5,49.06561323218212,0.4531547705448934,4.0,1.9338898704416403,7.0,0.0739676737934306,0.5882852693923724,5.481536310904408,5.0,0.0,0.3989340570042684,15.0,0.0,0.0,0.0,0,0,0,0.0,0.0,0.2255483762400947,0.0,0.0,0.0,0.0
B1,S5,1,5,49.512952199175714,0.196556006014692,0.0,1.0003927550604772,1.4,0.060458011697804,0.483137904834777,2.214996731124299,5.0,1.0,0.2925205064005458,15.0,0.0,0.0,0.0,18180,654480,180,0.2,0.0,0.3812509702953267,0.0078568483753687,0.0041501530636196,0.0393105351260771,0.142172368354808
B2,S5,1,5,49.24750010892826,0.368286024201903,0.0,1.0003927550604772,1.4,0.0518161906861113,0.5281829803879603,4.165718690958138,5.0,0.0,0.3430373692741247,15.0,0.0,0.0,0.0,1818,65448,18,0.2,0.0,0.4409585346528017,0.1839027205612635,0.0480400688807804,0.7478278253143387,2.2294255087949866
B3,S5,1,5,49.51671249546685,0.1842146485851644,0.0,1.0003927550604772,1.4,0.0487878904260258,0.4799012248812033,2.0209110818611435,5.0,1.0,0.2774479469080992,15.0,0.0,0.0,0.0,1818,65448,18,0.2,0.0,0.4432682970281627,0.0006859607391888,0.0011881973391254,0.0252781830677264,0.0494806875216425
B4,S5,1,5,49.51525341740656,0.1846618836610466,0.0,1.0003927550604772,1.4,0.0486452256874951,0.4810548840702182,1.9452602161261432,5.0,1.0,0.2794932848635896,0.0,0.0,0.0,-0.0027427940827822,1818,65448,18,0.2,0.0,0.5126039504920309,0.0012803961958671,0.0017269631180028,0.0349079852593376,0.0727562956929005
B5,S5,1,5,49.51742446080205,0.1834145635900659,0.0,1.0003927550604772,1.4,0.0489756430569429,0.4793569424159472,1.943755723955636,5.0,1.0,0.2787775495436509,0.2000000000000001,6.0,0.0,0.6982051479357425,1818,65448,18,0.2,0.0,0.4691144158416568,5.107375335233755e-05,7.123076152026897e-05,0.0039524215716184,0.009187852497552
P,S5,1,5,49.51747756702464,0.1833177830167418,0.0,1.0003927550604772,1.4,0.0489190746114105,0.479284658115894,1.9291162540311133,5.0,1.0,0.2786086568841391,0.6000000000000005,6.0,0.0,0.6796948359896211,598,21528,18,1.0,0.0,0.4533803960407342,-0.0002722278551369,-0.0004008840419018,0.0049663594719149,0.0089601529676308
B0,S6,1,5,49.11678786974664,0.4310175357114717,0.0,1.9338898704416403,7.0,0.0741792007804779,0.5623419323824166,5.215336789611479,5.0,0.0,0.3856027946754292,16.0,0.0,0.0,0.0,0,0,0,0.0,0.0,0.2741154950476046,0.0,0.0,0.0,0.0
B1,S6,1,5,49.546072144286725,0.1771046755039213,0.0,1.0003927550604772,1.4,0.0623234384835686,0.4539278557132746,1.9966085179335653,4.199999999999999,1.0,0.2799309000077314,16.0,0.0,0.0,0.0,18180,654480,180,0.2,0.0,0.4063452475243634,0.0001490907661015,0.0001400530136805,0.0038434515287306,0.0073534747376932
B2,S6,1,5,49.54605525305737,0.166802643144197,0.0,1.0003927550604772,1.4,0.0490885070295321,0.4539447469426321,1.750122244375055,3.8000000000000007,1.0,0.2654138752132822,16.0,0.0,0.0,0.0,1818,65448,18,0.2,0.0,0.4966153960414867,-0.0020999190942817,-0.0014467838663492,0.0331124374805256,0.097702776849573
B3,S6,1,5,49.548429652814846,0.1736549245780471,4.0,1.0003927550604772,1.4,0.0500198707704395,0.4515703471851537,2.1608866294031417,5.0,1.0,0.2633216484287395,16.0,0.0,0.0,0.0,1818,65448,18,0.2,0.0,0.4316792079218502,0.0003249593922903,-0.001007900730805,0.0155988192458735,0.0465030583995975
B4,S6,1,5,49.546544351961245,0.1703124536756556,0.0,1.0003927550604772,1.4,0.049451326135303,0.453455648038755,1.9570129112752304,5.0,1.0,0.2656047540751926,0.0,0.0,0.0,-0.0038976634155482,1818,65448,18,0.2,0.0,0.4596143069305765,0.0001741508882654,-0.0007588839053269,0.0177357315784476,0.0524549449776834
B5,S6,1,5,49.54641137001641,0.1701801237736831,0.0,1.0003927550604772,1.4,0.0494195812399881,0.4535886299835923,1.9405173412462728,5.0,1.0,0.2659224139341388,16.0,0.0,0.0,0.0,1818,65448,18,0.2,0.0,0.4513388217845312,0.0001246217998969,-0.0007943397112413,0.017729995791349,0.0533780551793398
P,S6,1,5,49.546116536126334,0.1697778756749222,0.0,1.0003927550604772,1.4,0.0496418411007785,0.4538834638736659,1.8991213974347096,5.0,1.0,0.2680360283497767,16.0,0.0,0.0,0.0,657,23652,18,1.0,0.0,0.4915962772294265,-0.0001559765008081,-0.000949179686934,0.0219705822296845,0.0514540437514753
B0,S7,1,5,49.11678786974664,0.4310175357114717,0.0,1.9338898704416403,7.0,0.0741792007804779,0.5623419323824166,5.215336789611479,5.0,0.0,0.3856027946754292,16.0,0.0,0.0,0.0,0,0,0,0.0,0.0,0.2480555841601125,0.0,0.0,0.0,0.0
B1,S7,1,5,48.8375249672377,0.5496507422073559,0.0,1.0003927550604772,1.4,0.0789260351981073,0.6386067428434572,6.606867162985893,5.0,0.0,0.4942487959940045,16.0,0.0,0.0,0.0,18180,654480,180,0.2,0.0,0.4972268613870472,0.3726951574695361,0.1848189401438631,1.1860639180074202,4.617514909394752
B2,S7,1,5,48.83678882390505,0.5488132759339727,0.0,1.0003927550604772,1.4,0.0752858324923687,0.6386067428434572,6.529069705116744,5.0,0.0,0.4912289314276682,16.0,0.0,0.0,0.0,1818,65448,18,0.2,0.0,0.5008839702985833,0.3799107136954939,0.1832152120344758,1.1863629516662542,4.814785033754709
B3,S7,1,5,48.83678882390505,0.5443104540179747,4.0,1.0003927550604772,1.4,0.0744570663744976,0.6386067428434572,6.482071254010396,5.0,0.0,0.4852534621173249,16.0,0.0,0.0,0.0,1818,65448,18,0.2,0.0,0.5093138514858215,0.3709804888322179,0.1860284949274984,1.38788635211111,5.059919576333702
B4,S7,1,5,48.91775194234531,0.5256990323668105,0.0,1.0003927550604772,1.4,0.0780121388072257,0.6294589172176188,6.272823741617056,5.0,0.0,0.4733260694380081,0.0,5.0,0.2742574257425743,0.4122366279321827,1818,65448,18,0.2,0.0,0.487253514854661,0.3555607295794203,0.1752443852735368,1.2619036980083322,4.781618531284813
B5,S7,1,5,48.83678882390505,0.546755037515641,0.0,1.0003927550604772,1.4,0.0742594672737094,0.6386067428434572,6.499753624848811,5.0,0.0,0.4887819281820419,3.0,0.0,0.0,0.0059684488782502,1818,65448,18,0.2,0.0,0.4468904059406371,0.3766995355418547,0.1842237731486236,1.349692834049506,5.004459665175676
P,S7,1,5,48.83678882390505,0.5471316105999435,0.0,1.0003927550604772,1.4,0.0742362534764004,0.6386067428434572,6.50919449338229,5.0,0.0,0.4893077101237715,3.0,0.0,0.0,0.0063627307057178,1323,47628,18,1.0,0.0,0.4535306237596502,0.3771977584242131,0.1837740992828571,1.3351117712523788,4.974952229461173
B0,S0,2,5,49.06561323218212,0.4531547705448934,4.0,1.9338898704416403,7.0,0.0739676737934306,0.5882852693923724,5.481536310904408,5.0,0.0,0.4022673903376018,0.0,0.0,0.0,0.0,0,0,0,0.0,0.0,0.2414914752485442,0.0,0.0,0.0,0.0
B1,S0,2,5,49.51857788359011,0.1882745188643931,0.0,1.0003927550604772,1.4,0.0600716647291317,0.4787774156068636,2.07347110889218,4.199999999999999,1.0,0.293772345402804,0.0,0.0,0.0,0.0,18180,654480,180,0.2,0.0,0.3813811386133257,0.0,0.0,0.0,0.0
B2,S0,2,5,49.51648440683732,0.1842000728718895,0.0,1.0003927550604772,1.4,0.0489213377928621,0.4800631092148038,1.9308551642722296,5.0,1.0,0.2838904460987277,0.0,0.0,0.0,0.0,1818,65448,18,0.2,0.0,0.3773533168293064,0.0,0.0,0.0,0.0
B3,S0,2,5,49.518448175756,0.1834750099052856,0.0,1.0003927550604772,1.4,0.0489866817858994,0.478608028012907,2.016718179339177,5.0,1.0,0.280138909422031,0.0,0.0,0.0,0.0,1818,65448,18,0.2,0.0,0.3867943267341436,0.0,0.0,0.0,0.0
B4,S0,2,5,49.51898809272535,0.183744871466199,0.0,1.0003927550604772,1.4,0.048886180610479,0.478181432441886,2.078678094916045,5.0,1.0,0.2794588047019161,0.0,0.0,0.0,-0.0129867435806919,1818,65448,18,0.2,0.0,0.4030651782186126,0.0,0.0,0.0,0.0
B5,S0,2,5,49.51904482704723,0.183769391787788,0.0,1.0003927550604772,1.4,0.0488513144283216,0.4781389812265715,2.082771315535101,5.0,1.0,0.2793586149031447,0.0,0.0,0.0,0.0,1818,65448,18,0.2,0.0,0.4375988910891969,0.0,0.0,0.0,0.0
P,S0,2,5,49.519198512623866,0.1836198883285807,0.0,1.0003927550604772,1.4,0.048979930744954,0.4780539881142474,2.076091294596296,5.0,1.0,0.2798013106871761,0.0,0.0,0.0,0.0,619,22284,18,1.0,0.0,0.420228158413965,0.0,0.0,0.0,0.0
B0,S1,2,5,49.06561323218212,0.4531547705448934,4.0,1.9338898704416403,7.0,0.0739676737934306,0.5882852693923724,5.481536310904408,5.0,0.0,0.3989340570042684,15.0,0.0,0.0,0.0,0,0,0,0.0,0.0,0.2478295544566964,0.0,0.0,0.0,0.0
B1,S1,2,5,49.52208050711663,0.1836070249337603,0.0,1.0003927550604772,1.4,0.0584831805959412,0.4760940406282472,1.9935970738495532,4.0,1.0,0.2855805049679881,15.0,0.0,0.0,0.0,18180,654480,180,0.2,0.0,0.4011714356445484,-0.0050790141808434,-0.0029070162393338,0.0284927336832154,0.1106851763687807
B2,S1,2,5,49.53581006309707,0.1796299243849907,0.0,1.0003927550604772,1.4,0.0541724715462601,0.4641899369029332,1.940319051676868,5.0,1.0,0.269398658420151,15.0,0.0,0.0,0.0,1818,65448,18,0.2,0.0,0.3713075049502252,-0.0045694700986526,-0.0158710257256373,0.3387021835382029,0.7026761553094697
B3,S1,2,5,49.51983063397973,0.1830137378053621,0.0,1.0003927550604772,1.4,0.0491688826073326,0.4775736415850318,2.0197860004426635,5.0,1.0,0.2760667794565837,15.0,0.0,0.0,0.0,1818,65448,18,0.2,0.0,0.3786960198052082,-0.0004619836063972,-0.0010359965937354,0.0186854886606226,0.0388818215036564
B4,S1,2,5,49.52087102835082,0.1831616649208698,0.0,1.0003927550604772,1.4,0.0491919938253775,0.4767726442280988,2.0810036946025297,5.0,1.0,0.2751668037681419,0.0,0.0,0.0,-0.0040068371569574,1818,65448,18,0.2,0.0,0.4295451188110098,-0.0005549649373236,-0.0013378422353582,0.0214141247383992,0.0471476713975434
B5,S1,2,5,49.51909709169373,0.1837824049608493,0.0,1.0003927550604772,1.4,0.0488807310065261,0.4780987441468483,2.0838320058250184,5.0,1.0,0.2756452529584001,0.2000000000000001,9.0,0.0,0.6346278674430297,1818,65448,18,0.2,0.0,0.4195326633670996,3.98915641973141e-05,3.0708898592024525e-05,0.0027531329538845,0.0061020541391179
P,S1,2,5,49.518348603343846,0.1839902143739449,0.0,1.0003927550604772,1.4,0.0487869213462602,0.4786711352576276,2.0754668971147643,5.0,1.0,0.2759642688351346,0.2000000000000001,9.0,0.0,0.645909683181688,666,23976,18,1.0,0.0,0.4477556138604852,-7.39751480754447e-05,-0.0001384890443532,0.007693607367166,0.0139833419810336
B0,S2,2,5,49.11678786974664,0.4310175357114717,0.0,1.9338898704416403,7.0,0.0741792007804779,0.5623419323824166,5.215336789611479,5.0,0.0,0.3856027946754292,16.0,0.0,0.0,0.0,0,0,0,0.0,0.0,0.2498608613866891,0.0,0.0,0.0,0.0
B1,S2,2,5,49.548787982395616,0.1714242789145694,0.0,1.0003927550604772,1.4,0.0619380135887098,0.4512120176043837,1.9105174710555712,4.0,1.0,0.2794595525652702,16.0,0.0,0.0,0.0,18180,654480,180,0.2,0.0,0.3836742871319056,-0.0055229125340093,-0.0025890901916341,0.0328297602755256,0.1199092968770891
B2,S2,2,5,49.5580754497974,0.1670450530101908,0.0,1.0003927550604772,1.4,0.0522837095798102,0.4419245502026001,1.8421788146797933,5.0,1.0,0.2643269524122854,16.0,0.0,0.0,0.0,1818,65448,18,0.2,0.0,0.3962501881201521,-0.0016715810295434,-0.0133644337740648,0.2841026693138602,0.5973647537446786
B3,S2,2,5,49.55185980629429,0.1730793319013806,4.0,1.0003927550604772,1.4,0.0510829839471618,0.4481401937057114,2.161331422459228,5.0,1.0,0.2630427578052336,16.0,0.0,0.0,0.0,1818,65448,18,0.2,0.0,0.435720227725673,-4.805717559147604e-05,-0.0043595201788733,0.0569365145775719,0.1363911630003073
B4,S2,2,5,49.55180442877738,0.1730802232227151,4.0,1.0003927550604772,1.4,0.0506717905718615,0.4481955712226195,2.1580051392508333,5.0,1.0,0.2628203577062103,0.0,0.0,0.0,-0.0053022892776397,1818,65448,18,0.2,0.0,0.4176360495047546,0.0003084946660611,-0.0044253065552766,0.0632061056119965,0.1475745693538058
B5,S2,2,5,49.54843726959364,0.1729147270943921,4.0,1.0003927550604772,1.4,0.0496818060011386,0.4515627304063585,2.129952677341187,5.0,1.0,0.26355550091834,1.0,5.0,0.0,0.5649952484067988,1818,65448,18,0.2,0.0,0.4405231782152216,0.0004664699115311,-0.0012069115550374,0.0235639222954304,0.0532082687887274
P,S2,2,5,49.547756109585976,0.1725767975742131,4.0,1.0003927550604772,1.4,0.0495495188755156,0.4522438904140244,2.112134558004492,5.0,1.0,0.2636824581793436,1.2000000000000002,5.0,0.0,0.5646441015298561,694,24984,18,1.0,0.0,0.4539611683174029,0.0004242987219652,-0.001325586017522,0.0316474388153338,0.0650108022921649
B0,S3,2,5,49.065613232182116,0.4531547705448934,4.0,1.9338898704416405,7.0,0.07396767379343068,0.5882852693923724,5.481536310904408,5.0,0.0,0.4022673903376018,15.0,0.0,0.0,0.0,0,0,0,0.0,0.0,0.2237730297007273,0.0,0.0,0.0,0.0
B1,S3,2,5,49.5211280983624,0.18486302197397964,0.0,1.0003927550604772,1.4000000000000001,0.06012783096452896,0.4768235644775274,2.0213875428415626,4.0,1.0,0.29350260049660626,0.20000000000000018,0.0,0.0,0.0,18180,654480,180,1.6,0.0,0.35265243564431825,-0.0034114968904134513,-0.001953851129336215,0.019280254998342627,0.0680955341998903
B2,S3,2,5,49.515271549689956,0.1860552968810655,0.0,1.0003927550604772,1.4000000000000001,0.048871359905816945,0.4810230571657499,1.9787841760422231,5.0,1.0,0.2847326802639027,0.20000000000000018,0.0,0.0,0.0,1818,65448,18,1.6,0.0,0.3613654950487838,0.0018552240091760097,0.0009599479509461162,0.019900139853717747,0.04792901176999321
B3,S3,2,5,49.517896966652486,0.18367006093679458,0.0,1.0003927550604772,1.4000000000000001,0.04894498692908749,0.47902043893672186,2.01530978562844,5.0,1.0,0.2806718747687045,0.20000000000000018,0.0,0.0,0.0,1818,65448,18,1.6,0.25742574257425743,0.415997693069963,0.0001950510315089915,0.00041241092381483213,0.008622602008031777,0.017889358901085468
B4,S3,2,5,49.518505127684215,0.1838774262144941,0.0,1.0003927550604772,1.4000000000000001,0.04884348269434413,0.47854280890656753,2.0759848567177706,5.0,1.0,0.27987692312907947,0.0,0.0,0.0,-0.004006831652074716,1818,65448,18,1.6,0.25742574257425743,0.4146389999975624,0.0001325547482950995,0.00036137646468153983,0.007384470986778524,0.015436954305475575
B5,S3,2,5,49.51856185538607,0.18389449833373075,0.0,1.0003927550604772,1.4000000000000001,0.048808770320616854,0.47850036264465245,2.0801239935360574,5.0,1.0,0.2797736387621634,0.20000000000000018,0.0,0.0,0.0,1818,65448,18,1.6,0.25742574257425743,0.40399677227739655,0.00012510654594274917,0.0003613814180809527,0.007377236447048574,0.015356295845779043
P,S3,2,5,49.51782516596465,0.18412938776302437,0.0,1.0003927550604772,1.4000000000000001,0.04877592526151864,0.4790593894882562,2.071266436003648,5.0,1.0,0.28065703856501373,0.20000000000000018,0.0,0.0,0.0,602,21672,18,1.6,0.26732673267326734,0.4174855940609722,0.0005094994344436721,0.0010054013740088408,0.023163310935821357,0.04926787382898466
B0,S4,2,5,49.06561323218212,0.4531547705448934,4.0,1.9338898704416403,7.0,0.0739676737934306,0.5882852693923724,5.481536310904408,5.0,0.0,0.3989340570042684,0.0,0.0,0.0,0.0,0,0,0,0.0,0.0,0.2328520693049315,0.0,0.0,0.0,0.0
B1,S4,2,5,49.51908754349267,0.1875954058452851,0.0,1.0003927550604772,1.4,0.0604625510655205,0.4783864556661825,2.063936587246995,4.199999999999999,1.0,0.290788380009927,0.0,0.0,0.0,0.0,14120,508320,180,1.6,0.0,0.3774506831673129,-0.0010906332693187,-0.0006146012013985,0.0060784759900514,0.0229387918870585
B2,S4,2,5,49.51651911978777,0.1842793078198036,0.0,1.0003927550604772,1.4,0.0489127431211211,0.4800338641288135,1.933019829020124,5.0,1.0,0.2803129512083103,0.0,0.0,0.0,0.0,1412,50832,18,1.6,0.0,0.3684395445555193,7.99133361601978e-05,-2.7098499757016725e-05,0.0011908014821599,0.0029869181551163
B3,S4,2,5,49.51822314524748,0.1835878062375,0.0,1.0003927550604774,1.4,0.0490012205460709,0.4787695563543153,2.0159185173919125,5.0,1.0,0.2770925015004946,0.0,0.0,0.0,0.0,1412,50832,18,1.6,0.3267326732673267,0.3896587128687009,0.0001120848257406,0.000159918175548,0.0041240461905331,0.0094814026127117
B4,S4,2,5,49.51901688803379,0.1838260221028238,0.0,1.0003927550604774,1.4,0.0489141379839301,0.4781645771514888,2.082528368947945,5.0,1.0,0.2757974552369707,0.0,0.0,0.0,-0.0125167129319158,1412,50832,18,1.6,0.3267326732673267,0.4238747227744999,0.0001093922446303,5.409068803174932e-05,0.0014395629731112,0.0038635499409942
B5,S4,2,5,49.51907372677764,0.1838678482232447,0.0,1.0003927550604774,1.4,0.0488853650749753,0.4781220478006531,2.0871122123293304,5.0,1.0,0.275697589758562,0.0,0.0,0.0,0.0,1412,50832,18,1.6,0.3267326732673267,0.4159114950477424,0.0001253348265927,5.401255239689817e-05,0.0015344486053194,0.0043043996196416
P,S4,2,5,49.51787034946209,0.1840085832881242,0.0,1.0003927550608287,1.4,0.0489551340702583,0.4791006867173095,2.069608446022084,5.0,1.0,0.2774613963773391,0.0,0.0,0.0,0.0,498,17928,18,1.6,0.4059405940594059,0.3981414455449681,-5.560623389613828e-05,0.0002910624153287,0.0064902568688509,0.0159830502909549
B0,S5,2,5,49.06561323218212,0.4531547705448934,4.0,1.9338898704416403,7.0,0.0739676737934306,0.5882852693923724,5.481536310904408,5.0,0.0,0.3989340570042684,15.0,0.0,0.0,0.0,0,0,0,0.0,0.0,0.2289079405921139,0.0,0.0,0.0,0.0
B1,S5,2,5,49.51151569238661,0.1992945983414747,0.0,1.0003927550604772,1.4,0.0614522546200957,0.4842450147736841,2.264044602216887,5.0,1.0,0.2948377302829379,15.0,0.0,0.0,0.0,18180,654480,180,0.2,0.0,0.3745423663405187,0.0106085592268708,0.0052439579061029,0.051694741194538,0.191677441798626
B2,S5,2,5,48.98068164559444,0.4611931526041163,0.0,1.0003927550604772,1.4,0.0560412620180562,0.5817470138659004,5.117449394445197,5.0,0.0,0.386770932239814,15.0,0.0,0.0,0.0,1818,65448,18,0.2,0.0,0.3720245148506725,0.276993758120473,0.1016860512373298,1.0162361267478062,3.1866021103373914
B3,S5,2,5,49.51604648055035,0.1846229925544149,0.0,1.0003927550604772,1.4,0.0486765488570734,0.4804317055459037,2.0188030189531823,5.0,1.0,0.2777742009765652,15.0,0.0,0.0,0.0,1818,65448,18,0.2,0.0,0.3866310099006609,0.0011472711426555,0.0018220673671365,0.0383410917146562,0.0774984057858844
B4,S5,2,5,49.51601667921869,0.185101570147208,0.0,1.0003927550604772,1.4,0.0484494402275292,0.4804234297717471,2.078895850825764,5.0,1.0,0.2772550881867627,0.0,0.0,0.0,-0.0040068339480238,1818,65448,18,0.2,0.0,0.4142950000020238,0.0013849402890144,0.00231294330829,0.0495450696894863,0.0997510851333259
B5,S5,2,5,49.51909709169373,0.1837824049608493,0.0,1.0003927550604772,1.4,0.0488807310065261,0.4780987441468483,2.0838320058250184,5.0,1.0,0.2756452529584001,0.2000000000000001,6.0,0.0,0.6950537428834975,1818,65448,18,0.2,0.0,0.4182560990125014,3.98915641973141e-05,3.0708898592024525e-05,0.0027531329538845,0.0061020541391179
P,S5,2,5,49.518348603343846,0.1839902143739449,0.0,1.0003927550604772,1.4,0.0487869213462602,0.4786711352576276,2.0754668971147643,5.0,1.0,0.2759642688351346,0.2000000000000001,6.0,0.0,0.7023747791756703,670,24120,18,1.0,0.0,0.4156943267358062,-7.39751480754447e-05,-0.0001384890443532,0.007693607367166,0.0139833419810336
B0,S6,2,5,49.11678786974664,0.4310175357114717,0.0,1.9338898704416403,7.0,0.0741792007804779,0.5623419323824166,5.215336789611479,5.0,0.0,0.3856027946754292,16.0,0.0,0.0,0.0,0,0,0,0.0,0.0,0.2488950594041772,0.0,0.0,0.0,0.0
B1,S6,2,5,49.546020129106914,0.1770634855822597,0.0,1.0003927550604772,1.4,0.0619844720194254,0.453979870893086,1.99181106219474,4.199999999999999,1.0,0.2791043341506485,16.0,0.0,0.0,0.0,18180,654480,180,0.2,0.0,0.3779929801981275,0.0001162941336809,0.0001787630970682,0.0078284137834145,0.0129095257854999
B2,S6,2,5,49.54645618159648,0.1664383822671075,0.0,1.0003927550604772,1.4,0.0488794500888925,0.4535438184035172,1.762645988931642,3.6000000000000014,1.0,0.2641601116123673,16.0,0.0,0.0,0.0,1818,65448,18,0.2,0.0,0.4054196930687029,-0.0022782517726267,-0.0017451655731477,0.0428148163044923,0.1332320486611471
B3,S6,2,5,49.54856235846922,0.1737300223138586,4.0,1.0003927550604772,1.4,0.0500545585018201,0.4514376415307808,2.1656167662023496,5.0,1.0,0.2627228521029786,16.0,0.0,0.0,0.0,1818,65448,18,0.2,0.0,0.4320557128708195,0.0006026332368865,-0.0010620723538039,0.0183781457346015,0.059588906714498
B4,S6,2,5,49.54789019611161,0.1732217464046467,4.0,1.0003927550604772,1.4,0.0493403794570757,0.4521098038883906,2.145629406318507,5.0,1.0,0.2629689239551003,0.0,0.0,0.0,-0.0053022880572406,1818,65448,18,0.2,0.0,0.4176219702971463,0.0004500178479926,-0.0005110738895055,0.012043456835137,0.0372276864942577
B5,S6,2,5,49.54774086458352,0.1729305346228113,4.0,1.0003927550604772,1.4,0.04926844615307,0.452259135416476,2.129100735399216,5.0,1.0,0.2631740195616996,16.0,0.0,0.0,0.0,1818,65448,18,0.2,0.0,0.423609475245318,0.0004822774399503,-0.00051050654492,0.0128275309286465,0.0390793798604335
P,S6,2,5,49.547334237342646,0.1724734549084504,4.0,1.0003927550604772,1.4,0.0492587772638049,0.4526657626573538,2.107610432413249,5.0,1.0,0.263581516346451,16.0,0.0,0.0,0.0,602,21672,18,1.0,0.0,0.4212031980170992,0.0003209560562025,-0.0009037137741927,0.0234606174583191,0.0525302415359256
B0,S7,2,5,49.11678786974664,0.4310175357114717,0.0,1.9338898704416403,7.0,0.0741792007804779,0.5623419323824166,5.215336789611479,5.0,0.0,0.3856027946754292,16.0,0.0,0.0,0.0,0,0,0,0.0,0.0,0.2483567227725438,0.0,0.0,0.0,0.0
B1,S7,2,5,48.846944262662646,0.5488815831151566,0.0,1.0003927550604772,1.4,0.0798032774463047,0.6386067428434572,6.594158771937291,5.0,0.0,0.4921385493435347,16.0,0.0,0.0,0.0,18180,654480,180,0.2,0.0,0.395841267330223,0.3719343916665778,0.1848056350474394,1.1760649546607311,4.605314038369691
B2,S7,2,5,48.83678882390505,0.5488583685485681,0.0,1.0003927550604772,1.4,0.0753743750083559,0.6386067428434572,6.531814167121929,5.0,0.0,0.4913143444167039,16.0,0.0,0.0,0.0,1818,65448,18,0.2,0.0,0.3853384653459468,0.3801417345088337,0.1833177588667922,1.1884031598110951,4.824342316148855
B3,S7,2,5,48.83678882390505,0.5414918353145151,4.0,1.0003927550604772,1.4,0.076086280764958,0.6386067428434572,6.372896346840788,5.0,0.0,0.4736614061755762,16.0,0.0,0.0,0.0,1818,65448,18,0.2,0.0,0.4195127326731903,0.3683644462375429,0.1861070289588724,1.3857650008187008,4.931747014490736
B4,S7,2,5,49.39054877875831,0.2909194179831282,4.0,1.0003927550604772,1.4,0.0578129794660304,0.4873658407377732,3.718465542649168,5.0,0.0,0.3562050321281894,0.0,5.0,0.0,0.7409772366264075,1818,65448,18,0.2,0.0,0.5417317227709484,0.1181476894264742,0.034744962959877,0.6563281912441497,2.250502177359332
B5,S7,2,5,48.83678882390505,0.5420888856212024,4.0,1.0003927550604772,1.4,0.0760500776769074,0.6386067428434572,6.398503961500964,5.0,0.0,0.4757173258376326,3.0,0.0,0.0,0.0049136735982452,1818,65448,18,0.2,0.0,0.5171881980234025,0.3696406284383414,0.1858371008820611,1.37940609394051,4.94154401854912
P,S7,2,5,48.83678882390505,0.5379293108806342,4.0,1.0003927550604772,1.4,0.0725725691695568,0.6386067428434572,6.176339156635862,5.0,0.0,0.443159291707664,16.0,0.0,0.0,0.0,1238,44568,18,1.0,0.0,0.4937421683172204,0.3657768120283863,0.1850372664119106,1.3591695751032304,4.571053133421357
B0,S0,3,5,49.06561323218212,0.4531547705448934,4.0,1.9338898704416403,7.0,0.0739676737934306,0.5882852693923724,5.481536310904408,5.0,0.0,0.4022673903376018,0.0,0.0,0.0,0.0,0,0,0,0.0,0.0,0.2826360000023606,0.0,0.0,0.0,0.0
B1,S0,3,5,49.51855918725203,0.1882484125314595,0.0,1.0003927550604772,1.4,0.0600563116530818,0.478793338106378,2.073092972116925,4.199999999999999,1.0,0.2937619056944341,0.0,0.0,0.0,0.0,18180,654480,180,0.2,0.0,0.5013048019797076,0.0,0.0,0.0,0.0
B2,S0,3,5,49.5165223749738,0.18418416597741,0.0,1.0003927550604772,1.4,0.0489366384283011,0.4800039487445104,1.9292137435824983,5.0,1.0,0.2839625371004611,0.0,0.0,0.0,0.0,1818,65448,18,0.2,0.0,0.4108900891086444,0.0,0.0,0.0,0.0
B3,S0,3,5,49.51825633037679,0.1835303197452377,0.0,1.0003927550604772,1.4,0.0489998117793578,0.4787266178814846,2.0088311038253543,5.0,1.0,0.2807982182791769,0.0,0.0,0.0,0.0,1818,65448,18,0.2,0.0,0.4057601089122123,0.0,0.0,0.0,0.0
B4,S0,3,5,49.51708608208672,0.1835643660452957,0.0,1.0003927550604772,1.4,0.0489106725437121,0.4795942515895817,1.922612092641324,5.0,1.0,0.2828030554150746,0.0,0.0,0.0,-0.0130430299598474,1818,65448,18,0.2,0.0,0.4200499801984256,0.0,0.0,0.0,0.0
B5,S0,3,5,49.51720058497112,0.1834974706599255,0.0,1.0003927550604772,1.4,0.0488670652539307,0.479508575292769,1.9285848121627127,5.0,1.0,0.2825888556875407,0.0,0.0,0.0,0.0,1818,65448,18,0.2,0.0,0.414282504954088,0.0,0.0,0.0,0.0
P,S0,3,5,49.5176764089798,0.1831859190919855,0.0,1.0003927550604772,1.4,0.0489779373179127,0.4791479657166704,1.929415628556434,5.0,1.0,0.2825597476644452,0.0,0.0,0.0,0.0,579,20844,18,1.0,0.0,0.4408050396056868,0.0,0.0,0.0,0.0
B0,S1,3,5,49.06561323218212,0.4531547705448934,4.0,1.9338898704416403,7.0,0.0739676737934306,0.5882852693923724,5.481536310904408,5.0,0.0,0.3989340570042684,15.0,0.0,0.0,0.0,0,0,0,0.0,0.0,0.2349530396029444,0.0,0.0,0.0,0.0
B1,S1,3,5,49.52206181077853,0.1835919826272342,0.0,1.0003927550604772,1.4,0.0584687331962536,0.4761099631277758,1.993455304566804,4.0,1.0,0.2855728561359108,15.0,0.0,0.0,0.0,18180,654480,180,0.2,0.0,0.3958722178176325,-0.0050675068073575,-0.0029070162392983,0.0284754410322563,0.1105860273949843
B2,S1,3,5,49.53581006309707,0.179595764021311,0.0,1.0003927550604772,1.4,0.0541539736539751,0.4641899369029332,1.9386489308287485,5.0,1.0,0.2693231486649132,15.0,0.0,0.0,0.0,1818,65448,18,0.2,0.0,0.3839655247508862,-0.0045877178334013,-0.0158118652553369,0.3376406868115325,0.7016456167935635
B3,S1,3,5,49.51982410280024,0.1829896031684818,0.0,1.0003927550604772,1.4,0.0491607303693572,0.4775535255866501,2.0129072289068146,5.0,1.0,0.276449325175043,15.0,0.0,0.0,0.0,1818,65448,18,0.2,0.0,0.3954390891062803,-0.0005577134928284,-0.0012076874738085,0.0217478746201535,0.0462337171686037
B4,S1,3,5,49.51920006645916,0.1827978636490156,0.0,1.0003927550604772,1.4,0.0490977278463597,0.4780123855424349,1.9280063316020035,5.0,1.0,0.277869501867858,0.0,0.0,0.0,-0.0038587227953058,1818,65448,18,0.2,0.0,0.4181603465368236,-0.0008065030105202,-0.0016389125579436,0.0339402099796188,0.0700318256378423
B5,S1,3,5,49.51721134483018,0.1835739559912619,0.0,1.0003927550604772,1.4,0.0489130790806453,0.4795044019514236,1.929522303925763,5.0,1.0,0.2791188922330587,0.2000000000000001,9.0,0.0,0.6346646394517924,1818,65448,18,0.2,0.0,0.4423573762386974,4.056768198329452e-05,-6.121985056495305e-05,0.002599366224949,0.0058055481165347
P,S1,3,5,49.51705543384668,0.1837007375956885,0.0,1.0003927550604772,1.4,0.0488880812989021,0.4796586934672504,1.936852786904349,5.0,1.0,0.2790226898423182,0.7999999999999998,9.0,0.0,0.6077634129291449,634,22824,18,1.0,0.0,0.4318043960359651,-3.479935009453872e-05,-0.0003425620854429,0.012224986701959,0.0148707750811205
B0,S2,3,5,49.11678786974664,0.4310175357114717,0.0,1.9338898704416403,7.0,0.0741792007804779,0.5623419323824166,5.215336789611479,5.0,0.0,0.3856027946754292,16.0,0.0,0.0,0.0,0,0,0,0.0,0.0,0.2530909603970796,0.0,0.0,0.0,0.0
B1,S2,3,5,49.54877205989608,0.1713953506297393,0.0,1.0003927550604772,1.4,0.0619216250309143,0.4512279401039194,1.909802217969228,4.0,1.0,0.2794479139254968,16.0,0.0,0.0,0.0,18180,654480,180,0.2,0.0,0.3821434752488599,-0.0055140731402641,-0.0025890901916341,0.032735789934911,0.1198567501814359
B2,S2,3,5,49.558036387239255,0.1670447985522428,0.0,1.0003927550604772,1.4,0.0523633928016806,0.4419636127607447,1.8396763498579367,5.0,1.0,0.2644106226788325,16.0,0.0,0.0,0.0,1818,65448,18,0.2,0.0,0.4126039801995281,-0.001639784892623,-0.0132060917170306,0.283652282151202,0.5969587655377259
B3,S2,3,5,49.552215364669074,0.1730080379577219,4.0,1.0003927550604772,1.4,0.0512112240687753,0.447784635330926,2.1600261564009138,5.0,1.0,0.263320823984906,16.0,0.0,0.0,0.0,1818,65448,18,0.2,0.0,0.4089923267300865,-0.0001044691032133,-0.0048068223848787,0.060116450434144,0.1502771215265447
B4,S2,3,5,49.55060026721479,0.1703106882046599,0.0,1.0003927550604772,1.4,0.0508876785551641,0.4493997327852099,1.9607419911196609,5.0,1.0,0.2658746300627233,0.0,0.0,0.0,-0.0050898020122528,1818,65448,18,0.2,0.0,0.458472564355136,0.0002975715758281,-0.0048127224524066,0.08468222839209,0.1927177137045866
B5,S2,3,5,49.546212201417056,0.1700268433918996,0.0,1.0003927550604772,1.4,0.0501709900713481,0.4537877985829439,1.9131024887972976,5.0,1.0,0.2682165606676039,0.6000000000000005,5.0,0.0,0.7079504874291327,1818,65448,18,0.2,0.0,0.503049712868701,7.448728613224098e-05,-0.0005720442001049,0.014909389136605,0.0402080376127983
P,S2,3,5,49.54658661462495,0.1701087157436632,0.0,1.0003927550604772,1.4,0.0501857773615981,0.4534133853750504,1.934152094440444,5.0,1.0,0.2676923006426798,0.6000000000000005,5.0,0.0,0.7031984249536032,670,24120,18,1.0,0.0,0.4423774059414607,-4.139037541756041e-05,-0.0004458050213074,0.0070973600887995,0.0182702083713898
B0,S3,3,5,49.065613232182116,0.4531547705448934,4.0,1.9338898704416405,7.0,0.07396767379343068,0.5882852693923724,5.481536310904408,5.0,0.0,0.4022673903376018,15.0,0.0,0.0,0.0,0,0,0,0.0,0.0,0.24693627722960024,0.0,0.0,0.0,0.0
B1,S3,3,5,49.5211131514293,0.18484237681931703,0.0,1.0003927550604772,1.4000000000000001,0.06010924442894682,0.47683661471769767,2.0211518200616014,4.0,1.0,0.29348038143632316,0.20000000000000018,0.0,0.0,0.0,18180,654480,180,1.6,0.0,0.36612497030033087,-0.003406035712142458,-0.0019567233886803037,0.019291543646950515,0.06808952823869845
B2,S3,3,5,49.515932610241755,0.18509829513173173,0.0,1.0003927550604772,1.4000000000000001,0.04887828654734933,0.48045356354948154,1.9529954830745275,5.0,1.0,0.284117148274365,0.20000000000000018,0.0,0.0,0.0,1818,65448,18,1.6,0.0,0.36283474257360654,0.0009141291543217356,0.0004496148049711324,0.010670528372195065,0.023781739492029167
B3,S3,3,5,49.51804080075079,0.1836126632777306,0.0,1.0003927550604772,1.4000000000000001,0.048943693405912835,0.4788878915306043,2.0092840927948736,5.0,1.0,0.28071364813563177,0.20000000000000018,0.0,0.0,0.0,1818,65448,18,1.6,0.25742574257425743,0.37671177227875347,8.234353249289561e-05,0.00016127364911971975,0.003384257017515324,0.0067146420741011036
B4,S3,3,5,49.51680361194696,0.18371903300805953,0.0,1.0003927550604772,1.4000000000000001,0.04885745821834448,0.47980560081431634,1.922986659083291,5.0,1.0,0.28289798065080113,0.0,0.0,0.0,-0.0038587213135592435,1818,65448,18,1.6,0.25742574257425743,0.3969169702977164,0.00015466696276383862,0.00021134922473464712,0.004869040065038632,0.010382328152440574
B5,S3,3,5,49.516918036006764,0.18363910586974572,0.0,1.0003927550604772,1.4000000000000001,0.048814975047959466,0.47971998349767375,1.9288687646368126,5.0,1.0,0.28268391210589355,0.20000000000000018,0.0,0.0,0.0,1818,65448,18,1.6,0.25742574257425743,0.40906553465109674,0.00014163520982021782,0.00021140820490472834,0.00482841203088924,0.01018826424237744
P,S3,3,5,49.51659254721905,0.1836244281832192,0.0,1.0003927550604772,1.4000000000000001,0.0487703277303032,0.4799782986858361,1.9312866121983419,5.0,1.0,0.2824373180314937,0.8000000000000007,0.0,0.0,0.0,610,21960,18,1.6,0.3069306930693069,0.40390179207978427,0.00043850909123369086,0.0008303329691656813,0.014201158280513937,0.0284582048468195
B0,S4,3,5,49.06561323218212,0.4531547705448934,4.0,1.9338898704416403,7.0,0.0739676737934306,0.5882852693923724,5.481536310904408,5.0,0.0,0.3989340570042684,0.0,0.0,0.0,0.0,0,0,0,0.0,0.0,0.262330188118963,0.0,0.0,0.0,0.0
B1,S4,3,5,49.51896310664868,0.1877807282299593,0.0,1.0003927550604772,1.4,0.0609760417892958,0.4784802959344247,2.066992686033248,4.199999999999999,1.0,0.2923327216950755,0.0,0.0,0.0,0.0,14200,511200,180,1.6,0.0,0.4813609009916306,-0.0008787612046324,-0.0005366834326494,0.0047438285954655,0.0189465402899017
B2,S4,3,5,49.516831941817394,0.1836907569645346,0.0,1.0003927550604772,1.4,0.0488740279927624,0.4797316118765664,1.906800978584105,5.0,1.0,0.2797223431599007,0.0,0.0,0.0,0.0,1420,51120,18,1.6,0.0,0.4230572970318282,-0.0004927248901778,-0.0002701902817037,0.0068061446955383,0.0243974552457693
B3,S4,3,5,49.51818135065461,0.1836005365261187,0.0,1.0003927550605,1.4,0.0490608521934698,0.4787208012555197,2.014771809805312,5.0,1.0,0.2773814724002351,0.0,0.0,0.0,0.0,1420,51120,18,1.6,0.3267326732673267,0.4577399801998788,5.321986480846808e-05,-4.0411804938855767e-05,0.0031166238696727,0.0095298985389504
B4,S4,3,5,49.51718995737809,0.183478520663487,0.0,1.0003927550605,1.4,0.0489483741322591,0.4794663408752768,1.92837400479228,5.0,1.0,0.2791156547080302,0.0,0.0,0.0,-0.0126451176999371,1420,51120,18,1.6,0.3267326732673267,0.4636514356459181,-0.0001258459960488,-0.0001849572251018,0.0055921695960066,0.0178810286584742
B5,S4,3,5,49.51730494405321,0.1834361741503103,0.0,1.0003927550605,1.4,0.0489098590420903,0.4793803025849286,1.93468079112982,5.0,1.0,0.2789005962657612,0.0,0.0,0.0,0.0,1420,51120,18,1.6,0.3267326732673267,0.4969798910904069,-9.72141589682951e-05,-0.0001853192170599,0.0057737152926478,0.0176978285918934
P,S4,3,5,49.51772388331691,0.1832689010491013,0.0,1.0003927550608287,1.4,0.0488066094405216,0.4792055835905202,1.9434853502042797,5.0,1.0,0.27777717959903,0.0,0.0,0.0,0.0,466,16776,18,1.6,0.396039603960396,0.4189923861394172,-0.0004666358966818,-0.0007956719621731,0.0210401655205316,0.0519469556373465
B0,S5,3,5,49.06561323218212,0.4531547705448934,4.0,1.9338898704416403,7.0,0.0739676737934306,0.5882852693923724,5.481536310904408,5.0,0.0,0.3989340570042684,15.0,0.0,0.0,0.0,0,0,0,0.0,0.0,0.259183980197482,0.0,0.0,0.0,0.0
B1,S5,3,5,49.51148543573344,0.199260145029901,0.0,1.0003927550604772,1.4,0.0614353026944839,0.4842730070744281,2.263375979386472,5.0,1.0,0.2948277919191061,15.0,0.0,0.0,0.0,18180,654480,180,0.2,0.0,0.4027243960423436,0.0106006555953092,0.0052560277073538,0.0516305157482932,0.1916743106263375
B2,S5,3,5,48.98164402782994,0.4609776356571582,0.0,1.0003927550604772,1.4,0.0561244753639124,0.5817641877664244,5.115236396079428,5.0,0.0,0.3868558426521608,15.0,0.0,0.0,0.0,1818,65448,18,0.2,0.0,0.3907088217818112,0.2767941538024457,0.1017623856081542,1.0159380955094832,3.1860305621494205
B3,S5,3,5,49.51576128297734,0.1849102507201789,0.0,1.0003927550604772,1.4,0.0486587443546875,0.4806260658862129,2.013591009158304,5.0,1.0,0.2783731530919184,15.0,0.0,0.0,0.0,1818,65448,18,0.2,0.0,0.4071200990096042,0.0013629340588686,0.0018648528257543,0.0399465362927671,0.0832885302518185
B4,S5,3,5,49.51331863338586,0.1869322792254907,0.0,1.0003927550604772,1.4,0.0484833570647867,0.4825449273395463,1.9494327658251536,5.0,1.0,0.281180550485997,0.0,0.0,0.0,-0.0038585687075143,1818,65448,18,0.2,0.0,0.4641663663368499,0.0033279125659548,0.0028936292391676,0.060410561324744,0.1393054663828919
B5,S5,3,5,49.51721134483018,0.1835739559912619,0.0,1.0003927550604772,1.4,0.0489130790806453,0.4795044019514236,1.929522303925763,5.0,1.0,0.2791188922330587,0.2000000000000001,6.0,0.0,0.6949724533381557,1818,65448,18,0.2,0.0,0.4767792673255195,4.056768198329452e-05,-6.121985056495305e-05,0.002599366224949,0.0058055481165347
P,S5,3,5,49.51705543384668,0.1837007375956885,0.0,1.0003927550604772,1.4,0.0488880812989021,0.4796586934672504,1.936852786904349,5.0,1.0,0.2790226898423182,0.7999999999999998,6.0,0.0,0.669383556676455,650,23400,18,1.0,0.0,0.4283604653480351,-3.479935009453872e-05,-0.0003425620854429,0.012224986701959,0.0148707750811205
B0,S6,3,5,49.11678786974664,0.4310175357114717,0.0,1.9338898704416403,7.0,0.0741792007804779,0.5623419323824166,5.215336789611479,5.0,0.0,0.3856027946754292,16.0,0.0,0.0,0.0,0,0,0,0.0,0.0,0.2491752772296575,0.0,0.0,0.0,0.0
B1,S6,3,5,49.546004206607385,0.177024902275597,0.0,1.0003927550604772,1.4,0.0619678709849886,0.4539957933926146,1.9907863553166096,4.199999999999999,1.0,0.2790926955108754,16.0,0.0,0.0,0.0,18180,654480,180,0.2,0.0,0.3866666138627365,0.0001154785055935,0.0001787630970611,0.0078284137834145,0.0129092065489381
B2,S6,3,5,49.5465153420668,0.1664031997366446,0.0,1.0003927550604772,1.4,0.0489444772819814,0.4534846579332026,1.760490377023825,3.6000000000000014,1.0,0.2644507694319672,16.0,0.0,0.0,0.0,1818,65448,18,0.2,0.0,0.4129106732671962,-0.0022813837082213,-0.0016850465445727,0.0430422807525658,0.1344277707004756
B3,S6,3,5,49.54864797924377,0.173764336081329,4.0,1.0003927550604772,1.4,0.0501270719260783,0.4513520207562322,2.165563812518831,5.0,1.0,0.262997813843346,16.0,0.0,0.0,0.0,1818,65448,18,0.2,0.0,0.3995005445581723,0.0006518290203938,-0.0012394369595725,0.0208821135168406,0.0679079018475384
B4,S6,3,5,49.54641856852829,0.1702038298178168,0.0,1.0003927550604772,1.4,0.04951960454199,0.4535814314717115,1.9423508187933587,5.0,1.0,0.2655551244072296,0.0,0.0,0.0,-0.0050900744400622,1818,65448,18,0.2,0.0,0.4236442178213596,0.000190713188985,-0.000631023765905,0.023076750616326,0.059636689194037
B5,S6,3,5,49.54629167826487,0.1700796090109662,0.0,1.0003927550604772,1.4,0.0494888063307809,0.4537083217351352,1.9262985479415715,5.0,1.0,0.2657825849378822,16.0,0.0,0.0,0.0,1818,65448,18,0.2,0.0,0.4371467722770524,0.0001272529051988,-0.0006515210479136,0.0231886765884468,0.0610928427991637
P,S6,3,5,49.54511446892021,0.1702336953168101,0.0,1.0003927550604772,1.4,0.0493207610845287,0.4548569882196176,1.923249394473112,5.0,1.0,0.2663551567567457,16.0,0.0,0.0,0.0,603,21708,18,1.0,0.0,0.4190297722788732,8.358919772938345e-05,0.0009977978232598,0.0258295732720341,0.0592415674027406
B0,S7,3,5,49.11678786974664,0.4310175357114717,0.0,1.9338898704416403,7.0,0.0741792007804779,0.5623419323824166,5.215336789611479,5.0,0.0,0.3856027946754292,16.0,0.0,0.0,0.0,0,0,0,0.0,0.0,0.2519071089103241,0.0,0.0,0.0,0.0
B1,S7,3,5,48.84707824052432,0.5488846417366728,0.0,1.0003927550604772,1.4,0.0797905511475943,0.6386067428434572,6.593701433706132,5.0,0.0,0.492102064133749,16.0,0.0,0.0,0.0,18180,654480,180,0.2,0.0,0.4019923069313561,0.3719752179666694,0.1847897125479036,1.1764732776454423,4.606199611485573
B2,S7,3,5,48.83678882390505,0.5490081555454226,0.0,1.0003927550604772,1.4,0.0754293047367121,0.6386067428434572,6.535164249442879,5.0,0.0,0.4915479348831976,16.0,0.0,0.0,0.0,1818,65448,18,0.2,0.0,0.4033580197990364,0.3803235721005567,0.1834370383656818,1.1889669418953943,4.829326650334759
B3,S7,3,5,48.83678882390505,0.5414904506286214,4.0,1.0003927550604772,1.4,0.0760713056584323,0.6386067428434572,6.371834513538998,5.0,0.0,0.4735578728984533,16.0,0.0,0.0,0.0,1818,65448,18,0.2,0.0,0.4572986237627168,0.3683779435676862,0.1860152851276524,1.3847172168229491,4.9258091947017295
B4,S7,3,5,49.36758217426003,0.3030313743425494,0.0,1.0003927550604772,1.4,0.0583650309276886,0.491776276037811,3.804572102918748,5.0,0.0,0.3618625528256943,0.0,5.0,0.0,0.7411542214806736,1818,65448,18,0.2,0.0,0.5452815940581858,0.1330182577137176,0.0375638208001944,0.6587259494049107,2.2914937029512554
B5,S7,3,5,48.83678882390505,0.5432536288417674,0.0,1.0003927550604772,1.4,0.0756691907603251,0.6386067428434572,6.372756101456027,5.0,0.0,0.4774858253871206,3.0,0.0,0.0,0.0100486259198641,1818,65448,18,0.2,0.0,0.4754623366334451,0.373301272736,0.1842469000604083,1.3457446261167334,4.858376541664737
P,S7,3,5,48.83678882390505,0.5386393804414766,0.0,1.0003927550604772,1.4,0.0736886851776187,0.6386067428434572,6.153360353475547,5.0,0.0,0.4539256806168352,16.0,0.0,0.0,0.0,1247,44892,18,1.0,0.0,0.5361781683166212,0.3684892743223958,0.1847475524470994,1.3598225519498897,4.637018500742814
B0,S0,4,5,49.06561323218212,0.4531547705448934,4.0,1.9338898704416403,7.0,0.0739676737934306,0.5882852693923724,5.481536310904408,5.0,0.0,0.4022673903376018,0.0,0.0,0.0,0.0,0,0,0,0.0,0.0,0.2407272574267757,0.0,0.0,0.0,0.0
B1,S0,4,5,49.5186076908898,0.1881549889338256,0.0,1.0003927550604772,1.4,0.0600650173899127,0.4787541494324543,2.0708296877701438,4.199999999999999,1.0,0.2937821495021792,0.0,0.0,0.0,0.0,18180,654480,180,0.2,0.0,0.3955566930701457,0.0,0.0,0.0,0.0
B2,S0,4,5,49.51655455065629,0.1841453862183545,0.0,1.0003927550604772,1.4,0.0489270553975077,0.4799171207376318,1.9310989720868572,5.0,1.0,0.2838446493745741,0.0,0.0,0.0,0.0,1818,65448,18,0.2,0.0,0.4221904554433782,0.0,0.0,0.0,0.0
B3,S0,4,5,49.51847235848491,0.1834876694681787,0.0,1.0003927550604772,1.4,0.0490086738743195,0.4784918811110756,2.016032805585485,5.0,1.0,0.2805233064590073,0.0,0.0,0.0,0.0,1818,65448,18,0.2,0.0,0.4249906039581445,0.0,0.0,0.0,0.0
B4,S0,4,5,49.518558023959855,0.1836738733848442,0.0,1.0003927550604772,1.4,0.0488763608726531,0.4784219299398131,2.0551922132036125,5.0,1.0,0.2802135491277309,0.0,0.0,0.0,-0.0132975026111904,1818,65448,18,0.2,0.0,0.4597510198013563,0.0,0.0,0.0,0.0
B5,S0,4,5,49.51861005991682,0.1836775332032782,0.0,1.0003927550604772,1.4,0.0488388304251417,0.47838299425608,2.0588367981967743,5.0,1.0,0.2801189161441215,0.0,0.0,0.0,0.0,1818,65448,18,0.2,0.0,0.4524987425746544,0.0,0.0,0.0,0.0
P,S0,4,5,49.51820680035124,0.1835368496077326,0.0,1.0003927550604772,1.4,0.0488818968993802,0.4786896531441513,2.022166931680197,5.0,1.0,0.2813448974252538,0.0,0.0,0.0,0.0,635,22860,18,1.0,0.0,0.4109064752495638,0.0,0.0,0.0,0.0
B0,S1,4,5,49.06561323218212,0.4531547705448934,4.0,1.9338898704416403,7.0,0.0739676737934306,0.5882852693923724,5.481536310904408,5.0,0.0,0.3989340570042684,15.0,0.0,0.0,0.0,0,0,0,0.0,0.0,0.2577345742586001,0.0,0.0,0.0,0.0
B1,S1,4,5,49.5212235259644,0.1846383935634045,0.0,1.0003927550604772,1.4,0.0596706150372265,0.476750057940805,2.0142860046589948,4.0,1.0,0.288457752397102,15.0,0.0,0.0,0.0,18180,654480,180,0.2,0.0,0.4166387524771317,-0.003926935212629,-0.0022277327523809,0.0219605919304868,0.0812676137665419
B2,S1,4,5,49.53563348831172,0.1777304843974634,0.0,1.0003927550604772,1.4,0.0528836351722463,0.4643665116882829,1.9008669655421435,5.0,1.0,0.2709714173980057,15.0,0.0,0.0,0.0,1818,65448,18,0.2,0.0,0.4060813168309485,-0.0064152509370949,-0.0155516328054261,0.3120054764873714,0.6490293793092076
B3,S1,4,5,49.51945939449252,0.1831494905305765,0.0,1.0003927550604772,1.4,0.0491492417493377,0.4777533396292526,2.0183157954746127,5.0,1.0,0.2767318803474741,15.0,0.0,0.0,0.0,1818,65448,18,0.2,0.0,0.3962814455485161,-0.0003581216462228,-0.0007792687728169,0.0148106946589763,0.0301651304199793
B4,S1,4,5,49.51978505021128,0.1832856206574468,0.0,1.0003927550604772,1.4,0.0490656021514136,0.4775039737105331,2.0578534964603548,5.0,1.0,0.2763299715192012,0.0,0.0,0.0,-0.0030829460110676,1818,65448,18,0.2,0.0,0.4408620594079879,-0.0004173953473274,-0.0009826413105571,0.0183357405181538,0.03763810294259
B5,S1,4,5,49.518614429359445,0.1837003531861144,0.0,1.0003927550604772,1.4,0.0488962456040186,0.4783898138050517,2.058554410666326,5.0,1.0,0.276803006624659,0.2000000000000001,9.0,0.0,0.6374733092265553,1818,65448,18,0.2,0.0,0.4967349702950525,-5.109075295911536e-06,-5.786553722231247e-05,0.0028520398356945,0.0066779898846192
P,S1,4,5,49.517523767181245,0.1838030013350389,0.0,1.0003927550604772,1.4,0.0488048933774644,0.479215295183252,2.0220344208277443,5.0,1.0,0.2779725441739754,0.4000000000000003,9.0,0.0,0.632695871478419,641,23076,18,1.0,0.0,0.4383295445537928,0.0001979346861675,0.0003577117305084,0.0171621849808474,0.0320412162566853
B0,S2,4,5,49.11678786974664,0.4310175357114717,0.0,1.9338898704416403,7.0,0.0741792007804779,0.5623419323824166,5.215336789611479,5.0,0.0,0.3856027946754292,16.0,0.0,0.0,0.0,0,0,0,0.0,0.0,0.2875223762392052,0.0,0.0,0.0,0.0
B1,S2,4,5,49.54853333322479,0.1725191703970959,0.0,1.0003927550604772,1.4,0.0621724558851538,0.4514666667752109,1.927620931539048,4.0,1.0,0.2799388762770797,16.0,0.0,0.0,0.0,18180,654480,180,0.2,0.0,0.4213111089106094,-0.0043034688118765,-0.0023111748464117,0.0251771736080641,0.0904283215129318
B2,S2,4,5,49.55553575239794,0.1658170834259594,0.0,1.0003927550604772,1.4,0.051172003181372,0.4444642476020632,1.8029065024008968,5.0,1.0,0.2654688403793209,16.0,0.0,0.0,0.0,1818,65448,18,0.2,0.0,0.4043693366334577,-0.002801174900368,-0.0107025161934259,0.2406032711884549,0.4865277077582283
B3,S2,4,5,49.55159535587311,0.1730571450445255,4.0,1.0003927550604772,1.4,0.0509696493582599,0.4484046441268887,2.157560143871566,5.0,1.0,0.2633773967664158,16.0,0.0,0.0,0.0,1818,65448,18,0.2,0.0,0.4278434059397293,-6.410784775257028e-05,-0.0040750638690809,0.0548567325677495,0.1271269224784368
B4,S2,4,5,49.55111911449321,0.1726763785567056,4.0,1.0003927550604772,1.4,0.0504913950006199,0.4488808855067887,2.1337715809589035,5.0,1.0,0.2633666551032354,0.0,0.0,0.0,-0.0043038346422337,1818,65448,18,0.2,0.0,0.469173980194016,0.0004608640001515,-0.0041973061349054,0.0674393015147458,0.1515524338908242
B5,S2,4,5,49.54826778525897,0.1721470818072167,4.0,1.0003927550604772,1.4,0.0495768319249815,0.4517322147410283,2.092562706722326,5.0,1.0,0.2640010673284228,4.0,5.0,0.0,0.5533229793726289,1818,65448,18,0.2,0.0,0.4440636039632435,0.0003398566353947,-0.0014853468061986,0.0273440198400436,0.0586286762116571
P,S2,4,5,49.54800561529419,0.1715782101247082,4.0,1.0003927550604772,1.4,0.0497174867420235,0.451994384705813,2.058165403289689,5.0,1.0,0.2650520573125596,4.0,5.0,0.0,0.5465476795136485,689,24804,18,1.0,0.0,0.4342236732662797,0.0002107202672985,-0.0007980776297955,0.0171345321570441,0.0292128616058718
B0,S3,4,5,49.065613232182116,0.4531547705448934,4.0,1.9338898704416405,7.0,0.07396767379343068,0.5882852693923724,5.481536310904408,5.0,0.0,0.4022673903376018,15.0,0.0,0.0,0.0,0,0,0,0.0,0.0,0.2285155544563852,0.0,0.0,0.0,0.0
B1,S3,4,5,49.516678743031754,0.19092633661244557,0.0,1.0003927550604772,1.4000000000000001,0.06006512608658198,0.48023219829048713,2.1158362804801114,5.0,1.0,0.2940762704207574,0.20000000000000018,0.0,0.0,0.0,18180,654480,180,1.6,0.0,0.36593270297179525,0.002771347678619973,0.001478048858032821,0.01476411639293218,0.05223213975036956
B2,S3,4,5,49.51672801321875,0.1839032846778232,0.0,1.0003927550604772,1.4000000000000001,0.04895791700816044,0.47978506878465055,1.924746132948251,5.0,1.0,0.28388031129889685,0.20000000000000018,0.0,0.0,0.0,1818,65448,18,1.6,0.0,0.37692020791972497,-0.00024210154053130872,-0.00013205195298127137,0.003091552948113474,0.006612621655064996
B3,S3,4,5,49.51855723139269,0.18345850960979743,0.0,1.0003927550604772,1.4000000000000001,0.049013000367668084,0.47842837546242123,2.0163778304704407,5.0,1.0,0.2804562885535827,0.20000000000000018,0.0,0.0,0.0,1818,65448,18,1.6,0.0,0.3810703960385077,-2.9159858381283543e-05,-6.35056486543717e-05,0.0013122335237127913,0.002672650597295244
B4,S3,4,5,49.51870432171998,0.18362740249309104,0.0,1.0003927550604772,1.4000000000000001,0.04889984950928496,0.4783124688548881,2.0557083834727865,5.0,1.0,0.28017222407853376,0.0,0.0,0.0,-0.0030829440421036303,1818,65448,18,1.6,0.0,0.39109012870972265,-4.647089175316421e-05,-0.00010946108492498885,0.0022745097137288894,0.004523659687228585
B5,S3,4,5,49.51875639778977,0.1836329634675392,0.0,1.0003927550604772,1.4000000000000001,0.04886249431530487,0.4782735031569061,2.05933532327792,5.0,1.0,0.2800783994098217,0.20000000000000018,0.0,0.0,0.0,1818,65448,18,1.6,0.0,0.4067463762409473,-4.456973573899181e-05,-0.00010949109917390842,0.002266122993646036,0.004495792566375199
P,S3,4,5,49.51880638103297,0.18331235866470563,0.0,1.0003927550604772,1.4000000000000001,0.04898988163526672,0.47824128462816873,2.0238492947126625,5.0,1.0,0.2812130930126112,0.40000000000000036,0.0,0.0,0.0,608,21888,18,1.6,0.0,0.4354288019808652,-0.00022449094302695594,-0.0004483685159825668,0.010669898441122427,0.020264983167241714
B0,S4,4,5,49.06561323218212,0.4531547705448934,4.0,1.9338898704416403,7.0,0.0739676737934306,0.5882852693923724,5.481536310904408,5.0,0.0,0.3989340570042684,0.0,0.0,0.0,0.0,0,0,0,0.0,0.0,0.2673748019810548,0.0,0.0,0.0,0.0
B1,S4,4,5,49.51692901375169,0.1906217990461075,0.0,1.0003927550604772,1.4,0.06035084289269,0.480037900642678,2.110276854223289,5.0,1.0,0.2907366389109265,0.0,0.0,0.0,0.0,14240,512640,180,1.6,0.0,0.462972396037165,0.0020564702700739,0.001060109949492,0.0115469127754224,0.040513778927302
B2,S4,4,5,49.51675038705524,0.1838158882701515,0.0,1.0003927550604772,1.4,0.0488648867067345,0.4798485729082458,1.916898089844002,5.0,1.0,0.2798394348167731,0.0,0.0,0.0,0.0,1424,51264,18,1.6,0.0,0.4557608712869719,-0.0003298470644068,-6.957158546327946e-05,0.0046671759132692,0.0147010973200636
B3,S4,4,5,49.51833444189877,0.1835169908343867,0.0,1.0003927550604772,1.4,0.0489848203023602,0.4786609473748768,2.0177902008876125,5.0,1.0,0.276726671202303,0.0,0.0,0.0,0.0,1424,51264,18,1.6,0.2376237623762376,0.4412413465327671,9.37865758743328e-06,0.0001283389728072,0.0013709573354603,0.0042239186419834
B4,S4,4,5,49.51886258854857,0.1836015590300674,0.0,1.0003927550604772,1.4,0.0489494198627985,0.4782587110912999,2.0600959103214107,5.0,1.0,0.2762865838279585,0.0,0.0,0.0,-0.0134818571509742,1424,51264,18,1.6,0.2376237623762376,0.4405603168325427,-0.0001014569747068,-0.0002279039297903,0.0089626804115994,0.0206484347286874
B5,S4,4,5,49.51891446401782,0.1836092872043921,0.0,1.0003927550604772,1.4,0.048910072796823,0.4782198954860561,2.063560169429656,5.0,1.0,0.2761874982524908,0.0,0.0,0.0,0.0,1424,51264,18,1.6,0.2376237623762376,0.5218103069322265,-9.617505701817186e-05,-0.0002277838562179,0.0088374783211122,0.0205122900547721
P,S4,4,5,49.51816702876543,0.1835287676674793,0.0,1.0003927550608287,1.4,0.0488694942420867,0.4788531544424259,2.0304344832585297,5.0,1.0,0.277203069490648,0.0,0.0,0.0,0.0,488,17568,18,1.6,0.4158415841584158,0.381550019798428,-7.629898139202562e-05,-4.4290103176081175e-06,0.0064030130590708,0.0145807426092019
B0,S5,4,5,49.06561323218212,0.4531547705448934,4.0,1.9338898704416403,7.0,0.0739676737934306,0.5882852693923724,5.481536310904408,5.0,0.0,0.3989340570042684,15.0,0.0,0.0,0.0,0,0,0,0.0,0.0,0.2273838514822885,0.0,0.0,0.0,0.0
B1,S5,4,5,49.512965771193024,0.1963840250826482,0.0,1.0003927550604772,1.4,0.0604248329770142,0.4831340057123441,2.211108577460475,5.0,1.0,0.2925323501225882,15.0,0.0,0.0,0.0,18180,654480,180,0.2,0.0,0.3668182871298977,0.0078186963066146,0.004156215019158,0.0392374750430519,0.1420506576169884
B2,S5,4,5,49.25058808549336,0.367265114306432,0.0,1.0003927550604772,1.4,0.0517138487151784,0.5285440922730871,4.156384154378711,5.0,0.0,0.3427844809840164,15.0,0.0,0.0,0.0,1818,65448,18,0.2,0.0,0.3919104257451775,0.1831193789718736,0.048625947779378,0.7471672338558122,2.2252814906993965
B3,S5,4,5,49.51667770236244,0.1842894175728398,0.0,1.0003927550604772,1.4,0.0487696883413168,0.4798442674065342,2.01784012787165,5.0,1.0,0.2777415727293273,15.0,0.0,0.0,0.0,1818,65448,18,0.2,0.0,0.3947333762376315,0.0007818053960404,0.0013116590044646,0.0279820002994313,0.0555353962461012
B4,S5,4,5,49.51635749326638,0.184682218914914,0.0,1.0003927550604772,1.4,0.0485432836185964,0.4800829742255104,2.056588298088782,5.0,1.0,0.2775720483910482,0.0,0.0,0.0,-0.0030829646915391,1818,65448,18,0.2,0.0,0.4183455742593038,0.0009792029101396,0.0015963592044201,0.034477002621287,0.0693408333345885
B5,S5,4,5,49.518614429359445,0.1837003531861144,0.0,1.0003927550604772,1.4,0.0488962456040186,0.4783898138050517,2.058554410666326,5.0,1.0,0.276803006624659,0.2000000000000001,6.0,0.0,0.6983662584651801,1818,65448,18,0.2,0.0,0.4166515445561318,-5.109075295911536e-06,-5.786553722231247e-05,0.0028520398356945,0.0066779898846192
P,S5,4,5,49.517523767181245,0.1838030013350389,0.0,1.0003927550604772,1.4,0.0488048933774644,0.479215295183252,2.0220344208277443,5.0,1.0,0.2779725441739754,0.4000000000000003,6.0,0.0,0.6974882089126218,647,23292,18,1.0,0.0,0.4080452574253466,0.0001979346861675,0.0003577117305084,0.0171621849808474,0.0320412162566853
B0,S6,4,5,49.11678786974664,0.4310175357114717,0.0,1.9338898704416403,7.0,0.0741792007804779,0.5623419323824166,5.215336789611479,5.0,0.0,0.3856027946754292,16.0,0.0,0.0,0.0,0,0,0,0.0,0.0,0.2554934950500982,0.0,0.0,0.0,0.0
B1,S6,4,5,49.54608210536469,0.1769710794764611,0.0,1.0003927550604772,1.4,0.0622900901716536,0.4539178946353104,1.9940320732824508,4.199999999999999,1.0,0.2799483393128744,16.0,0.0,0.0,0.0,18180,654480,180,0.2,0.0,0.3989478316833639,0.0001484402674886,0.0001400530136876,0.0038434515287306,0.0073532664234605
B2,S6,4,5,49.546245202459644,0.1666362866714903,0.0,1.0003927550604772,1.4,0.0491326049907627,0.4537547975403555,1.745400202858174,3.8000000000000007,1.0,0.2653494169651264,16.0,0.0,0.0,0.0,1818,65448,18,0.2,0.0,0.3867471287137077,-0.0019819716548371,-0.0014119662551337,0.0327952467872663,0.0958520070359106
B3,S6,4,5,49.54866870601204,0.1734995031079828,4.0,1.0003927550604772,1.4,0.0500470206330722,0.4513312939879625,2.155950581964572,5.0,1.0,0.2633155525721002,16.0,0.0,0.0,0.0,1818,65448,18,0.2,0.0,0.405867029703676,0.0003782502157047,-0.0011484140080071,0.0196985102354787,0.0539743289921098
B4,S6,4,5,49.54791374236263,0.1726934605063538,4.0,1.0003927550604772,1.4,0.0493560540003248,0.4520862576373687,2.121365575014675,5.0,1.0,0.2635144098321523,0.0,0.0,0.0,-0.0043039409256969,1818,65448,18,0.2,0.0,0.5006925445543109,0.0004779459497997,-0.0009919340043254,0.0213764599838199,0.056220881510088
B5,S6,4,5,49.54777396350952,0.1722928103121099,4.0,1.0003927550604772,1.4,0.04931566471282,0.4522260364904795,2.096770501678261,5.0,1.0,0.2637034783388521,16.0,0.0,0.0,0.0,1818,65448,18,0.2,0.0,0.4716576138637512,0.0004855851402879,-0.0009915250567473,0.0219313595487662,0.0579163910615029
P,S6,4,5,49.54695395848357,0.1713493559657774,4.0,1.0003927550604772,1.4,0.0494340723226774,0.4530460415164299,2.047766607753116,5.0,1.0,0.2651817651723939,16.0,0.0,0.0,0.0,657,23652,18,1.0,0.0,0.4556707326718433,-1.813389163221601e-05,0.0002535791808213,0.0059431185291316,0.0138107392805608
B0,S7,4,5,49.11678786974664,0.4310175357114717,0.0,1.9338898704416403,7.0,0.0741792007804779,0.5623419323824166,5.215336789611479,5.0,0.0,0.3856027946754292,16.0,0.0,0.0,0.0,0,0,0,0.0,0.0,0.2698346435665533,0.0,0.0,0.0,0.0
B1,S7,4,5,48.837622171095646,0.5498931704102626,0.0,1.0003927550604772,1.4,0.0790892591364862,0.6386067428434572,6.615399039482517,5.0,0.0,0.4947216772172858,16.0,0.0,0.0,0.0,18180,654480,180,0.2,0.0,0.4450245841560377,0.3730705312012902,0.1848289012218344,1.1878220156326904,4.629690874863152
B2,S7,4,5,48.83678882390505,0.5489962627475649,0.0,1.0003927550604772,1.4,0.0754049760636674,0.6386067428434572,6.535300915624946,5.0,0.0,0.4915431574441432,16.0,0.0,0.0,0.0,1818,65448,18,0.2,0.0,0.4843188712854525,0.3803780044212373,0.1834399790479679,1.189016474573684,4.829072303264304
B3,S7,4,5,48.83678882390505,0.5445511943487163,4.0,1.0003927550604772,1.4,0.0747450288916565,0.6386067428434572,6.488410248801571,5.0,0.0,0.4859274214041091,16.0,0.0,0.0,0.0,1818,65448,18,0.2,0.0,0.6373504059384046,0.3714299414564382,0.1861270348474875,1.3825920332887025,5.066909998143903
B4,S7,4,5,48.9350771715124,0.5175932788450668,4.0,1.0003927550604772,1.4,0.0798643869203152,0.6249078272625965,6.221143915105847,5.0,0.0,0.4683696054028741,0.0,5.0,0.2742574257425743,0.4070450215215024,1818,65448,18,0.2,0.0,0.436670742574549,0.3453777642885127,0.1718296356209023,1.253217620831201,4.755637689225091
B5,S7,4,5,48.83678882390505,0.5455775334445693,4.0,1.0003927550604772,1.4,0.0746424625903354,0.6386067428434572,6.515658085851364,5.0,0.0,0.4879212269408861,3.0,0.0,0.0,0.0378526394977275,1818,65448,18,0.2,0.0,0.4556377524759137,0.3737703082727472,0.1853891812962302,1.3662245617102258,5.055071312818839
P,S7,4,5,48.83678882390505,0.5458570912591846,4.0,1.0003927550604772,1.4,0.0746303132178925,0.6386067428434572,6.515028315389103,5.0,0.0,0.4882278230117388,3.0,0.0,0.0,0.0402138012152337,1330,47880,18,1.0,0.0,0.436757900987155,0.3744896014017749,0.1858142805078486,1.373409755942269,5.075482893545304
B0,S0,5,5,49.06561323218212,0.4531547705448934,4.0,1.9338898704416403,7.0,0.0739676737934306,0.5882852693923724,5.481536310904408,5.0,0.0,0.4022673903376018,0.0,0.0,0.0,0.0,0,0,0,0.0,0.0,0.2328454851486091,0.0,0.0,0.0,0.0
B1,S0,5,5,49.5186272113546,0.1881749189961156,0.0,1.0003927550604772,1.4,0.0600756275141237,0.4787367866218162,2.0718074146636254,4.199999999999999,1.0,0.2937712254225289,0.0,0.0,0.0,0.0,18180,654480,180,0.2,0.0,0.3882487821786048,0.0,0.0,0.0,0.0
B2,S0,5,5,49.51643373545443,0.1842607307135768,0.0,1.0003927550604772,1.4,0.048923841970826,0.4800574038867609,1.9310425085452725,5.0,1.0,0.2838708197300887,0.0,0.0,0.0,0.0,1818,65448,18,0.2,0.0,0.4101140891071907,0.0,0.0,0.0,0.0
B3,S0,5,5,49.51842788905306,0.183461089762391,0.0,1.0003927550604772,1.4,0.0490569999076197,0.4785899210236906,2.0165644181110087,5.0,1.0,0.2803978569821738,0.0,0.0,0.0,0.0,1818,65448,18,0.2,0.0,0.3937350792070767,0.0,0.0,0.0,0.0
B4,S0,5,5,49.51932953171851,0.1839139786041712,0.0,1.0003927550604772,1.4,0.0489242922915324,0.4779059763046192,2.1010426257981103,5.0,1.0,0.2787337931404657,0.0,0.0,0.0,-0.0131251847853475,1818,65448,18,0.2,0.0,0.4271322376201952,0.0,0.0,0.0,0.0
B5,S0,5,5,49.51939037668084,0.1839421619725559,0.0,1.0003927550604772,1.4,0.0488977972451993,0.4778604493200475,2.1054400849123547,5.0,1.0,0.2786594030933453,0.0,0.0,0.0,0.0,1818,65448,18,0.2,0.0,0.4638629009938392,0.0,0.0,0.0,0.0
P,S0,5,5,49.518529487727086,0.1838734043693551,0.0,1.0003927550604772,1.4,0.0488779241865101,0.4785608888779222,2.084739723339528,5.0,1.0,0.279864725069682,0.0,0.0,0.0,0.0,636,22896,18,1.0,0.0,0.4300814059413572,0.0,0.0,0.0,0.0
B0,S1,5,5,49.06561323218212,0.4531547705448934,4.0,1.9338898704416403,7.0,0.0739676737934306,0.5882852693923724,5.481536310904408,5.0,0.0,0.3989340570042684,15.0,0.0,0.0,0.0,0,0,0,0.0,0.0,0.231509326734493,0.0,0.0,0.0,0.0
B1,S1,5,5,49.52212917452504,0.1835391602963685,0.0,1.0003927550604772,1.4,0.0584299674284792,0.4760537772515363,1.9936766170443387,4.0,1.0,0.2858521359973881,15.0,0.0,0.0,0.0,18180,654480,180,0.2,0.0,0.3990224851471488,-0.0050464258590473,-0.0029066506309973,0.0284712110714338,0.1092114853693118
B2,S1,5,5,49.53581006309707,0.1795890145304382,0.0,1.0003927550604772,1.4,0.0542114113932738,0.4641899369029332,1.9378823483462424,5.0,1.0,0.2694885764313013,15.0,0.0,0.0,0.0,1818,65448,18,0.2,0.0,0.4003456336672886,-0.0046721467740968,-0.0158684907399191,0.3377521990273919,0.7001105127670497
B3,S1,5,5,49.520001820659736,0.1829402943833873,0.0,1.0003927550604772,1.4,0.0492740369481228,0.4774122161238168,2.019884248221704,5.0,1.0,0.2762055113037243,15.0,0.0,0.0,0.0,1818,65448,18,0.2,0.0,0.422779514851169,-0.0005354598934672,-0.0012096005658293,0.0212822700838373,0.0453693552175685
B4,S1,5,5,49.52157751662604,0.183244723310146,0.0,1.0003927550604772,1.4,0.0494608363936943,0.4762239632210097,2.102285217368089,5.0,1.0,0.2745944028864917,0.0,0.0,0.0,0.0176739074002538,1818,65448,18,0.2,0.0,0.4240474455436564,-0.000685734966637,-0.0017195603896595,0.0253975541818149,0.0578385574623815
B5,S1,5,5,49.519291085636524,0.1840645056213225,0.0,1.0003927550604772,1.4,0.0489399601742621,0.4779491338650246,2.108076697808416,5.0,1.0,0.2755304151057741,0.2000000000000001,9.0,0.0,0.6363057900605782,1818,65448,18,0.2,0.0,0.4282368613845878,0.0001064819087943,5.113724004246478e-05,0.0027829386674369,0.0035405792370823
P,S1,5,5,49.51883314827429,0.1839661488362551,0.0,1.0003927550604772,1.4,0.0490249817545954,0.4782896083596952,2.089756560982534,5.0,1.0,0.2769101104161958,0.6000000000000005,9.0,0.0,0.6342816618981618,686,24696,18,1.0,0.0,0.4095978613867652,-0.0002390184645227,-0.0003229242406419,0.0031886134806597,0.008728751122144
B0,S2,5,5,49.11678786974664,0.4310175357114717,0.0,1.9338898704416403,7.0,0.0741792007804779,0.5623419323824166,5.215336789611479,5.0,0.0,0.3856027946754292,16.0,0.0,0.0,0.0,0,0,0,0.0,0.0,0.2774313267340997,0.0,0.0,0.0,0.0
B1,S2,5,5,49.54857812201891,0.1715509145518914,0.0,1.0003927550604772,1.4,0.0618814844281387,0.4514218779810903,1.9121031343552013,4.0,1.0,0.2795639569693238,16.0,0.0,0.0,0.0,18180,654480,180,0.2,0.0,0.3925830693054258,-0.0052839391877771,-0.0023386008298942,0.0323513566837476,0.1162093067435506
B2,S2,5,5,49.55796038030767,0.1670581488673607,0.0,1.0003927550604772,1.4,0.0522254262478716,0.4420396196923306,1.8393943619735291,5.0,1.0,0.2643697783951559,16.0,0.0,0.0,0.0,1818,65448,18,0.2,0.0,0.3893981188141852,-0.0016833740355683,-0.0132674272523374,0.2832747238559463,0.5949152060616731
B3,S2,5,5,49.551765274918026,0.1730687121002966,4.0,1.0003927550604772,1.4,0.0510471357545257,0.4482347250819742,2.1579467113348465,5.0,1.0,0.2631779557878247,16.0,0.0,0.0,0.0,1818,65448,18,0.2,0.0,0.4020243762368247,-8.930488331307385e-05,-0.0044610753108713,0.0587440464387896,0.1401372140593167
B4,S2,5,5,49.5520075243767,0.1731815052200539,4.0,1.0003927550604772,1.4,0.0506979142144329,0.4479924756233018,2.162828237436744,5.0,1.0,0.2627589104296574,0.0,0.0,0.0,0.021358342123923,1818,65448,18,0.2,0.0,0.4300130792063722,0.0001111893647927,-0.0047001741407726,0.0633654990809091,0.1524817624432962
B5,S2,5,5,49.54825467278357,0.1732823507674455,4.0,1.0003927550604772,1.4,0.0496021775315671,0.4517453272164289,2.1366007939052976,5.0,1.0,0.2636140762802482,1.2000000000000002,5.0,0.0,0.5602317444718223,1818,65448,18,0.2,0.0,0.4414981485166604,0.0005942911503521,-0.0011292701430747,0.0252713426815276,0.059065058734172
P,S2,5,5,49.54805127933413,0.1732462714582223,4.0,1.0003927550604772,1.4,0.04972260859043,0.4519487206658681,2.135792988848222,5.0,1.0,0.2643890484739101,1.2000000000000002,5.0,0.0,0.553982906234825,711,25596,18,1.0,0.0,0.4419859901015052,0.0004128217484522,-0.0011494428134781,0.0218299519643849,0.0461277670506568
B0,S3,5,5,49.065613232182116,0.4531547705448934,4.0,1.9338898704416405,7.0,0.07396767379343068,0.5882852693923724,5.481536310904408,5.0,0.0,0.4022673903376018,15.0,0.0,0.0,0.0,0,0,0,0.0,0.0,0.2469721782182376,0.0,0.0,0.0,0.0
B1,S3,5,5,49.51639884637702,0.19139513995242444,0.0,1.0003927550604772,1.4000000000000001,0.060370363806403295,0.48044422879931403,2.1247612468422203,5.0,1.0,0.2947035980113031,0.20000000000000018,0.0,0.0,0.0,18180,654480,180,1.6,0.0,0.39381742574435763,0.0032202209563088335,0.0017074421774978532,0.017092857126101535,0.06047797859181258
B2,S3,5,5,49.51718319505659,0.18321708713174256,0.0,1.0003927550604772,1.4000000000000001,0.04889652723291634,0.47949244575651306,1.9022043856075102,5.0,1.0,0.2830386644486759,0.20000000000000018,0.0,0.0,0.0,1818,65448,18,1.6,0.0,0.37296669306850183,-0.0010436435818342304,-0.0005649581302478168,0.013558934194264793,0.03103566971567772
B3,S3,5,5,49.51876083789191,0.18336152037603498,0.0,1.0003927550604772,1.4000000000000001,0.04906648338067803,0.4783407930304904,2.018350581007219,5.0,1.0,0.27994693085141564,0.20000000000000018,0.0,0.0,0.0,1818,65448,18,1.6,0.25742574257425743,0.396167801983832,-9.95693863560243e-05,-0.0002491279932002044,0.005072712571866589,0.0105349101275614
B4,S3,5,5,49.51987204684258,0.18375183430632439,0.0,1.0003927550604772,1.4000000000000001,0.04901079422903642,0.47750003907410843,2.1023962560292104,5.0,1.0,0.2783503959699074,0.0,0.0,0.0,0.01767391533351159,1818,65448,18,1.6,0.25742574257425743,0.43136230692878164,-0.00016214429784680573,-0.0004059372305107445,0.0063469273544995986,0.015282817939781519
B5,S3,5,5,49.51993292210426,0.18378301429550142,0.0,1.0003927550604772,1.4000000000000001,0.048990999926573096,0.4774544894181645,2.1066780577911537,5.0,1.0,0.2782779563915528,0.20000000000000018,0.0,0.0,0.0,1818,65448,18,1.6,0.25742574257425743,0.46762931682822834,-0.00015914767705446642,-0.000405959901883024,0.006249742507336009,0.015132178997849617
P,S3,5,5,49.51840772443995,0.1839692166020013,0.0,1.0003927550604772,1.4000000000000001,0.04886898594667136,0.4786009109526361,2.085969885331722,5.0,1.0,0.28002379801087124,0.6000000000000005,0.0,0.0,0.0,597,21492,18,1.6,0.297029702970297,0.42512703960413334,9.581223264620853e-05,4.0022074713930156e-05,0.0006609256108660588,0.001614272049237541
B0,S4,5,5,49.06561323218212,0.4531547705448934,4.0,1.9338898704416403,7.0,0.0739676737934306,0.5882852693923724,5.481536310904408,5.0,0.0,0.3989340570042684,0.0,0.0,0.0,0.0,0,0,0,0.0,0.0,0.2397799900998254,0.0,0.0,0.0,0.0
B1,S4,5,5,49.517897525463454,0.1892597051135297,0.0,1.0003927550604772,1.4,0.060686617865332,0.4792967923452167,2.091231319758551,5.0,1.0,0.291318056570611,0.0,0.0,0.0,0.0,13990,503640,180,1.6,0.0,0.4128256237611885,0.0006741189581137,0.000336364462683,0.003785651349375,0.0150910702518892
B2,S4,5,5,49.51629607054776,0.1843371018518538,0.0,1.0003927550604772,1.4,0.0489407450854256,0.4801256045278421,1.934810573008422,5.0,1.0,0.2807571939020852,0.0,0.0,0.0,0.0,1399,50364,18,1.6,0.0,0.4057390594047463,7.59405473187702e-05,6.717688498980579e-05,0.0018057721800133,0.004987046457645
B3,S4,5,5,49.51833492042535,0.1835054656567211,0.0,1.0003927550605,1.4,0.0490697709531781,0.4785931787719306,2.014126785138536,5.0,1.0,0.2774762936465225,0.0,0.0,0.0,0.0,1399,50364,18,1.6,0.3465346534653465,0.4673053465309506,2.97113798664872e-05,-2.863791771545721e-05,0.0022059125960396,0.0050716685473808
B4,S4,5,5,49.51939003345512,0.1838717419758077,0.0,1.0003927550605,1.4,0.0489596101576552,0.4777833355377439,2.098900224347198,5.0,1.0,0.2758456283162958,0.0,0.0,0.0,-0.0132126722377123,1399,50364,18,1.6,0.3465346534653465,0.427564089108327,-5.8716300975397706e-05,-0.0001601880729253,0.0011012278089808,0.0028484929118597
B5,S4,5,5,49.51945060001796,0.1838942357071546,0.0,1.0003927550605,1.4,0.0489238866459202,0.4777380168682725,2.103211489341861,5.0,1.0,0.2757413773397946,0.0,0.0,0.0,0.0,1399,50364,18,1.6,0.3465346534653465,0.4371223069281066,-6.378800537357177e-05,-0.0001599797567095,0.0010588326650022,0.0027331836897879
P,S4,5,5,49.518021298773306,0.1840233409972765,0.0,1.0003927550434446,1.4,0.0487019041828013,0.4790024075999568,2.0800967873601928,5.0,1.0,0.2765839981850809,0.0,0.0,0.0,0.0,491,17676,18,1.6,0.4257425742574257,0.3971328712873175,-0.0001818263035013,0.0003898749996196,0.0153339750125027,0.0262111603406431
B0,S5,5,5,49.06561323218212,0.4531547705448934,4.0,1.9338898704416403,7.0,0.0739676737934306,0.5882852693923724,5.481536310904408,5.0,0.0,0.3989340570042684,15.0,0.0,0.0,0.0,0,0,0,0.0,0.0,0.2374390495031836,0.0,0.0,0.0,0.0
B1,S5,5,5,49.51212381408624,0.1989369052710131,0.0,1.0003927550604772,1.4,0.0615174767832005,0.4837068449836579,2.258282732797344,5.0,1.0,0.2945057026005744,15.0,0.0,0.0,0.0,18180,654480,180,0.2,0.0,0.3796268811849658,0.0103513191155971,0.0047464171011242,0.0513642412002823,0.1880022873780127
B2,S5,5,5,48.98185503414924,0.4607358322087849,0.0,1.0003927550604772,1.4,0.0561851769012747,0.5808082468845441,5.111277359630558,5.0,0.0,0.3863601552013603,15.0,0.0,0.0,0.0,1818,65448,18,0.2,0.0,0.3815368811884393,0.2764746709042498,0.1007498192416918,1.0155733626381718,3.1802299593098
B3,S5,5,5,49.51572401968976,0.1848479815984496,0.0,1.0003927550604772,1.4,0.048714231662357,0.4806471031887227,2.019832158704965,5.0,1.0,0.2782113309795873,15.0,0.0,0.0,0.0,1818,65448,18,0.2,0.0,0.4144221980183856,0.0013722273215949,0.0020252864990766,0.0423390573360222,0.0866895396611212
B4,S5,5,5,49.51565550847528,0.1855876171745978,0.0,1.0003927550604772,1.4,0.0484602542175963,0.4806951486007378,2.1020262818002338,5.0,1.0,0.277272478377438,0.0,0.0,0.0,0.0176739273855037,1818,65448,18,0.2,0.0,0.4157422871289197,0.0016571588978147,0.0027516249900685,0.0559169074342378,0.1144562594363221
B5,S5,5,5,49.519291085636524,0.1840645056213225,0.0,1.0003927550604772,1.4,0.0489399601742621,0.4779491338650246,2.108076697808416,5.0,1.0,0.2755304151057741,0.2000000000000001,6.0,0.0,0.69712051712573,1818,65448,18,0.2,0.0,0.405842574260118,0.0001064819087943,5.113724004246478e-05,0.0027829386674369,0.0035405792370823
P,S5,5,5,49.51883314827429,0.1839661488362551,0.0,1.0003927550604772,1.4,0.0490249817545954,0.4782896083596952,2.089756560982534,5.0,1.0,0.2769101104161958,0.6000000000000005,6.0,0.0,0.6910318208961153,694,24984,18,1.0,0.0,0.4326387425763722,-0.0002390184645227,-0.0003229242406419,0.0031886134806597,0.008728751122144
B0,S6,5,5,49.11678786974664,0.4310175357114717,0.0,1.9338898704416403,7.0,0.0741792007804779,0.5623419323824166,5.215336789611479,5.0,0.0,0.3856027946754292,16.0,0.0,0.0,0.0,0,0,0,0.0,0.0,0.2623685643559631,0.0,0.0,0.0,0.0
B1,S6,5,5,49.54605398303867,0.1769766059085579,0.0,1.0003927550604772,1.4,0.0619483333518454,0.4539460169613321,1.9910202901577223,4.199999999999999,1.0,0.279215578571344,16.0,0.0,0.0,0.0,18180,654480,180,0.2,0.0,0.422052861389296,0.0001417521688893,0.0001855381503474,0.0070991577788106,0.012161258208556
B2,S6,5,5,49.54644439571534,0.1665143753439568,0.0,1.0003927550604772,1.4,0.0488687016834452,0.4535556042846593,1.760544675754226,3.6000000000000014,1.0,0.2640948851038177,16.0,0.0,0.0,0.0,1818,65448,18,0.2,0.0,0.4088114851448595,-0.0022271475589722,-0.0017514426600087,0.0426827917272305,0.1310767660681008
B3,S6,5,5,49.54842305385205,0.1737204345997107,4.0,1.0003927550604772,1.4,0.050036911286523,0.4515769461479522,2.1614520638669914,5.0,1.0,0.2628983699328154,16.0,0.0,0.0,0.0,1818,65448,18,0.2,0.0,0.4465005544540809,0.0005624176161009,-0.0011188542448934,0.0201136557510821,0.0619307154154831
B4,S6,5,5,49.54780441390332,0.1734894773102409,4.0,1.0003927550604772,1.4,0.0493440951448103,0.4521955860966784,2.152797672124903,5.0,1.0,0.2630106906524307,0.0,0.0,0.0,0.0213587182317338,1818,65448,18,0.2,0.0,0.4538164851483359,0.0004191614549797,-0.0004970636673959,0.0125289787566913,0.0384876415139665
B5,S6,5,5,49.54762190157301,0.1731308858043989,4.0,1.0003927550604772,1.4,0.0492741271864127,0.4523780984269905,2.1328079831159044,5.0,1.0,0.2632795505752843,16.0,0.0,0.0,0.0,1818,65448,18,0.2,0.0,0.4653810693066634,0.0004428261873054,-0.0004964989325131,0.0135910575106876,0.0410490555718176
P,S6,5,5,49.54664947717339,0.17295946046611,4.0,1.0003927550604772,1.4,0.0493427677062014,0.4533505228266108,2.122046787712629,5.0,1.0,0.2646123967940181,16.0,0.0,0.0,0.0,628,22608,18,1.0,0.0,0.4486449504946733,0.0001260107563399,0.0002523593472645,0.0062791518946596,0.0179296241730803
B0,S7,5,5,49.11678786974664,0.4310175357114717,0.0,1.9338898704416403,7.0,0.0741792007804779,0.5623419323824166,5.215336789611479,5.0,0.0,0.3856027946754292,16.0,0.0,0.0,0.0,0,0,0,0.0,0.0,0.2538023267298191,0.0,0.0,0.0,0.0
B1,S7,5,5,48.83757779032267,0.5496702003958214,0.0,1.0003927550604772,1.4,0.0789504024281144,0.6386067428434572,6.607511647526931,5.0,0.0,0.4942757283916681,16.0,0.0,0.0,0.0,18180,654480,180,0.2,0.0,0.4887660396042799,0.3728353466561528,0.1848462640324726,1.187392909947263,4.621089803374083
B2,S7,5,5,48.83678882390505,0.5489058081376395,0.0,1.0003927550604772,1.4,0.0750896332096251,0.6386067428434572,6.53124093585363,5.0,0.0,0.4914372983957208,16.0,0.0,0.0,0.0,1818,65448,18,0.2,0.0,0.4729561089136203,0.3801642852347103,0.1832996958987891,1.1889015736552224,4.82483526994438
B3,S7,5,5,48.83678882390505,0.5442952575151235,4.0,1.0003927550604772,1.4,0.0740848514991036,0.6386067428434572,6.47774860675773,5.0,0.0,0.4852172007262991,16.0,0.0,0.0,0.0,1818,65448,18,0.2,0.0,0.4897529108915261,0.3711372405315137,0.1859109424506115,1.3834950671458444,5.0505094474999295
B4,S7,5,5,48.93594487991536,0.5167916417137672,4.0,1.0003927550604772,1.4,0.0794753123562651,0.6243873745188893,6.213850577983653,5.0,0.0,0.4676269559320034,0.0,5.0,0.2742574257425743,0.4119658547861201,1818,65448,18,0.2,0.0,0.56968519802107,0.343721325858506,0.1716947247548148,1.2686353354791606,4.771261145422704
B5,S7,5,5,48.83678882390505,0.5451870316287818,4.0,1.0003927550604772,1.4,0.0742004292978159,0.6386067428434572,6.513584031796608,5.0,0.0,0.4873410423285399,3.0,0.0,0.0,0.0045892275955333,1818,65448,18,0.2,0.0,0.4555075346534878,0.3724989720116883,0.1857321454839535,1.3816371434865928,5.069912662980676
P,S7,5,5,48.83678882390505,0.5385903128968625,4.0,1.0003927550604772,1.4,0.0717402467180002,0.6386067428434572,6.231673680534234,5.0,0.0,0.4545804101940995,16.0,0.0,0.0,0.0,1248,44928,18,1.0,0.0,0.4302634950471485,0.3657568631870924,0.1855085793641109,1.3812755192421662,4.669145792101045
B0,S0,6,5,49.06561323218212,0.4531547705448934,4.0,1.9338898704416403,7.0,0.0739676737934306,0.5882852693923724,5.481536310904408,5.0,0.0,0.4022673903376018,0.0,0.0,0.0,0.0,0,0,0,0.0,0.0,0.2406443564354103,0.0,0.0,0.0,0.0
B1,S0,6,5,49.518567156584965,0.1883120669322534,0.0,1.0003927550604772,1.4,0.0600813397553395,0.478780130512817,2.075416096801053,4.199999999999999,1.0,0.293835289259186,0.0,0.0,0.0,0.0,18180,654480,180,0.2,0.0,0.4006115445557917,0.0,0.0,0.0,0.0
B2,S0,6,5,49.51633333842391,0.1842775658841652,0.0,1.0003927550604772,1.4,0.0489822193938469,0.4802019965731645,1.9327179731227828,5.0,1.0,0.2843811048742887,0.0,0.0,0.0,0.0,1818,65448,18,0.2,0.0,0.379094801980437,0.0,0.0,0.0,0.0
B3,S0,6,5,49.518060631214006,0.1835718072214182,0.0,1.0003927550604772,1.4,0.0490619895470818,0.4788973980036601,2.009351667294122,5.0,1.0,0.2811189561498985,0.0,0.0,0.0,0.0,1818,65448,18,0.2,0.0,0.421049861388653,0.0,0.0,0.0,0.0
B4,S0,6,5,49.516849109195775,0.1836131319069106,0.0,1.0003927550604772,1.4,0.0490037699904183,0.4797959909779621,1.9216665302792235,5.0,1.0,0.2833960380209474,0.0,0.0,0.0,-0.0133771547970366,1818,65448,18,0.2,0.0,0.4247644554441037,0.0,0.0,0.0,0.0
B5,S0,6,5,49.51691616356419,0.1835619099581242,0.0,1.0003927550604772,1.4,0.0489576803288187,0.4797458178316631,1.9232565417108891,5.0,1.0,0.283260588741891,0.0,0.0,0.0,0.0,1818,65448,18,0.2,0.0,0.4337996930675811,0.0,0.0,0.0,0.0
P,S0,6,5,49.51767766335982,0.1831215226868835,0.0,1.0003927550604772,1.4,0.0492362558791202,0.4791861182714356,1.9056799690947244,5.0,1.0,0.2845872961587581,0.0,0.0,0.0,0.0,621,22356,18,1.0,0.0,0.4190264257435911,0.0,0.0,0.0,0.0
B0,S1,6,5,49.06561323218212,0.4531547705448934,4.0,1.9338898704416403,7.0,0.0739676737934306,0.5882852693923724,5.481536310904408,5.0,0.0,0.3989340570042684,15.0,0.0,0.0,0.0,0,0,0,0.0,0.0,0.2355852772266774,0.0,0.0,0.0,0.0
B1,S1,6,5,49.52206978011148,0.183646526137678,0.0,1.0003927550604772,1.4,0.0584940633329712,0.4760967555342077,1.9956092483365464,4.0,1.0,0.2856451679269445,15.0,0.0,0.0,0.0,18180,654480,180,0.2,0.0,0.3744950198022995,-0.0050770360423712,-0.0029070162393196,0.0284826873931294,0.1106215870395842
B2,S1,6,5,49.53581006309707,0.1796169681578882,0.0,1.0003927550604772,1.4,0.054205338373677,0.4641899369029332,1.9398664296886816,5.0,1.0,0.2694984479509255,15.0,0.0,0.0,0.0,1818,65448,18,0.2,0.0,0.3643145841583601,-0.0046609398297351,-0.0160130834262943,0.3383273552875323,0.7033998171404361
B3,S1,6,5,49.51944359394566,0.1831051482041003,0.0,1.0003927550604772,1.4,0.0492264494517682,0.4778626137852271,2.012690690930266,5.0,1.0,0.2768959915981567,15.0,0.0,0.0,0.0,1818,65448,18,0.2,0.0,0.3818474455428178,-0.0004878846445184,-0.0010781417924121,0.0197043191395636,0.0409398014102435
B4,S1,6,5,49.51886277180319,0.1828915859249358,0.0,1.0003927550604772,1.4,0.0491720832278394,0.4782892353122747,1.9263722300906343,5.0,1.0,0.2784147225625126,0.0,0.0,0.0,-0.0030547302187665,1818,65448,18,0.2,0.0,0.4211131287126708,-0.0007293794250186,-0.0015195869749007,0.0318546730388789,0.0642639033802865
B5,S1,6,5,49.516942340011326,0.1835601087775051,0.0,1.0003927550604772,1.4,0.0490173178112884,0.4797311675867775,1.9236245106416128,5.0,1.0,0.2797380104893833,0.2000000000000001,9.0,0.0,0.6347871459433085,1818,65448,18,0.2,0.0,0.4382225841587875,-9.26528540451388e-06,-2.748157086784886e-05,0.002803017474001,0.0070059004874345
P,S1,6,5,49.517015184452376,0.1834745701851467,0.0,1.0003927550604772,1.4,0.0492408781529615,0.4796767743684782,1.9089972360978875,5.0,1.0,0.2814294912516438,0.6000000000000005,9.0,0.0,0.6186706988619113,682,24552,18,1.0,0.0,0.4391832277214784,-0.0003184823139496,-0.0003954730542972,0.003424773869149,0.0077144779200061
B0,S2,6,5,49.11678786974664,0.4310175357114717,0.0,1.9338898704416403,7.0,0.0741792007804779,0.5623419323824166,5.215336789611479,5.0,0.0,0.3856027946754292,16.0,0.0,0.0,0.0,0,0,0,0.0,0.0,0.2853093366307929,0.0,0.0,0.0,0.0
B1,S2,6,5,49.54878526748964,0.1714447069169362,0.0,1.0003927550604772,1.4,0.0619506135004942,0.4512147325103584,1.9115021531634704,4.0,1.0,0.2795182075623293,16.0,0.0,0.0,0.0,18180,654480,180,0.2,0.0,0.4009221188110555,-0.005514892552891,-0.0025890901916056,0.0328266977563274,0.1197833006219745
B2,S2,6,5,49.55793390644615,0.1670887346561763,0.0,1.0003927550604772,1.4,0.0523265222514952,0.4420660935538549,1.8373081577014068,5.0,1.0,0.2647637198755792,16.0,0.0,0.0,0.0,1818,65448,18,0.2,0.0,0.4139142970281214,-0.0016616204129492,-0.013385546077167,0.2842835649116537,0.5987087680048935
B3,S2,6,5,49.55194193047706,0.173096772542084,4.0,1.0003927550604772,1.4,0.0512039207274581,0.4480580695229434,2.160244126252408,5.0,1.0,0.2634333822931755,16.0,0.0,0.0,0.0,1818,65448,18,0.2,0.0,0.4151995940581869,-0.0002071415700366,-0.0046433448302707,0.0559594800092639,0.1400077990650316
B4,S2,6,5,49.550610687694544,0.1706264057382006,0.0,1.0003927550604772,1.4,0.050854303377772,0.4493893123054562,1.9832306052480877,5.0,1.0,0.2657770044150828,0.0,0.0,0.0,-0.0043812004772728,1818,65448,18,0.2,0.0,0.4837669900985245,0.0003326122807726,-0.0048416093352798,0.0788720361056292,0.1805070816529713
B5,S2,6,5,49.546400526382776,0.1703470388468574,0.0,1.0003927550604772,1.4,0.0499841748792165,0.4535994736172242,1.946843447495444,5.0,1.0,0.2676189935654478,0.6000000000000005,5.0,0.0,0.708295534831055,1818,65448,18,0.2,0.0,0.4706227029718059,0.0001099131391282,-0.0007058646956465,0.0125885769641911,0.0380544193379762
P,S2,6,5,49.54697994083077,0.1700597885196648,0.0,1.0003927550604772,1.4,0.0500734441183445,0.4530200591692335,1.9399818890576457,5.0,1.0,0.2677136398152017,0.7999999999999998,5.0,0.0,0.7089816117573535,718,25848,18,1.0,0.0,0.8409456633698668,0.0001061856275118,-0.0002576086276704,0.0083023382951381,0.0140620589199613
B0,S3,6,5,49.065613232182116,0.4531547705448934,4.0,1.9338898704416405,7.0,0.07396767379343068,0.5882852693923724,5.481536310904408,5.0,0.0,0.4022673903376018,15.0,0.0,0.0,0.0,0,0,0,0.0,0.0,0.25729173267061944,0.0,0.0,0.0,0.0
B1,S3,6,5,49.52112337058174,0.1848977456954283,0.0,1.0003927550604772,1.4000000000000001,0.06013764025021814,0.47682168334221586,2.0232780576963445,4.0,1.0,0.29356148242701113,0.20000000000000018,0.0,0.0,0.0,18180,654480,180,1.6,0.0,0.4631858613864475,-0.003414321236825113,-0.0019584471706011186,0.01931424800458359,0.06817143047531857
B2,S3,6,5,49.51610849479362,0.18457536342077838,0.0,1.0003927550604772,1.4000000000000001,0.0488627951331735,0.48038100714290266,1.93842252545004,5.0,1.0,0.283872871098953,0.20000000000000018,0.0,0.0,0.0,1818,65448,18,1.6,0.0,0.37339269307033257,0.00029779753661318686,0.00017901056973818052,0.0035524244380908954,0.009794178402356832
B3,S3,6,5,49.51794925334132,0.18361955920884818,0.0,1.0003927550604772,1.4000000000000001,0.04899326995993649,0.47898073678242525,2.0098135552173186,5.0,1.0,0.2807622572551779,0.20000000000000018,0.0,0.0,0.0,1818,65448,18,1.6,0.25742574257425743,0.4060617821769573,4.7751987429983656e-05,8.333877876515183e-05,0.001738288712815006,0.00402646482706359
B4,S3,6,5,49.51698982291542,0.1835560734777088,0.0,1.0003927550604772,1.4000000000000001,0.04890940496742289,0.4796907029776136,1.9235858075489616,5.0,1.0,0.28257380921927644,0.0,0.0,0.0,-0.003054729780401555,1818,65448,18,1.6,0.25742574257425743,0.4329489603952596,-5.7058429201783945e-05,-0.00010528800034848018,0.0032643168226300645,0.006636147742096908
B5,S3,6,5,49.51705671192501,0.18350855263372587,0.0,1.0003927550604772,1.4000000000000001,0.048864492391168045,0.47964065356036656,1.9251794494696903,5.0,1.0,0.28243864909664335,0.20000000000000018,0.0,0.0,0.0,1818,65448,18,1.6,0.25742574257425743,0.4689854158416415,-5.335732439831764e-05,-0.00010516427129653172,0.0032629137811639453,0.006611099165162669
P,S3,6,5,49.51675701199387,0.18362040004365793,0.0,1.0003927550604772,1.4000000000000001,0.04902070292700007,0.47987928126516977,1.9101407662899101,5.0,1.0,0.28398365666039793,0.6000000000000005,0.0,0.0,0.0,638,22968,18,1.6,0.31683168316831684,0.43933495049209836,0.0004988773567744242,0.0006931629937341754,0.00941771530843738,0.02133814483256841
B0,S4,6,5,49.06561323218212,0.4531547705448934,4.0,1.9338898704416403,7.0,0.0739676737934306,0.5882852693923724,5.481536310904408,5.0,0.0,0.3989340570042684,0.0,0.0,0.0,0.0,0,0,0,0.0,0.0,0.230746524752843,0.0,0.0,0.0,0.0
B1,S4,6,5,49.51851438348505,0.1884590470170117,0.0,1.0003927550604772,1.4,0.0612790450902922,0.4788219907085178,2.081114031029235,4.199999999999999,1.0,0.2931170064812118,0.0,0.0,0.0,0.0,13920,501120,180,1.6,0.0,0.383694079208917,-0.0002645151630375,-0.0001817810650095,0.0075057237403513,0.0104314022574847
B2,S4,6,5,49.51632787191779,0.184196325499344,0.0,1.0003927550604772,1.4,0.048996160730518,0.4802493463021733,1.932968543277043,5.0,1.0,0.2807499776650909,0.0,0.0,0.0,0.0,1392,50112,18,1.6,0.0,0.4066462574252846,-8.158248827933035e-05,4.63259729457377e-05,0.0027339171834981,0.0062889694879807
B3,S4,6,5,49.51772768612413,0.1836231287233603,0.0,1.0003927550605,1.4,0.0490193255577789,0.4791762462438598,2.0050951911671087,5.0,1.0,0.2777321602086853,0.0,0.0,0.0,0.0,1392,50112,18,1.6,0.3564356435643564,0.4114202574242827,3.009587474156472e-05,0.0002354906662205,0.0069428906159245,0.0142884275370583
B4,S4,6,5,49.51671154976251,0.1836479832433855,0.0,1.0003927550605,1.4,0.0489959122446425,0.4799521821962997,1.917123470470399,5.0,1.0,0.2798755686976972,0.0,0.0,0.0,-0.0133175985006169,1392,50112,18,1.6,0.3564356435643564,0.4439979802014878,2.7017893431097173e-05,0.0001433599091242,0.0032658001863765,0.0092776258477492
B5,S4,6,5,49.51677970268451,0.1835943119889457,0.0,1.0003927550605,1.4,0.0489509940464519,0.4799011870595606,1.918810564250616,5.0,1.0,0.2797380415203174,0.0,0.0,0.0,0.0,1392,50112,18,1.6,0.3564356435643564,0.4268943861380549,2.493792603605605e-05,0.0001425379019153,0.0032482498202597,0.0090724335710532
P,S4,6,5,49.51677079898691,0.1836575292507582,0.0,1.0003927550594318,1.4,0.0489089965878589,0.4799388786249068,1.9110337586039512,5.0,1.0,0.2802275282747999,0.0,0.0,0.0,0.0,462,16632,18,1.6,0.4257425742574257,0.3919899900976437,-0.0001355232483382,-0.0001333687978686,0.0061618570452068,0.0072880181229869
B0,S5,6,5,49.06561323218212,0.4531547705448934,4.0,1.9338898704416403,7.0,0.0739676737934306,0.5882852693923724,5.481536310904408,5.0,0.0,0.3989340570042684,15.0,0.0,0.0,0.0,0,0,0,0.0,0.0,0.2330603069326976,0.0,0.0,0.0,0.0
B1,S5,6,5,49.51150242785587,0.1993238850493961,0.0,1.0003927550604772,1.4,0.061463414309014,0.4842503790390395,2.2658225143488404,5.0,1.0,0.294897798741392,15.0,0.0,0.0,0.0,18180,654480,180,0.2,0.0,0.3775174752470523,0.0106003228693468,0.0052466072655121,0.0516887451369214,0.191561263446335
B2,S5,6,5,48.98055313099479,0.4614623686239146,0.0,1.0003927550604772,1.4,0.0561485192045264,0.581550609018791,5.121138612510779,5.0,0.0,0.3872361587710488,15.0,0.0,0.0,0.0,1818,65448,18,0.2,0.0,0.3648905445552012,0.2771844606362912,0.1013475886895634,1.0165259297647251,3.188417058315225
B3,S5,6,5,49.51538989435116,0.1849512252509247,0.0,1.0003927550604772,1.4,0.0487129632256455,0.480950426233214,2.0132968133675235,5.0,1.0,0.2787695221760692,15.0,0.0,0.0,0.0,1818,65448,18,0.2,0.0,0.3866465643582025,0.0013581924023059,0.0020096706555747,0.0404466512887466,0.0835045550361271
B4,S5,6,5,49.512785166696446,0.1871954800106326,0.0,1.0003927550604772,1.4,0.0485378283805472,0.4830126405399966,1.9499310015376048,5.0,1.0,0.2817928090920064,0.0,0.0,0.0,-0.0030547759396156,1818,65448,18,0.2,0.0,0.440748128713125,0.0035745146606782,0.0032038182528211,0.0642823032132184,0.1479852183525593
B5,S5,6,5,49.516942340011326,0.1835601087775051,0.0,1.0003927550604772,1.4,0.0490173178112884,0.4797311675867775,1.9236245106416128,5.0,1.0,0.2797380104893833,0.2000000000000001,6.0,0.0,0.6950108351915748,1818,65448,18,0.2,0.0,0.4329053762385139,-9.26528540451388e-06,-2.748157086784886e-05,0.002803017474001,0.0070059004874345
P,S5,6,5,49.517015184452376,0.1834745701851467,0.0,1.0003927550604772,1.4,0.0492408781529615,0.4796767743684782,1.9089972360978875,5.0,1.0,0.2814294912516438,0.6000000000000005,6.0,0.0,0.676108595874891,694,24984,18,1.0,0.0,0.4165005643564186,-0.0003184823139496,-0.0003954730542972,0.003424773869149,0.0077144779200061
B0,S6,6,5,49.11678786974664,0.4310175357114717,0.0,1.9338898704416403,7.0,0.0741792007804779,0.5623419323824166,5.215336789611479,5.0,0.0,0.3856027946754292,16.0,0.0,0.0,0.0,0,0,0,0.0,0.0,0.2857957623755193,0.0,0.0,0.0,0.0
B1,S6,6,5,49.54601741420098,0.1770735775792169,0.0,1.0003927550604772,1.4,0.0619960817841499,0.453982585799018,1.9926617975227965,4.199999999999999,1.0,0.2791629891477077,16.0,0.0,0.0,0.0,18180,654480,180,0.2,0.0,0.4071926435667907,0.0001139781093896,0.000178763097054,0.0078284137834145,0.0129100056129409
B2,S6,6,5,49.546344459601634,0.1664420907993974,0.0,1.0003927550604772,1.4,0.0488751176542063,0.4536555403983655,1.7577507936418455,3.6000000000000014,1.0,0.2644576237875129,16.0,0.0,0.0,0.0,1818,65448,18,0.2,0.0,0.3934389405957977,-0.002308264269728,-0.0017960992326564,0.0430509627410202,0.1342697054081554
B3,S6,6,5,49.548324091110665,0.1738655278115621,4.0,1.0003927550604772,1.4,0.0501065887092764,0.4516759088893352,2.1652618129630743,5.0,1.0,0.2631714515660909,16.0,0.0,0.0,0.0,1818,65448,18,0.2,0.0,0.4328661980162896,0.0005616136994414,-0.001025505463879,0.0181307982504037,0.0572258313026949
B4,S6,6,5,49.546300502301925,0.1705746360386795,0.0,1.0003927550604772,1.4,0.0494363901238097,0.453699497698075,1.96577888401434,5.0,1.0,0.2654207538934624,0.0,0.0,0.0,-0.0043819103147534,1818,65448,18,0.2,0.0,0.4398826633657543,0.0002808425812515,-0.000531423942661,0.0210516076939271,0.0490914779461405
B5,S6,6,5,49.54624094730597,0.1704990702291961,0.0,1.0003927550604772,1.4,0.049396364019943,0.453759052694032,1.95657767736902,5.0,1.0,0.2655586014015454,16.0,0.0,0.0,0.0,1818,65448,18,0.2,0.0,0.4495294158392192,0.000261944521467,-0.0005462856188387,0.0210897358794213,0.049425598526011
P,S6,6,5,49.5470752391365,0.1704695833010909,0.0,1.0003927550604772,1.4,0.049617312767247,0.4529247608634961,1.9536769163432264,5.0,1.0,0.2660754138591518,16.0,0.0,0.0,0.0,612,22032,18,1.0,0.0,0.4284405445510442,0.0005159804089379,-0.0003529069334078,0.0155300892198155,0.0386673547466067
B0,S7,6,5,49.11678786974664,0.4310175357114717,0.0,1.9338898704416403,7.0,0.0741792007804779,0.5623419323824166,5.215336789611479,5.0,0.0,0.3856027946754292,16.0,0.0,0.0,0.0,0,0,0,0.0,0.0,0.2578037722805044,0.0,0.0,0.0,0.0
B1,S7,6,5,48.84691703899573,0.5489191713699226,0.0,1.0003927550604772,1.4,0.0798408437772547,0.6386067428434572,6.594423069547058,5.0,0.0,0.4921383782508756,16.0,0.0,0.0,0.0,18180,654480,180,0.2,0.0,0.4599294752461892,0.3719595719000954,0.1848029201414931,1.1762186615250556,4.604784769214628
B2,S7,6,5,48.83678882390505,0.5490796324423572,0.0,1.0003927550604772,1.4,0.0752989718037547,0.6386067428434572,6.535879752408564,5.0,0.0,0.4917137601199297,16.0,0.0,0.0,0.0,1818,65448,18,0.2,0.0,0.4190091683157523,0.3803292773732317,0.1831551032124352,1.1882884542560248,4.82869509143692
B3,S7,6,5,48.83678882390505,0.5414953232147952,4.0,1.0003927550604772,1.4,0.0760748867647808,0.6386067428434572,6.371290136157075,5.0,0.0,0.4736367649245639,16.0,0.0,0.0,0.0,1818,65448,18,0.2,0.0,0.4023212673243984,0.3681914091026745,0.185905328490243,1.3885971616427426,4.933784853082334
B4,S7,6,5,49.38149144416239,0.2954226549216728,0.0,1.0003927550604772,1.4,0.0583439156643525,0.4891155507351499,3.723079844348317,5.0,0.0,0.3606726929612464,0.0,5.0,0.0,0.7417183916360734,1818,65448,18,0.2,0.0,0.4304205445526413,0.1251288614642449,0.0348846290944138,0.6381344516793916,2.2319211759927184
B5,S7,6,5,48.83678882390505,0.5431152213079675,0.0,1.0003927550604772,1.4,0.0757560476370131,0.6386067428434572,6.374344977082188,5.0,0.0,0.4774386515712836,3.0,0.0,0.0,0.0096753593669979,1818,65448,18,0.2,0.0,0.4432068613859523,0.3728780956002384,0.1843014045305864,1.3565086875643644,4.887313913729685
P,S7,6,5,48.83678882390505,0.5397514410135016,0.0,1.0003927550604772,1.4,0.0744287135079715,0.6386067428434572,6.2194469351467845,5.0,0.0,0.4620162146346784,16.0,0.0,0.0,0.0,1266,45576,18,1.0,0.0,0.4422643564344026,0.3697978381213486,0.1853290750465532,1.371511518504235,4.738977490410395
B0,S0,7,5,49.06561323218212,0.4531547705448934,4.0,1.9338898704416403,7.0,0.0739676737934306,0.5882852693923724,5.481536310904408,5.0,0.0,0.4022673903376018,0.0,0.0,0.0,0.0,0,0,0,0.0,0.0,0.2287240098991274,0.0,0.0,0.0,0.0
B1,S0,7,5,49.5185425896774,0.1883253184482254,0.0,1.0003927550604772,1.4,0.0600597346410771,0.478795056211112,2.074448149290492,4.199999999999999,1.0,0.2937734193648459,0.0,0.0,0.0,0.0,18180,654480,180,0.2,0.0,0.3880755346535176,0.0,0.0,0.0,0.0
B2,S0,7,5,49.51622691024684,0.1843240895189626,0.0,1.0003927550604772,1.4,0.0488850799967939,0.4803277913620576,1.9344760807862849,5.0,1.0,0.28381001914612,0.0,0.0,0.0,0.0,1818,65448,18,0.2,0.0,0.3928522079185862,0.0,0.0,0.0,0.0
B3,S0,7,5,49.51762015385805,0.183600711507074,0.0,1.0003927550604772,1.4,0.0489138845514901,0.4792414034151022,2.00290888817157,5.0,1.0,0.2808682370057366,0.0,0.0,0.0,0.0,1818,65448,18,0.2,0.0,0.3797684257418464,0.0,0.0,0.0,0.0
B4,S0,7,5,49.51779322649124,0.1836851668296234,0.0,1.0003927550604772,1.4,0.0487985679321277,0.479138616056936,2.03069113797302,5.0,1.0,0.2805509532925088,0.0,0.0,0.0,-0.0129040848000208,1818,65448,18,0.2,0.0,0.414671881184638,0.0,0.0,0.0,0.0
B5,S0,7,5,49.5179094271401,0.1837125011746221,0.0,1.0003927550604772,1.4,0.0487589118899733,0.4790516694150852,2.039875998406328,5.0,1.0,0.2803362451296755,0.0,0.0,0.0,0.0,1818,65448,18,0.2,0.0,0.4519095247526973,0.0,0.0,0.0,0.0
P,S0,7,5,49.518369539142775,0.1838510470633911,0.0,1.0003927550604772,1.4,0.0488603819774179,0.4786731047476209,2.063000007848084,5.0,1.0,0.2802583041903783,0.0,0.0,0.0,0.0,609,21924,18,1.0,0.0,0.408839059407838,0.0,0.0,0.0,0.0
B0,S1,7,5,49.06561323218212,0.4531547705448934,4.0,1.9338898704416403,7.0,0.0739676737934306,0.5882852693923724,5.481536310904408,5.0,0.0,0.3989340570042684,15.0,0.0,0.0,0.0,0,0,0,0.0,0.0,0.2367109405931481,0.0,0.0,0.0,0.0
B1,S1,7,5,49.52204661780311,0.1836465973071077,0.0,1.0003927550604772,1.4,0.0584503060857172,0.4761103309645733,1.9939406160253088,4.0,1.0,0.2855343530511692,15.0,0.0,0.0,0.0,18180,654480,180,0.2,0.0,0.3788294950504453,-0.0050906435112693,-0.0029083665072207,0.0284957614111647,0.1112021937046648
B2,S1,7,5,49.53581006309707,0.1796154034920023,0.0,1.0003927550604772,1.4,0.054164991362272,0.4641899369029332,1.941461679980484,5.0,1.0,0.269404695566068,15.0,0.0,0.0,0.0,1818,65448,18,0.2,0.0,0.3605888514852772,-0.0047079780473852,-0.0161357078728627,0.3385056277422649,0.7065962901447972
B3,S1,7,5,49.51893181147499,0.1831422107105467,0.0,1.0003927550604772,1.4,0.0490880816318142,0.4782599412679289,2.0057130473004223,5.0,1.0,0.2769592164652336,15.0,0.0,0.0,0.0,1818,65448,18,0.2,0.0,0.3884050495051467,-0.0004359422507985,-0.000939747722505,0.0192895364279195,0.0388376308289437
B4,S1,7,5,49.51945550619551,0.1831563336328495,0.0,1.0003927550604772,1.4,0.0490415828665681,0.4778947860970817,2.0352382067613566,5.0,1.0,0.2765564926428567,12.2,0.0,0.0,-0.0086664887864781,1818,65448,18,0.2,0.0,0.4263710099018348,-0.0004805734360092,-0.0011407375672121,0.0216233762736521,0.044450898470005
B5,S1,7,5,49.51785064456906,0.1836837978445665,0.0,1.0003927550604772,1.4,0.0488744413877889,0.479070322939755,2.03694930130952,5.0,1.0,0.2774905428602626,0.2000000000000001,9.0,0.0,0.643424460018261,1818,65448,18,0.2,0.0,0.4261082376255181,1.721183437031204e-05,0.0001217459279203,0.0085154534255948,0.0165999752371881
P,S1,7,5,49.51798668268439,0.1839522445625318,0.0,1.0003927550604772,1.4,0.0488642805799661,0.4789293718300911,2.060701729904404,5.0,1.0,0.2771710915172849,0.2000000000000001,9.0,0.0,0.6462545832197706,635,22860,18,1.0,0.0,0.4221439802010833,1.5729059496455422e-05,0.0001807717889548,0.0107544784224558,0.0185116337525883
B0,S2,7,5,49.11678786974664,0.4310175357114717,0.0,1.9338898704416403,7.0,0.0741792007804779,0.5623419323824166,5.215336789611479,5.0,0.0,0.3856027946754292,16.0,0.0,0.0,0.0,0,0,0,0.0,0.0,0.2543610891086363,0.0,0.0,0.0,0.0
B1,S2,7,5,49.54903455338201,0.1713271784337236,0.0,1.0003927550604772,1.4,0.0619489370989055,0.4509654466179924,1.90935005407556,4.0,1.0,0.2793993862800606,16.0,0.0,0.0,0.0,18180,654480,180,0.2,0.0,0.3889345544569614,-0.0056664493098742,-0.0028533017822596,0.033012639507973,0.1218884240891867
B2,S2,7,5,49.55802135319652,0.1670538355936086,0.0,1.0003927550604772,1.4,0.0523017853955156,0.4419786468034772,1.839324049529383,5.0,1.0,0.2642517572917053,16.0,0.0,0.0,0.0,1818,65448,18,0.2,0.0,0.3837393267324184,-0.0017902748726152,-0.0135632951465041,0.2847587559209756,0.6019195110816027
B3,S2,7,5,49.55178035234556,0.1729049309575769,4.0,1.0003927550604772,1.4,0.0511438472803961,0.4482196476544402,2.152234736438738,5.0,1.0,0.2634829030608565,16.0,0.0,0.0,0.0,1818,65448,18,0.2,0.0,0.4129120990127025,3.0048401386012505e-05,-0.0048186536194734,0.0639419745512555,0.1524238004256715
B4,S2,7,5,49.55147546602496,0.1722831549270329,4.0,1.0003927550604772,1.4,0.0507709808365506,0.4485245339750463,2.1135157668644085,5.0,1.0,0.2636827755972411,13.2,0.0,0.0,-0.0100734760253102,1818,65448,18,0.2,0.0,0.4350455148533632,0.000389009590099,-0.0049573437470158,0.0733166765711601,0.1706935867231855
B5,S2,7,5,49.54766061071852,0.172100421637366,4.0,1.0003927550604772,1.4,0.0497125436753619,0.4523393892814766,2.080946755112746,5.0,1.0,0.2644486650475506,1.2000000000000002,5.0,0.0,0.5594680622791821,1818,65448,18,0.2,0.0,0.423967495047655,0.000443965641892,-0.0012489388472118,0.0237243270305782,0.0580014975852307
P,S2,7,5,49.54767915458874,0.172614237947695,4.0,1.0003927550604772,1.4,0.049761442782579,0.4523208454112577,2.1103177625193394,5.0,1.0,0.2644585075103257,1.2000000000000002,5.0,0.0,0.5656180492936542,696,25056,18,1.0,0.0,0.4394883168322057,0.0002384795301125,-0.0011476014757718,0.0190625890301561,0.0452117104644287
B0,S3,7,5,49.065613232182116,0.4531547705448934,4.0,1.9338898704416405,7.0,0.07396767379343068,0.5882852693923724,5.481536310904408,5.0,0.0,0.4022673903376018,15.0,0.0,0.0,0.0,0,0,0,0.0,0.0,0.23949322772156423,0.0,0.0,0.0,0.0
B1,S3,7,5,49.517881873788546,0.18926773539457287,0.0,1.0003927550604772,1.4000000000000001,0.06027797137777971,0.47930138061350647,2.089422546421295,5.0,1.0,0.2943140801611916,0.20000000000000018,0.0,0.0,0.0,18180,654480,180,1.6,0.0,0.38694833663180134,0.0009424169463474741,0.0005063244023944535,0.005055177552350187,0.01800455365044655
B2,S3,7,5,49.516370949323424,0.1841223925949918,0.0,1.0003927550604772,1.4000000000000001,0.04892429774922402,0.48022000704357737,1.9294148166207465,5.0,1.0,0.28391981146493916,0.20000000000000018,0.0,0.0,0.0,1818,65448,18,1.6,0.0,0.4060741782205417,-0.00020169692397078998,-0.00010778431848024184,0.0026543641941785268,0.005998539351710263
B3,S3,7,5,49.51750774136419,0.18363990153201437,0.0,1.0003927550604772,1.4000000000000001,0.04893356899000035,0.4793255057142005,2.0022389861777223,5.0,1.0,0.28113300755295,0.20000000000000018,0.0,0.0,0.0,1818,65448,18,1.6,0.25742574257425743,0.4249811683153119,3.91900249403776e-05,8.4102299098332e-05,0.001828850110427993,0.004353797257442692
B4,S3,7,5,49.517613362050206,0.1837422923951553,0.0,1.0003927550604772,1.4000000000000001,0.04880756047836953,0.4792731979333098,2.0296642071932696,5.0,1.0,0.28087045575602854,0.20000000000000018,0.0,0.0,-0.008666488611265177,1818,65448,18,1.6,0.25742574257425743,0.42466951485003296,5.71255655318903e-05,0.00013458187637382935,0.0029416972201161684,0.006549939969787742
B5,S3,7,5,49.517729498371914,0.18376473381357752,0.0,1.0003927550604772,1.4000000000000001,0.04876708382918692,0.4791862994239722,2.0384485365918175,5.0,1.0,0.2806558572642078,0.20000000000000018,0.0,0.0,0.0,1818,65448,18,1.6,0.25742574257425743,0.43837766336557504,5.223263895542951e-05,0.00013463000888697119,0.002921978065515418,0.006495330052281642
P,S3,7,5,49.51772055022432,0.18404860657615646,0.0,1.0003927550604794,1.4000000000000001,0.04873565993915579,0.47914372680592265,2.059198680963797,5.0,1.0,0.28026022974346615,0.20000000000000018,0.0,0.0,0.0,588,21168,18,1.6,0.297029702970297,0.4141341782186747,0.00019755951276537176,0.00047062205830172843,0.013857272847907609,0.02708552297627377
B0,S4,7,5,49.06561323218212,0.4531547705448934,4.0,1.9338898704416403,7.0,0.0739676737934306,0.5882852693923724,5.481536310904408,5.0,0.0,0.3989340570042684,0.0,0.0,0.0,0.0,0,0,0,0.0,0.0,0.2661936831701847,0.0,0.0,0.0,0.0
B1,S4,7,5,49.51777065952596,0.1894361184772919,0.0,1.0003927550604772,1.4,0.0603837123976633,0.4793927362404773,2.093444198109298,5.0,1.0,0.2911564403101933,0.0,0.0,0.0,0.0,14270,513720,180,1.6,0.0,0.4770928415850768,0.0006988776589148,0.0003740387686832,0.0034994815488786,0.0147550276076792
B2,S4,7,5,49.516543278662,0.184052806204141,0.0,1.0003927550604772,1.4,0.0489119884674774,0.4799739495011792,1.926723505209432,5.0,1.0,0.2805817218365122,0.0,0.0,0.0,0.0,1427,51372,18,1.6,0.0,0.4137219306907319,-0.0002705753352466,-0.0003516952746167,0.0026060375461725,0.007791451162339
B3,S4,7,5,49.518229893752526,0.1834252387596301,0.0,1.0003927550605,1.4,0.0489852931233219,0.478741805392211,2.0045345969972908,5.0,1.0,0.2774733117775171,0.0,0.0,0.0,0.0,1427,51372,18,1.6,0.3564356435643564,0.5381493267330117,-0.0001529142017151,-0.0004578835982229,0.0074274284017334,0.0158679408365706
B4,S4,7,5,49.51837269305146,0.1835442212902496,0.0,1.0003927550605,1.4,0.0489012728017739,0.4786362475241148,2.033958430313553,5.0,1.0,0.2773595167597797,0.0,0.0,0.0,-0.013207011740015,1427,51372,18,1.6,0.3564356435643564,0.4330201881166791,-9.268577860913064e-05,-0.0003992761401789,0.004984825134187,0.0113450910474313
B5,S4,7,5,49.51848906916738,0.1835627960460792,0.0,1.0003927550605,1.4,0.048861801941681,0.4785491695870476,2.0426137879723925,5.0,1.0,0.2771469971617653,0.0,0.0,0.0,0.0,1427,51372,18,1.6,0.3564356435643564,0.468790693066514,-0.0001037899641169,-0.000399407424787,0.0044317271985931,0.0108694877656432
P,S4,7,5,49.51845304603445,0.1836313487639362,0.0,1.0003927550434446,1.4,0.0487045164460176,0.4786080635217473,2.06016909074442,5.0,1.0,0.2761924241985682,0.0,0.0,0.0,0.0,500,18000,18,1.6,0.4158415841584158,0.4091451584133778,-0.0003051667390991,-0.0001405365193889,0.0142047947076378,0.0211474125641501
B0,S5,7,5,49.06561323218212,0.4531547705448934,4.0,1.9338898704416403,7.0,0.0739676737934306,0.5882852693923724,5.481536310904408,5.0,0.0,0.3989340570042684,15.0,0.0,0.0,0.0,0,0,0,0.0,0.0,0.2436335049505131,0.0,0.0,0.0,0.0
B1,S5,7,5,49.51114888514994,0.1994859739971314,0.0,1.0003927550604772,1.4,0.0614342845100612,0.4845774762100845,2.2670000023891808,5.0,1.0,0.2949445520757573,15.0,0.0,0.0,0.0,18180,654480,180,0.2,0.0,0.3833379405928144,0.0107487331787544,0.0055587787382904,0.0518359450890244,0.1935038049701233
B2,S5,7,5,48.980519099564106,0.4615299188757369,0.0,1.0003927550604772,1.4,0.0560224535337742,0.5818012068043146,5.123222370015327,5.0,0.0,0.3869277914849551,15.0,0.0,0.0,0.0,1818,65448,18,0.2,0.0,0.3676953663373994,0.2772065373363492,0.1014755620285186,1.0162351003618255,3.188754619605961
B3,S5,7,5,49.51547156852382,0.184858321150121,0.0,1.0003927550604772,1.4,0.0486539885382223,0.4808670022176642,2.0064791960224624,5.0,1.0,0.2784795317826862,15.0,0.0,0.0,0.0,1818,65448,18,0.2,0.0,0.4012426237624264,0.0012801681887757,0.0016673132272302,0.0367075600611599,0.0767360112926013
B4,S5,7,5,49.514677863275736,0.1856953437367706,0.0,1.0003927550604772,1.4,0.0483979534456138,0.4815285993593505,2.040238222557868,5.0,1.0,0.2786721958584082,12.2,0.0,0.0,-0.0086668687096316,1818,65448,18,0.2,0.0,0.4087599405952145,0.0020584366679118,0.0024930756950567,0.0542617789883976,0.1166863780031739
B5,S5,7,5,49.51785064456906,0.1836837978445665,0.0,1.0003927550604772,1.4,0.0488744413877889,0.479070322939755,2.03694930130952,5.0,1.0,0.2774905428602626,0.2000000000000001,6.0,0.0,0.7027314497360088,1818,65448,18,0.2,0.0,0.4424930198003476,1.721183437031204e-05,0.0001217459279203,0.0085154534255948,0.0165999752371881
P,S5,7,5,49.51798668268439,0.1839522445625318,0.0,1.0003927550604772,1.4,0.0488642805799661,0.4789293718300911,2.060701729904404,5.0,1.0,0.2771710915172849,0.2000000000000001,6.0,0.0,0.7062616204896428,647,23292,18,1.0,0.0,0.459048445544894,1.5729059496455422e-05,0.0001807717889548,0.0107544784224558,0.0185116337525883
B0,S6,7,5,49.11678786974664,0.4310175357114717,0.0,1.9338898704416403,7.0,0.0741792007804779,0.5623419323824166,5.215336789611479,5.0,0.0,0.3856027946754292,16.0,0.0,0.0,0.0,0,0,0,0.0,0.0,0.2549883663392609,0.0,0.0,0.0,0.0
B1,S6,7,5,49.54599432739701,0.1771035486086388,0.0,1.0003927550604772,1.4,0.061966779348708,0.4540056726029888,1.99213923192664,4.199999999999999,1.0,0.2790664036264006,16.0,0.0,0.0,0.0,18180,654480,180,0.2,0.0,0.395441237625425,0.0001099208650409,0.0001869242027368,0.0081018847851765,0.0132307160892992
B2,S6,7,5,49.546202427717134,0.1664687998596912,0.0,1.0003927550604772,1.4,0.0488952349698096,0.4537975722828662,1.760731062668738,3.6000000000000014,1.0,0.2644245008921234,16.0,0.0,0.0,0.0,1818,65448,18,0.2,0.0,0.4089322772298407,-0.0023753106065327,-0.0017443696671151,0.0433354002212169,0.1364043533713448
B3,S6,7,5,49.5481142812144,0.1735823680310012,4.0,1.0003927550604772,1.4,0.0500712924791376,0.4518857187855971,2.1549850050008272,5.0,1.0,0.2633850579480457,16.0,0.0,0.0,0.0,1818,65448,18,0.2,0.0,0.4074473762386225,0.0007074854748102,-0.0011525824883165,0.0215362085518222,0.066582189722267
B4,S6,7,5,49.54705278597169,0.1723359794403959,4.0,1.0003927550604772,1.4,0.0493845822572518,0.4529472140283133,2.096711217898044,5.0,1.0,0.2641470983947597,13.2,0.0,0.0,-0.0100729398018728,1818,65448,18,0.2,0.0,0.4561705643594689,0.0004418341034621,-0.0005346636937488,0.0146479830107537,0.0410224137252157
B5,S6,7,5,49.54694622959311,0.1720937109031864,4.0,1.0003927550604772,1.4,0.0493471939177832,0.4530537704068891,2.079902653221761,5.0,1.0,0.2642953029557634,16.0,0.0,0.0,0.0,1818,65448,18,0.2,0.0,0.4777385643542897,0.0004372549077124,-0.0005345577217994,0.0151937671038169,0.0418179756954138
P,S6,7,5,49.548027427174354,0.1726936681113001,4.0,1.0003927550604772,1.4,0.0494422335910614,0.451972572825646,2.1189232617256955,5.0,1.0,0.2637158312316773,16.0,0.0,0.0,0.0,617,22212,18,1.0,0.0,0.4351934554452413,0.0003179096937177,-0.0014958740613835,0.0231247689332789,0.0661062787501172
B0,S7,7,5,49.11678786974664,0.4310175357114717,0.0,1.9338898704416403,7.0,0.0741792007804779,0.5623419323824166,5.215336789611479,5.0,0.0,0.3856027946754292,16.0,0.0,0.0,0.0,0,0,0,0.0,0.0,0.250313534652918,0.0,0.0,0.0,0.0
B1,S7,7,5,48.83756659183334,0.5499082943677016,0.0,1.0003927550604772,1.4,0.0790740141391672,0.6386067428434572,6.615134297107865,5.0,0.0,0.4947158711387804,16.0,0.0,0.0,0.0,18180,654480,180,0.2,0.0,0.4548648910911489,0.3729146666241037,0.1847879944432051,1.1864147387870076,4.625408869151946
B2,S7,7,5,48.83678882390505,0.5490246291640642,0.0,1.0003927550604772,1.4,0.0753664244544236,0.6386067428434572,6.536253441687648,5.0,0.0,0.4915913122431801,16.0,0.0,0.0,0.0,1818,65448,18,0.2,0.0,0.3891361386132024,0.3801805186978403,0.1830648008934758,1.1878856853165658,4.825291779166605
B3,S7,7,5,48.83678882390505,0.5446617223345985,4.0,1.0003927550604772,1.4,0.0746570838885997,0.6386067428434572,6.489717176842269,5.0,0.0,0.4861215060771854,16.0,0.0,0.0,0.0,1818,65448,18,0.2,0.0,0.3973199108898343,0.3717868397784076,0.1855684415695435,1.3784385429286488,5.05754554252999
B4,S7,7,5,48.95282929366776,0.5060634777774141,4.0,1.0003927550604772,1.4,0.0757109400387619,0.6257443338361028,6.1103163027438,5.0,0.0,0.4610884755650116,0.0,5.0,0.2792079207920792,0.3591696796419404,1818,65448,18,0.2,0.0,0.4241538217819211,0.3341693324404803,0.1722624561140406,1.1922581426747811,4.648133433015881
B5,S7,7,5,48.83678882390505,0.5457706493616885,4.0,1.0003927550604772,1.4,0.0745726152390675,0.6386067428434572,6.516983177220997,5.0,0.0,0.488261666580695,3.0,0.0,0.0,0.0392982011188814,1818,65448,18,0.2,0.0,0.4292170693084285,0.3741141933662145,0.1850184147147686,1.3693920552193148,5.059323043279744
P,S7,7,5,48.83678882390505,0.545277157014639,4.0,1.0003927550604772,1.4,0.0746824287423308,0.6386067428434572,6.508356286524829,5.0,0.0,0.4875176507157324,3.0,0.0,0.0,0.0364888730824255,1308,47088,18,1.0,0.0,0.4652889009875172,0.3729013985970565,0.1851382959564276,1.3735291537081338,5.061508670815917
B0,S0,8,5,49.06561323218212,0.4531547705448934,4.0,1.9338898704416403,7.0,0.0739676737934306,0.5882852693923724,5.481536310904408,5.0,0.0,0.4022673903376018,0.0,0.0,0.0,0.0,0,0,0,0.0,0.0,0.2364847623764512,0.0,0.0,0.0,0.0
B1,S0,8,5,49.51855713307999,0.1882616937930346,0.0,1.0003927550604772,1.4,0.0600499105696996,0.4787899556112407,2.0723195805434944,4.199999999999999,1.0,0.2937225792461301,0.0,0.0,0.0,0.0,18180,654480,180,0.2,0.0,0.3656716435666612,0.0,0.0,0.0,0.0
B2,S0,8,5,49.51640174575571,0.1842291708604818,0.0,1.0003927550604772,1.4,0.0489518319105828,0.4801827612936904,1.9297368911846695,5.0,1.0,0.2838525452344191,0.0,0.0,0.0,0.0,1818,65448,18,0.2,0.0,0.3853286435640815,0.0,0.0,0.0,0.0
B3,S0,8,5,49.51795672466457,0.1836026080387934,0.0,1.0003927550604772,1.4,0.0490097511429918,0.4790146937869153,2.015891628811498,5.0,1.0,0.2807037435334337,0.0,0.0,0.0,0.0,1818,65448,18,0.2,0.0,0.39298021782556,0.0,0.0,0.0,0.0
B4,S0,8,5,49.51820924401875,0.1837728854871561,0.0,1.0003927550604772,1.4,0.0489180952068182,0.4788324113083817,2.0597168087985422,5.0,1.0,0.2803408863570287,0.0,0.0,0.0,-0.0136041009593635,1818,65448,18,0.2,0.0,0.4186602079226029,0.0,0.0,0.0,0.0
B5,S0,8,5,49.51828366205519,0.1837856262825688,0.0,1.0003927550604772,1.4,0.0488772004604665,0.4787767283287678,2.0644540187711224,5.0,1.0,0.2802028966240409,0.0,0.0,0.0,0.0,1818,65448,18,0.2,0.0,0.4114312277223608,0.0,0.0,0.0,0.0
P,S0,8,5,49.51754298993967,0.1837472019032454,0.0,1.0003927550604772,1.4,0.0488721399930709,0.4793341604992989,2.0355668346861906,5.0,1.0,0.2813418970565389,0.0,0.0,0.0,0.0,568,20448,18,1.0,0.0,0.4114993465342501,0.0,0.0,0.0,0.0
B0,S1,8,5,49.06561323218212,0.4531547705448934,4.0,1.9338898704416403,7.0,0.0739676737934306,0.5882852693923724,5.481536310904408,5.0,0.0,0.3989340570042684,15.0,0.0,0.0,0.0,0,0,0,0.0,0.0,0.2289754752472627,0.0,0.0,0.0,0.0
B1,S1,8,5,49.52205975660645,0.1836021652690217,0.0,1.0003927550604772,1.4,0.0584615295163857,0.4761065806326883,1.9925653947355704,4.0,1.0,0.2855332544087123,15.0,0.0,0.0,0.0,18180,654480,180,0.2,0.0,0.383549673264641,-0.0050710000718904,-0.0029070162392912,0.0284779603019345,0.1105940570971618
B2,S1,8,5,49.53581006309707,0.1795907096315668,0.0,1.0003927550604772,1.4,0.0541739954679986,0.4641899369029332,1.9391238346929356,5.0,1.0,0.2693254525025552,15.0,0.0,0.0,0.0,1818,65448,18,0.2,0.0,0.3879609504957164,-0.0046377863274232,-0.0159906778045524,0.3387095314687869,0.7027373214967132
B3,S1,8,5,49.519397045543855,0.1831331219082702,0.0,1.0003927550604772,1.4,0.0491854012977189,0.4779369290356499,2.020173070574374,5.0,1.0,0.2765885281978389,15.0,0.0,0.0,0.0,1818,65448,18,0.2,0.0,0.4351399802004326,-0.0004798168807461,-0.0010981925133037,0.0215103307961257,0.0437964471562331
B4,S1,8,5,49.52007091893167,0.1831998555251167,0.0,1.0003927550604772,1.4,0.0491691945264287,0.4774393933587859,2.063975753736861,5.0,1.0,0.2760970802352402,0.0,0.0,0.0,-0.0027794227835334,1818,65448,18,0.2,0.0,0.3990424356428289,-0.0006121079380517,-0.0014799817481758,0.0267149505561477,0.0557471575644221
B5,S1,8,5,49.5181597978266,0.1838264116302116,0.0,1.0003927550604772,1.4,0.048921009668041,0.4788737854170293,2.063794512496309,5.0,1.0,0.2768700083287649,0.2000000000000001,9.0,0.0,0.6344500532086568,1818,65448,18,0.2,0.0,0.4156668910897255,3.977537892912997e-06,1.0093290853774306e-05,0.0028709218470623,0.0071126145180791
P,S1,8,5,49.516714075776974,0.1842362586214614,0.0,1.0003927550604772,1.4,0.0487987419547126,0.4799331103209923,2.0379229418788407,5.0,1.0,0.2781852461754044,0.6000000000000005,9.0,0.0,0.6193226574994097,646,23256,18,1.0,0.0,0.4133502475224754,-0.0001006962858182,-0.0002278466034795,0.0036685381491778,0.0048127133285468
B0,S2,8,5,49.11678786974664,0.4310175357114717,0.0,1.9338898704416403,7.0,0.0741792007804779,0.5623419323824166,5.215336789611479,5.0,0.0,0.3856027946754292,16.0,0.0,0.0,0.0,0,0,0,0.0,0.0,0.2466831386138239,0.0,0.0,0.0,0.0
B1,S2,8,5,49.5487754423912,0.1714165805209719,0.0,1.0003927550604772,1.4,0.061916515218271,0.4512245576087963,1.909867137474577,4.0,1.0,0.2793946098103262,16.0,0.0,0.0,0.0,18180,654480,180,0.2,0.0,0.4190629801996692,-0.0055176882384792,-0.0025890901916199,0.032868448581631,0.1198684668369416
B2,S2,8,5,49.55787660473679,0.1670836685357229,0.0,1.0003927550604772,1.4,0.0522317860681771,0.4421233952632093,1.8426896786848144,5.0,1.0,0.2643700937789706,16.0,0.0,0.0,0.0,1818,65448,18,0.2,0.0,0.3953524356433317,-0.0016799870989817,-0.0131803186418935,0.2847821477406569,0.5986481695680622
B3,S2,8,5,49.551708297088254,0.1730986066410571,4.0,1.0003927550604772,1.4,0.0510643248776443,0.4482917029117459,2.1618358695980806,5.0,1.0,0.2630098822439651,16.0,0.0,0.0,0.0,1818,65448,18,0.2,0.0,0.3972259504969248,1.1907437504510288e-05,-0.0046557457372173,0.0623449250875012,0.148654912283419
B4,S2,8,5,49.55130816545921,0.1725521707089593,4.0,1.0003927550604772,1.4,0.050654107063813,0.4486918345407886,2.127122082372162,5.0,1.0,0.263266543379413,0.0,0.0,0.0,-0.004220559381352,1818,65448,18,0.2,0.0,0.4276332772293461,0.0004528330310878,-0.0048053749460024,0.0753990406579347,0.1716547018550492
B5,S2,8,5,49.54748529889862,0.1723937039968802,4.0,1.0003927550604772,1.4,0.0496191790910972,0.4525147011013786,2.100320641061649,5.0,1.0,0.2640851636473184,1.0,5.0,0.0,0.5652607056947521,1818,65448,18,0.2,0.0,0.4694493069280833,0.0004193243606757,-0.0010764826070754,0.023086569361844,0.0541848153721808
P,S2,8,5,49.54782434287876,0.1724982611376412,4.0,1.0003927550604772,1.4,0.0495671612048926,0.4521756571212449,2.103835757909243,5.0,1.0,0.2636510402140116,1.0,5.0,0.0,0.5526633754845892,684,24624,18,1.0,0.0,0.4178364752483998,0.0006188306074594,-0.0008954024334357,0.0235943085849186,0.0466408172858493
B0,S3,8,5,49.065613232182116,0.4531547705448934,4.0,1.9338898704416405,7.0,0.07396767379343068,0.5882852693923724,5.481536310904408,5.0,0.0,0.4022673903376018,15.0,0.0,0.0,0.0,0,0,0,0.0,0.0,0.23394623762178887,0.0,0.0,0.0,0.0
B1,S3,8,5,49.521107505235335,0.1848563660870184,0.0,1.0003927550604772,1.4000000000000001,0.060103511193745865,0.47683598430435126,2.0203260324216554,4.0,1.0,0.2934427126970203,0.20000000000000018,0.0,0.0,0.0,18180,654480,180,1.6,0.0,0.383278722771444,-0.0034053277060162035,-0.001953971306889457,0.019266783592172487,0.06800552360419941
B2,S3,8,5,49.51588782121429,0.18504477526465138,0.0,1.0003927550604772,1.4000000000000001,0.048903002821898967,0.4805672940576571,1.9505870530917173,5.0,1.0,0.2839985235403451,0.20000000000000018,0.0,0.0,0.0,1818,65448,18,1.6,0.0,0.3927375841617459,0.0008156044041695842,0.0003845327639666607,0.009702801426385577,0.021261190557198963
B3,S3,8,5,49.51780521468581,0.18366232783999487,0.0,1.0003927550604772,1.4000000000000001,0.0489845825124146,0.4791280613669642,2.016257134072868,5.0,1.0,0.2807242454779512,0.20000000000000018,0.0,0.0,0.0,1818,65448,18,1.6,0.25742574257425743,0.3769066138600033,5.971980120145215e-05,0.00011336758004887315,0.002420490871685388,0.004837704551697185
B4,S3,8,5,49.517976277378295,0.18385162700497867,0.0,1.0003927550604772,1.4000000000000001,0.04888086512959086,0.47900672356395546,2.058971301644643,5.0,1.0,0.2804284736346263,0.0,0.0,0.0,-0.00277942195108849,1818,65448,18,1.6,0.25742574257425743,0.4248795346551794,7.874151782258365e-05,0.00017431225557373864,0.0037053513621216894,0.007220499969465518
B5,S3,8,5,49.518050672050705,0.18385991833949625,0.0,1.0003927550604772,1.4000000000000001,0.04883953004458217,0.4789510580663787,2.063715461239423,5.0,1.0,0.28028923740470024,0.20000000000000018,0.0,0.0,0.0,1818,65448,18,1.6,0.25742574257425743,0.39909085148567536,7.429205692743857e-05,0.0001743297376109454,0.0036988718281847355,0.007183493922853045
P,S3,8,5,49.51709968437644,0.183966216293264,0.0,1.0003927550604772,1.4000000000000001,0.0488052005075041,0.47969291194690555,2.0374044176473727,5.0,1.0,0.28139955682775875,0.6000000000000005,0.0,0.0,0.0,585,21060,18,1.6,0.2871287128712871,0.4121382970303181,0.0002190143900186181,0.00035875144760666444,0.0027298589873865353,0.007810643930974236
B0,S4,8,5,49.06561323218212,0.4531547705448934,4.0,1.9338898704416403,7.0,0.0739676737934306,0.5882852693923724,5.481536310904408,5.0,0.0,0.3989340570042684,0.0,0.0,0.0,0.0,0,0,0,0.0,0.0,0.2319194950494888,0.0,0.0,0.0,0.0
B1,S4,8,5,49.51768616522171,0.1895076018451603,0.0,1.0003927550604772,1.4,0.0605542656063458,0.4794589516015648,2.092924860207803,5.0,1.0,0.2914445046496461,0.0,0.0,0.0,0.0,14130,508680,180,1.6,0.0,0.4164344059423492,0.0008344365042481,0.0004453547295852,0.0042187943918463,0.0165801686077998
B2,S4,8,5,49.516676044551744,0.1838095559557908,0.0,1.0003927550604772,1.4,0.0489296809577508,0.4799440350029869,1.9162563596606284,5.0,1.0,0.2804028563811085,0.0,0.0,0.0,0.0,1413,50868,18,1.6,0.0,0.4268376534659326,-0.0004189400031993,-0.0002365797044987,0.0060359539997989,0.0139704743443715
B3,S4,8,5,49.51816512242196,0.1835896981668461,0.0,1.0003927550605,1.4,0.0490135869969375,0.4788138060548732,2.0193232658704523,5.0,1.0,0.2772862951018881,0.0,0.0,0.0,0.0,1413,50868,18,1.6,0.3267326732673267,0.3910036534672135,-2.324062217029521e-05,-0.0002213154940804,0.0046324505008215,0.0095345915976011
B4,S4,8,5,49.5186420563788,0.1837189107372287,0.0,1.0003927550605,1.4,0.0489626691398657,0.4784616157359025,2.0649669834659585,5.0,1.0,0.2768336043897061,0.0,0.0,0.0,-0.013152858275651,1413,50868,18,1.6,0.3267326732673267,0.4087042871286048,-9.30527259398184e-05,-0.0004577593710592,0.0094742740005884,0.019212175628656
B5,S4,8,5,49.518716833897045,0.1837333164546832,0.0,1.0003927550605,1.4,0.0489249540533611,0.4784056637745451,2.069499731890238,5.0,1.0,0.2766940042993773,0.0,0.0,0.0,0.0,1413,50868,18,1.6,0.3267326732673267,0.4202891980207598,-8.911763763555514e-05,-0.0004580283516304,0.0091084976050339,0.0187317877177882
P,S4,8,5,49.51878800122218,0.1835868002008998,0.0,1.0003927550608287,1.4,0.0490600388013135,0.478368137299725,2.051543724323988,5.0,1.0,0.2771643169964927,0.0,0.0,0.0,0.0,472,16992,18,1.6,0.396039603960396,0.4198782871258523,-0.0007501547063798,-0.0017928196247467,0.0511112410540377,0.1027962919862453
B0,S5,8,5,49.06561323218212,0.4531547705448934,4.0,1.9338898704416403,7.0,0.0739676737934306,0.5882852693923724,5.481536310904408,5.0,0.0,0.3989340570042684,15.0,0.0,0.0,0.0,0,0,0,0.0,0.0,0.2441597920785558,0.0,0.0,0.0,0.0
B1,S5,8,5,49.51149016565015,0.1992776416361278,0.0,1.0003927550604772,1.4,0.0614264995246609,0.4842625415022112,2.2627830624488765,5.0,1.0,0.2947872498762283,15.0,0.0,0.0,0.0,18180,654480,180,0.2,0.0,0.3680321287136772,0.0106044762952157,0.0052489446302317,0.0517307212844428,0.191655744276872
B2,S5,8,5,48.98011343781545,0.4613349042932571,0.0,1.0003927550604772,1.4,0.0561331487161071,0.5816475893325403,5.117517188764396,5.0,0.0,0.3868285692662852,15.0,0.0,0.0,0.0,1818,65448,18,0.2,0.0,0.3724958415830878,0.277106408334267,0.1014669746250547,1.0162843692671046,3.187788057219849
B3,S5,8,5,49.51583615439851,0.1847201064698359,0.0,1.0003927550604772,1.4,0.0487207671872534,0.4806145948531153,2.019378214986875,5.0,1.0,0.2780943856353302,15.0,0.0,0.0,0.0,1818,65448,18,0.2,0.0,0.4487522970287113,0.0011071676808194,0.0015794733041616,0.0345643890276718,0.0706305125311153
B4,S5,8,5,49.51518848393104,0.1855005400986734,0.0,1.0003927550604772,1.4,0.0484580918787183,0.4811289809007277,2.0649927363455625,5.0,1.0,0.2780224217196116,0.0,0.0,0.0,-0.0027794481756143,1818,65448,18,0.2,0.0,0.4925246435635531,0.0016885766355049,0.0022096057937659,0.0482836795952081,0.1015257870334444
B5,S5,8,5,49.5181597978266,0.1838264116302116,0.0,1.0003927550604772,1.4,0.048921009668041,0.4788737854170293,2.063794512496309,5.0,1.0,0.2768700083287649,0.2000000000000001,6.0,0.0,0.6949689118450142,1818,65448,18,0.2,0.0,0.4445491881192043,3.977537892912997e-06,1.0093290853774306e-05,0.0028709218470623,0.0071126145180791
P,S5,8,5,49.516714075776974,0.1842362586214614,0.0,1.0003927550604772,1.4,0.0487987419547126,0.4799331103209923,2.0379229418788407,5.0,1.0,0.2781852461754044,0.6000000000000005,6.0,0.0,0.680915759645538,646,23256,18,1.0,0.0,0.4238083465319469,-0.0001006962858182,-0.0002278466034795,0.0036685381491778,0.0048127133285468
B0,S6,8,5,49.11678786974664,0.4310175357114717,0.0,1.9338898704416403,7.0,0.0741792007804779,0.5623419323824166,5.215336789611479,5.0,0.0,0.3856027946754292,16.0,0.0,0.0,0.0,0,0,0,0.0,0.0,0.263087504951574,0.0,0.0,0.0,0.0
B1,S6,8,5,49.54600758910253,0.1770514949957153,0.0,1.0003927550604772,1.4,0.0619596988930695,0.4539924108974702,1.9910394378462788,4.199999999999999,1.0,0.2790393913957051,16.0,0.0,0.0,0.0,18180,654480,180,0.2,0.0,0.3914219009902358,0.0001172262362642,0.000178763097054,0.007828413783443,0.0129107666844426
B2,S6,8,5,49.5463365295176,0.1664580191702394,0.0,1.0003927550604772,1.4,0.0488578165819551,0.4536634704824038,1.763189156932772,3.6000000000000014,1.0,0.2639994648167539,16.0,0.0,0.0,0.0,1818,65448,18,0.2,0.0,0.3955070495085058,-0.0023056364644652,-0.0016402434226989,0.0431116307158845,0.1343861724556958
B3,S6,8,5,49.54827275131498,0.1737715847668925,4.0,1.0003927550604772,1.4,0.0500575404288239,0.4517272486850174,2.16542709835139,5.0,1.0,0.2628381397170213,16.0,0.0,0.0,0.0,1818,65448,18,0.2,0.0,0.4110057623773461,0.0006848855633399,-0.0012201999639458,0.0225917292682069,0.0680852382317404
B4,S6,8,5,49.547377356349976,0.1726801331933874,4.0,1.0003927550604772,1.4,0.0493330598772945,0.4526226436500238,2.115396803691596,5.0,1.0,0.2633599216834821,0.0,0.0,0.0,-0.0042206068959854,1818,65448,18,0.2,0.0,0.4459441584138872,0.0005807955155159,-0.0008745658367672,0.0214198353794898,0.0597300482807099
B5,S6,8,5,49.54728310333466,0.1725618606810552,4.0,1.0003927550604772,1.4,0.0492864607634368,0.4527168966653434,2.106835979421484,5.0,1.0,0.263501650086058,16.0,0.0,0.0,0.0,1818,65448,18,0.2,0.0,0.4581389108928909,0.0005874810448507,-0.0008742870431106,0.0217284015956664,0.0609877668869202
P,S6,8,5,49.54733162686895,0.1724712959638362,4.0,1.0003927550604772,1.4,0.049381935913977,0.452668373131047,2.1003823759767632,5.0,1.0,0.2638805142783503,16.0,0.0,0.0,0.0,652,23472,18,1.0,0.0,0.4241397425743127,0.0005918654336545,-0.0004026864236337,0.0185490554916398,0.0379990337095769
B0,S7,8,5,49.11678786974664,0.4310175357114717,0.0,1.9338898704416403,7.0,0.0741792007804779,0.5623419323824166,5.215336789611479,5.0,0.0,0.3856027946754292,16.0,0.0,0.0,0.0,0,0,0,0.0,0.0,0.2529206633673563,0.0,0.0,0.0,0.0
B1,S7,8,5,48.84685628935107,0.5478328177587728,0.0,1.0003927550604772,1.4,0.0801900615283084,0.6386067428434572,6.562383567887041,5.0,0.0,0.4896342257092579,16.0,0.0,0.0,0.0,18180,654480,180,0.2,0.0,0.4089739009887665,0.3708985489993217,0.1847930950430409,1.1762877456393568,4.574384551998974
B2,S7,8,5,48.83678882390505,0.5489994797456828,0.0,1.0003927550604772,1.4,0.0752799546057276,0.6386067428434572,6.536461898000517,5.0,0.0,0.4916047008176198,16.0,0.0,0.0,0.0,1818,65448,18,0.2,0.0,0.3978655445550457,0.3802358241109781,0.1833030289383543,1.1874529507303748,4.827908164793761
B3,S7,8,5,48.83678882390505,0.5409614360332758,4.0,1.0003927550604772,1.4,0.0744139103024068,0.6386067428434572,6.349908303656307,5.0,0.0,0.4716888548463359,16.0,0.0,0.0,0.0,1818,65448,18,0.2,0.0,0.4416625841591973,0.3678747368297232,0.1856592941944939,1.3796961717622267,4.873166998571759
B4,S7,8,5,49.38141140072542,0.2932152327329745,4.0,1.0003927550604772,1.4,0.0572923754783352,0.489129656639129,3.734355057786584,5.0,0.0,0.3579511380120104,0.0,5.0,0.0,0.7581338044399216,1818,65448,18,0.2,0.0,0.438105168316247,0.121115895055103,0.0356324471523379,0.6406955509065853,2.2254610696716863
B5,S7,8,5,48.83678882390505,0.5418950480686976,4.0,1.0003927550604772,1.4,0.0749846462507735,0.6386067428434572,6.3812796063128445,5.0,0.0,0.4748718501388742,3.0,0.0,0.0,0.0048821300819387,1818,65448,18,0.2,0.0,0.4574582871289677,0.369920668432493,0.1850155591350031,1.3658342632617178,4.883891230420247
P,S7,8,5,48.83678882390505,0.5401981877814039,4.0,1.0003927550604772,1.4,0.0743110888235408,0.6386067428434572,6.305256086035209,5.0,0.0,0.4663059439705678,16.0,0.0,0.0,0.0,1266,45576,18,1.0,0.0,0.449418495049535,0.3683187572512222,0.1855356832887764,1.3717273710115876,4.8000532313013
B0,S0,9,5,49.06561323218212,0.4531547705448934,4.0,1.9338898704416403,7.0,0.0739676737934306,0.5882852693923724,5.481536310904408,5.0,0.0,0.4022673903376018,0.0,0.0,0.0,0.0,0,0,0,0.0,0.0,0.2359691782180787,0.0,0.0,0.0,0.0
B1,S0,9,5,49.5185695478696,0.188235902133025,0.0,1.0003927550604772,1.4,0.0600437189777233,0.4787795818846589,2.07147934069738,4.199999999999999,1.0,0.2936935548587401,0.0,0.0,0.0,0.0,18180,654480,180,0.2,0.0,0.3715190495052294,0.0,0.0,0.0,0.0
B2,S0,9,5,49.51639798069634,0.1842325440897581,0.0,1.0003927550604772,1.4,0.048911614995036,0.480189516040113,1.9292840483584024,5.0,1.0,0.283558725340957,0.0,0.0,0.0,0.0,1818,65448,18,0.2,0.0,0.3819911089116845,0.0,0.0,0.0,0.0
B3,S0,9,5,49.51788792740244,0.1835983370196501,0.0,1.0003927550604772,1.4,0.0489101270341284,0.47908123323122,2.013296735069652,5.0,1.0,0.2804235208468447,0.0,0.0,0.0,0.0,1818,65448,18,0.2,0.0,0.3797171980205339,0.0,0.0,0.0,0.0
B4,S0,9,5,49.51834681223064,0.1836713652220981,0.0,1.0003927550604772,1.4,0.048783789979252,0.4787364746666611,2.050478868729841,5.0,1.0,0.2796106791989234,0.0,0.0,0.0,-0.0132275184282741,1818,65448,18,0.2,0.0,0.4219595346530516,0.0,0.0,0.0,0.0
B5,S0,9,5,49.51827542061243,0.1836467515073378,0.0,1.0003927550604772,1.4,0.0487543924385499,0.4787898931416876,2.045269751672124,5.0,1.0,0.2797441054082689,0.0,0.0,0.0,0.0,1818,65448,18,0.2,0.0,0.4485543168307726,0.0,0.0,0.0,0.0
P,S0,9,5,49.51882524181973,0.1834410439169288,0.0,1.0003927550604772,1.4,0.0491829370604332,0.4784084036950702,2.023043932767234,5.0,1.0,0.281274047745619,0.0,0.0,0.0,0.0,603,21708,18,1.0,0.0,0.4425627524745656,0.0,0.0,0.0,0.0
B0,S1,9,5,49.06561323218212,0.4531547705448934,4.0,1.9338898704416403,7.0,0.0739676737934306,0.5882852693923724,5.481536310904408,5.0,0.0,0.3989340570042684,15.0,0.0,0.0,0.0,0,0,0,0.0,0.0,0.2356067425758323,0.0,0.0,0.0,0.0
B1,S1,9,5,49.5220735759953,0.1835664163725714,0.0,1.0003927550604772,1.4,0.0584338940303236,0.4760948566381486,1.9911575517445903,4.0,1.0,0.2854523821949279,15.0,0.0,0.0,0.0,18180,654480,180,0.2,0.0,0.3764700495054003,-0.0050807472373934,-0.0029083665071922,0.0284954225720142,0.1112208079209011
B2,S1,9,5,49.53581006309707,0.1796284075205492,0.0,1.0003927550604772,1.4,0.0541565018774006,0.4641899369029332,1.9405110692075145,5.0,1.0,0.2693041530063567,15.0,0.0,0.0,0.0,1818,65448,18,0.2,0.0,0.4010861089137497,-0.0046044650439432,-0.0160006028932357,0.3386200033978355,0.7043991400024066
B3,S1,9,5,49.51963133391975,0.1830045638058926,0.0,1.0003927550604772,1.4,0.0491405736476701,0.4777766992876522,2.016403163577013,5.0,1.0,0.2762911654826008,15.0,0.0,0.0,0.0,1818,65448,18,0.2,0.0,0.396056782176289,-0.0005495948450542,-0.0012189080159288,0.02361205629159,0.0469519594772925
B4,S1,9,5,49.520647736575256,0.182949377518975,0.0,1.0003927550604772,1.4,0.0491443530198158,0.4770146990157258,2.0541569176804235,5.0,1.0,0.2752557739285194,12.2,0.0,0.0,-0.0092269844838845,1818,65448,18,0.2,0.0,0.4146671089083521,-0.0007168994462222,-0.0017102000659647,0.0299834465960557,0.0623951949469535
B5,S1,9,5,49.5184487937969,0.1835581727753006,0.0,1.0003927550604772,1.4,0.0488423295898919,0.4786617731098133,2.044110516990354,5.0,1.0,0.2763754979689833,0.2000000000000001,9.0,0.0,0.6436028442968471,1818,65448,18,0.2,0.0,0.4531274257445121,-8.35679201913464e-05,-0.0001165444401749,0.0021194192882774,0.0057316069584956
P,S1,9,5,49.517659025530186,0.1836948338550207,0.0,1.0003927550604772,1.4,0.0490064384498838,0.4792822462632244,2.018722462905876,5.0,1.0,0.2780418112375339,0.4000000000000003,9.0,0.0,0.6362039402814039,632,22752,18,1.0,0.0,0.4212303267312302,0.0002758783133035,0.0005282240466613,0.0125586498247116,0.025649772184478
B0,S2,9,5,49.11678786974664,0.4310175357114717,0.0,1.9338898704416403,7.0,0.0741792007804779,0.5623419323824166,5.215336789611479,5.0,0.0,0.3856027946754292,16.0,0.0,0.0,0.0,0,0,0,0.0,0.0,0.2528989504960666,0.0,0.0,0.0,0.0
B1,S2,9,5,49.54905002770844,0.1712613507943678,0.0,1.0003927550604772,1.4,0.061929872019379,0.4509499722915606,1.907489635698719,4.0,1.0,0.279312930508502,16.0,0.0,0.0,0.0,18180,654480,180,0.2,0.0,0.3946245346518895,-0.0056550492415575,-0.0028533017822667,0.0330022118848347,0.1218970219780999
B2,S2,9,5,49.55800858299134,0.1670268110439445,0.0,1.0003927550604772,1.4,0.052198715394079,0.4419914170086585,1.843352487627068,5.0,1.0,0.2640202533898347,16.0,0.0,0.0,0.0,1818,65448,18,0.2,0.0,0.4504102772254627,-0.0017054297780637,-0.0134477420893261,0.284250191626036,0.5982373827943097
B3,S2,9,5,49.55186559476666,0.1730945549607906,4.0,1.0003927550604772,1.4,0.0511104551376988,0.4481344052333398,2.162876419108807,5.0,1.0,0.2629300938730429,16.0,0.0,0.0,0.0,1818,65448,18,0.2,0.0,0.4469915742591562,-8.377242391899298e-05,-0.0046433563096357,0.0589600346174989,0.1440063654104591
B4,S2,9,5,49.55179045843073,0.1730026569799508,4.0,1.0003927550604772,1.4,0.0507178739980413,0.4482095415692697,2.15558584679598,5.0,1.0,0.262776787025842,0.0,0.0,0.0,-0.0105527996335279,1818,65448,18,0.2,0.0,0.4720559405937495,0.0002610447667297,-0.0046498725066896,0.065680095037834,0.1546732627300599
B5,S2,9,5,49.54822135976728,0.1727662622669631,4.0,1.0003927550604772,1.4,0.0497056355539259,0.4517786402327246,2.1229355307361724,5.0,1.0,0.2635991846892108,1.2000000000000002,5.0,0.0,0.5596088312709587,1818,65448,18,0.2,0.0,0.8799140099032986,0.000394771185625,-0.0012633159397168,0.0238401996973394,0.056631637227263
P,S2,9,5,49.5480374202314,0.1725034158193074,4.0,1.0003927550604772,1.4,0.0498054948522807,0.4519625797685975,2.097936071229836,5.0,1.0,0.2640250520029311,1.2000000000000002,5.0,0.0,0.5587442381171477,690,24840,18,1.0,0.0,0.4751560495065806,0.0002411200098106,-0.0006050283198035,0.009906651504167,0.0226392471892125
B0,S3,9,5,49.065613232182116,0.4531547705448934,4.0,1.9338898704416405,7.0,0.07396767379343068,0.5882852693923724,5.481536310904408,5.0,0.0,0.4022673903376018,15.0,0.0,0.0,0.0,0,0,0,0.0,0.0,0.24426798020135945,0.0,0.0,0.0,0.0
B1,S3,9,5,49.51789773347753,0.18919267046288657,0.0,1.0003927550604772,1.4000000000000001,0.060257047988419694,0.47929441078207446,2.0867032288233682,5.0,1.0,0.2942270995640816,0.20000000000000018,0.0,0.0,0.0,18180,654480,180,1.6,0.0,0.37964789108889024,0.0009567683298615792,0.0005148288974155535,0.005138228899241426,0.0183043630217611
B2,S3,9,5,49.51653305291992,0.18404561009804865,0.0,1.0003927550604772,1.4000000000000001,0.04895912686315088,0.4800840692358648,1.924897938240821,5.0,1.0,0.2837093137504428,0.20000000000000018,0.0,0.0,0.0,1818,65448,18,1.6,0.0,0.44815650495131715,-0.00018693399170943703,-0.0001054468042482326,0.0022745294868045107,0.005520008795456731
B3,S3,9,5,49.51798873632754,0.1835595830270134,0.0,1.0003927550604772,1.4000000000000001,0.04891616461643795,0.4790058019443961,2.0132043313503742,5.0,1.0,0.28034926250868275,0.20000000000000018,0.0,0.0,0.0,1818,65448,18,1.6,0.25742574257425743,0.42592219801692843,-3.875399263669754e-05,-7.543128682385714e-05,0.0015879328830479267,0.0031154869411075467
B4,S3,9,5,49.51825773461448,0.18369114063239,0.0,1.0003927550604772,1.4000000000000001,0.04879321441124324,0.4788031262934851,2.0493577094623765,5.0,1.0,0.2797527586957206,0.20000000000000018,0.0,0.0,-0.00922697938803263,1818,65448,18,1.6,0.25742574257425743,0.4025686732690008,1.977541029191121e-05,6.665162682401027e-05,0.0013974770228628586,0.0035115343466770796
B5,S3,9,5,49.518186457531655,0.18366604569141443,0.0,1.0003927550604772,1.4000000000000001,0.04876282116806025,0.47885645906789875,2.0441253987689154,5.0,1.0,0.27988829131367543,0.20000000000000018,0.0,0.0,0.0,1818,65448,18,1.6,0.25742574257425743,0.418881257422135,1.9294184076618093e-05,6.656592621118174e-05,0.0013986438647819455,0.0035432644636735223
P,S3,9,5,49.517607618658154,0.18365536733673204,0.0,1.0003927550604774,1.4000000000000001,0.04883813284754968,0.4793016283228866,2.017323638710321,5.0,1.0,0.2813659164910701,0.40000000000000036,0.0,0.0,0.0,619,22284,18,1.6,0.3069306930693069,0.4738954158431688,0.00021432341980323621,0.0008932246278163802,0.024139066586180036,0.04338697584876384
B0,S4,9,5,49.06561323218212,0.4531547705448934,4.0,1.9338898704416403,7.0,0.0739676737934306,0.5882852693923724,5.481536310904408,5.0,0.0,0.3989340570042684,0.0,0.0,0.0,0.0,0,0,0,0.0,0.0,0.3021132475209519,0.0,0.0,0.0,0.0
B1,S4,9,5,49.51840708227254,0.1885039896285165,0.0,1.0003927550604772,1.4,0.0602752356294801,0.4789089801591828,2.076400585063954,4.199999999999999,1.0,0.2908913339930167,0.0,0.0,0.0,0.0,14090,507240,180,1.6,0.0,0.3862118910907192,-0.0001431739814482,-9.424298615812177e-05,0.0008558968666037,0.0034858885706825
B2,S4,9,5,49.516762714912176,0.1838674577771908,0.0,1.0003927550604772,1.4,0.0489331359095705,0.479803394561948,1.91980951413362,5.0,1.0,0.2801898570133855,0.0,0.0,0.0,0.0,1409,50724,18,1.6,0.0,0.3911178811886382,-0.0003654147873015,-0.000387145234221,0.0049372562179996,0.010104635059676
B3,S4,9,5,49.518299796694606,0.1834922116989828,0.0,1.0003927550604794,1.4,0.048967869070635,0.4786518633356635,2.011215700516795,5.0,1.0,0.2772088528524951,0.0,0.0,0.0,0.0,1409,50724,18,1.6,0.2376237623762376,0.3843457326715141,-6.19469519640703e-05,-0.0003437439679174,0.0026330812448449,0.0068757909385659
B4,S4,9,5,49.51884248178083,0.1836047611300976,0.0,1.0003927550604794,1.4,0.0489347460321969,0.4782288865655104,2.052273631523974,5.0,1.0,0.276637548408608,0.0,0.0,0.0,-0.012972297983664,1409,50724,18,1.6,0.2376237623762376,0.4075057524757297,-6.151583509966807e-05,-0.0004960125161801,0.0094000942604708,0.0169698150274584
B5,S4,9,5,49.51877082377731,0.1835806192354708,0.0,1.0003927550604794,1.4,0.0489007466785783,0.4782825043539702,2.047005099263346,5.0,1.0,0.276756240382826,0.0,0.0,0.0,0.0,1409,50724,18,1.6,0.2376237623762376,0.4134599504942515,-6.112146002112961e-05,-0.0004958131960179,0.0090877652987089,0.0166192110110109
P,S4,9,5,49.5177826668492,0.1837416225649898,0.0,1.0003927550608287,1.4,0.0487945150335819,0.4790781700211397,2.0206963958999817,5.0,1.0,0.2774386949274295,0.0,0.0,0.0,0.0,435,15660,18,1.6,0.396039603960396,0.3792752475212435,0.0003226670232727,0.0003241478045765,0.0179584646981041,0.0395295248118493
B0,S5,9,5,49.06561323218212,0.4531547705448934,4.0,1.9338898704416403,7.0,0.0739676737934306,0.5882852693923724,5.481536310904408,5.0,0.0,0.3989340570042684,15.0,0.0,0.0,0.0,0,0,0,0.0,0.0,0.2257385643556833,0.0,0.0,0.0,0.0
B1,S5,9,5,49.51117870355306,0.1993803020327656,0.0,1.0003927550604772,1.4,0.061412829447646,0.4845590156175134,2.263731078802716,5.0,1.0,0.2948647404936679,15.0,0.0,0.0,0.0,18180,654480,180,0.2,0.0,0.3671527821809084,0.0107331384228007,0.0055557924721725,0.0518198862975083,0.1935039242933626
B2,S5,9,5,48.98058634590437,0.4611748465445414,0.0,1.0003927550604772,1.4,0.0559677709588178,0.5814708554205978,5.116080918560732,5.0,0.0,0.3866443491212386,15.0,0.0,0.0,0.0,1818,65448,18,0.2,0.0,0.380048574261129,0.2769419739800489,0.1012803156244288,1.0162213387837298,3.1867935713852824
B3,S5,9,5,49.515646916239234,0.1848523532221927,0.0,1.0003927550604772,1.4,0.0486440738071479,0.4807976095576833,2.017403549527857,5.0,1.0,0.2780652071582438,15.0,0.0,0.0,0.0,1818,65448,18,0.2,0.0,0.3949355940595425,0.0012981945712458,0.0018020022541023,0.0378515874147993,0.0786201366377575
B4,S5,9,5,49.515277206166566,0.185348619472712,0.0,1.0003927550604772,1.4,0.0484152424267217,0.48109239021651,2.054885654484145,5.0,1.0,0.2777980010681491,12.2,0.0,0.0,-0.0092269438722181,1818,65448,18,0.2,0.0,0.4027703267314395,0.0016823425075147,0.0023674911348194,0.0494096632845142,0.1037925582893826
B5,S5,9,5,49.5184487937969,0.1835581727753006,0.0,1.0003927550604772,1.4,0.0488423295898919,0.4786617731098133,2.044110516990354,5.0,1.0,0.2763754979689833,0.2000000000000001,6.0,0.0,0.70278060914071,1818,65448,18,0.2,0.0,0.4089165841554013,-8.35679201913464e-05,-0.0001165444401749,0.0021194192882774,0.0057316069584956
P,S5,9,5,49.517659025530186,0.1836948338550207,0.0,1.0003927550604772,1.4,0.0490064384498838,0.4792822462632244,2.018722462905876,5.0,1.0,0.2780418112375339,0.4000000000000003,6.0,0.0,0.6970817144978401,632,22752,18,1.0,0.0,0.4110931188121624,0.0002758783133035,0.0005282240466613,0.0125586498247116,0.025649772184478
B0,S6,9,5,49.11678786974664,0.4310175357114717,0.0,1.9338898704416403,7.0,0.0741792007804779,0.5623419323824166,5.215336789611479,5.0,0.0,0.3856027946754292,16.0,0.0,0.0,0.0,0,0,0,0.0,0.0,0.2513692277239213,0.0,0.0,0.0,0.0
B1,S6,9,5,49.54600980172346,0.1770280726346211,0.0,1.0003927550604772,1.4,0.0619446004463268,0.4539901982765428,1.98989114481438,4.199999999999999,1.0,0.278979947854842,16.0,0.0,0.0,0.0,18180,654480,180,0.2,0.0,0.3949470891090488,0.0001116725986956,0.0001869242027154,0.0081018847851268,0.0132306572346379
B2,S6,9,5,49.546356098204576,0.1664434931811557,0.0,1.0003927550604772,1.4,0.0488443475854407,0.4536439017954237,1.7648395858152797,3.6000000000000014,1.0,0.2637654366011041,16.0,0.0,0.0,0.0,1818,65448,18,0.2,0.0,0.3866605940613838,-0.0022887476408525,-0.001795257302561,0.0430036293960469,0.1347676487340386
B3,S6,9,5,49.54837366627171,0.173805508548863,4.0,1.0003927550604772,1.4,0.0500605173088806,0.4516263337282922,2.167705971661759,5.0,1.0,0.2626770930512422,16.0,0.0,0.0,0.0,1818,65448,18,0.2,0.0,0.3826225445546958,0.0006271811641534,-0.0011514278146833,0.0197684385708001,0.0644554152751687
B4,S6,9,5,49.54747801727434,0.1732384646283611,4.0,1.0003927550604772,1.4,0.0493383544415299,0.4525219827256563,2.1439495582852928,5.0,1.0,0.2630532670325672,0.0,0.0,0.0,-0.0105524561539658,1818,65448,18,0.2,0.0,0.4132040099008945,0.00049685241514,-0.000337431350303,0.013100717555055,0.0359833325492836
B5,S6,9,5,49.54729483602242,0.1728817908995628,4.0,1.0003927550604772,1.4,0.0492660677814922,0.4527051639775763,2.1233719184366726,5.0,1.0,0.2633197451818753,16.0,0.0,0.0,0.0,1818,65448,18,0.2,0.0,0.4215389009896351,0.0005102998182247,-0.0003367921948651,0.0140880702033072,0.0377041613678748
P,S6,9,5,49.54736499554546,0.1725256410900822,4.0,1.0003927550604772,1.4,0.0495100128575362,0.4526350044545424,2.096182131307667,5.0,1.0,0.2638817676264833,16.0,0.0,0.0,0.0,609,21924,18,1.0,0.0,0.4118345346562432,0.0002633452805854,6.73963661412813e-05,0.0073576140073683,0.015539916322232
B0,S7,9,5,49.11678786974664,0.4310175357114717,0.0,1.9338898704416403,7.0,0.0741792007804779,0.5623419323824166,5.215336789611479,5.0,0.0,0.3856027946754292,16.0,0.0,0.0,0.0,0,0,0,0.0,0.0,0.2432792574260326,0.0,0.0,0.0,0.0
B1,S7,9,5,48.83756616315818,0.5498818465892528,0.0,1.0003927550604772,1.4,0.0790863528762516,0.6386067428434572,6.614880738713447,5.0,0.0,0.4947048391061573,16.0,0.0,0.0,0.0,18180,654480,180,0.2,0.0,0.3786298217830948,0.3729654465533273,0.1848034687696298,1.186912676972483,4.627707908826807
B2,S7,9,5,48.83678882390505,0.548944036894138,0.0,1.0003927550604772,1.4,0.0753242008894347,0.6386067428434572,6.534665367217267,5.0,0.0,0.4914769416724042,16.0,0.0,0.0,0.0,1818,65448,18,0.2,0.0,0.3915959207933885,0.3802117960721297,0.1831675837454724,1.18802928089071,4.827722732608651
B3,S7,9,5,48.83678882390505,0.5446358263099096,4.0,1.0003927550604772,1.4,0.0746053357971538,0.6386067428434572,6.493934028171545,5.0,0.0,0.486181197042465,16.0,0.0,0.0,0.0,1818,65448,18,0.2,0.0,0.3868688316846475,0.3714574989251999,0.1858289813004816,1.384681070855315,5.07007740600475
B4,S7,9,5,48.93608390264915,0.5172196747232073,4.0,1.0003927550604772,1.4,0.0797641570918047,0.6246391443405486,6.22344201317751,5.0,0.0,0.4682702434134456,0.0,5.0,0.2742574257425743,0.4047917747741699,1818,65448,18,0.2,0.0,0.4142380396050351,0.3444780625099862,0.1717797302645891,1.2653733062488757,4.779287646455429
B5,S7,9,5,48.83678882390505,0.5455465549294798,4.0,1.0003927550604772,1.4,0.0745540509226517,0.6386067428434572,6.525298435892248,5.0,0.0,0.4881127409352568,3.0,0.0,0.0,0.0401956230668355,1818,65448,18,0.2,0.0,0.43512484158458,0.3731750638481417,0.1855647866710157,1.3783909360027309,5.081403381887813
P,S7,9,5,48.83678882390505,0.5412604037031042,4.0,1.0003927550604772,1.4,0.0735020247719821,0.6386067428434572,6.352597529831424,5.0,0.0,0.4725446977862557,3.0,0.0,0.0,0.0123506286008557,1273,45828,18,1.0,0.0,0.4546143168317039,0.3689981078936074,0.186039134755056,1.394285009861413,4.884598676011337
B0,S0,10,5,49.06561323218212,0.4531547705448934,4.0,1.9338898704416403,7.0,0.0739676737934306,0.5882852693923724,5.481536310904408,5.0,0.0,0.4022673903376018,0.0,0.0,0.0,0.0,0,0,0,0.0,0.0,0.2314977029689742,0.0,0.0,0.0,0.0
B1,S0,10,5,49.51858391972127,0.1882844669499391,0.0,1.0003927550604772,1.4,0.0600695744300854,0.47877008732803,2.0744858009347955,4.199999999999999,1.0,0.2937845539728096,0.0,0.0,0.0,0.0,18180,654480,180,0.2,0.0,0.3767972574237184,0.0,0.0,0.0,0.0
B2,S0,10,5,49.51637797528921,0.18438219369032,0.0,1.0003927550604772,1.4,0.0490063268103353,0.4801200010897304,1.934457948465784,5.0,1.0,0.2841718542744226,0.0,0.0,0.0,0.0,1818,65448,18,0.2,0.0,0.3650095742600704,0.0,0.0,0.0,0.0
B3,S0,10,5,49.51840633757056,0.1834872616654087,0.0,1.0003927550604772,1.4,0.0490243389189236,0.4785719834638513,2.011692930522888,5.0,1.0,0.2805741869404363,0.0,0.0,0.0,0.0,1818,65448,18,0.2,0.0,0.3809353564353688,0.0,0.0,0.0,0.0
B4,S0,10,5,49.51704666456561,0.1835164694537777,0.0,1.0003927550604772,1.4,0.0490135729951876,0.4796038367866941,1.9067988941021772,5.0,1.0,0.2834477139186436,0.0,0.0,0.0,-0.012333659733362,1818,65448,18,0.2,0.0,0.4560542970286387,0.0,0.0,0.0,0.0
B5,S0,10,5,49.51706811168626,0.1834785410526171,0.0,1.0003927550604772,1.4,0.0489675860705753,0.47958676196113,1.9045394413565568,5.0,1.0,0.2833732704688859,0.0,0.0,0.0,0.0,1818,65448,18,0.2,0.0,0.4091020099000917,0.0,0.0,0.0,0.0
P,S0,10,5,49.51774699618059,0.1832276173045186,0.0,1.0003927550604772,1.4,0.0490092396771318,0.4790941052748394,1.9135946465559328,5.0,1.0,0.2821599127442867,0.0,0.0,0.0,0.0,618,22248,18,1.0,0.0,0.412815603957113,0.0,0.0,0.0,0.0
B0,S1,10,5,49.06561323218212,0.4531547705448934,4.0,1.9338898704416403,7.0,0.0739676737934306,0.5882852693923724,5.481536310904408,5.0,0.0,0.3989340570042684,15.0,0.0,0.0,0.0,0,0,0,0.0,0.0,0.2351075841619208,0.0,0.0,0.0,0.0
B1,S1,10,5,49.52208588289174,0.1836345318488937,0.0,1.0003927550604772,1.4,0.0584254837057918,0.4760870779577359,1.9960078311730451,4.0,1.0,0.2858673124967438,15.0,0.0,0.0,0.0,18180,654480,180,0.2,0.0,0.3894990098989084,-0.0050615264803863,-0.0029066506309902,0.0284808350501251,0.1092475890783155
B2,S1,10,5,49.53581006309707,0.1795949061272659,0.0,1.0003927550604772,1.4,0.0542241760560773,0.4641899369029332,1.9364259108347583,5.0,1.0,0.2694182257819895,15.0,0.0,0.0,0.0,1818,65448,18,0.2,0.0,0.3665806336609628,-0.0047876801486965,-0.0159310879428815,0.3397147342223121,0.7043448869145406
B3,S1,10,5,49.5197365701931,0.1830432485170683,0.0,1.0003927550604772,1.4,0.0491834829965,0.4775766479610084,2.015193657435048,5.0,1.0,0.2764309096327697,15.0,0.0,0.0,0.0,1818,65448,18,0.2,0.0,0.374758574257567,-0.0005017378573672,-0.0011120762801652,0.0212203328878928,0.0437011752146375
B4,S1,10,5,49.51868791707221,0.1828811584670875,0.0,1.0003927550604772,1.4,0.0491770582487536,0.4783538320162819,1.9084600578602984,5.0,1.0,0.279087760206715,0.0,0.0,0.0,0.0167319756287299,1818,65448,18,0.2,0.0,0.5273874455431922,-0.000746404021189,-0.0014298850413183,0.0284181963696568,0.0586579996903537
B5,S1,10,5,49.51623529594119,0.183992702251396,0.0,1.0003927550604772,1.4,0.0488933669427504,0.4802470782758803,1.9092396034122507,5.0,1.0,0.2804695994785985,0.2000000000000001,9.0,0.0,0.6363148137614631,1818,65448,18,0.2,0.0,0.4264293168282417,0.0004065805519869,0.0004804360610535,0.0034352048998798,0.0119003263292405
P,S1,10,5,49.517480382101226,0.1834455724361581,0.0,1.0003927550604772,1.4,0.0489394000859725,0.4792503278751709,1.913771709930659,5.0,1.0,0.2791869315640911,1.0,9.0,0.0,0.6139740137995624,641,23076,18,1.0,0.0,0.4029299703004221,0.0002202136964176,0.0001604883514616,0.009461393762649,0.0173791340455068
B0,S2,10,5,49.11678786974664,0.4310175357114717,0.0,1.9338898704416403,7.0,0.0741792007804779,0.5623419323824166,5.215336789611479,5.0,0.0,0.3856027946754292,16.0,0.0,0.0,0.0,0,0,0,0.0,0.0,0.2577457326735006,0.0,0.0,0.0,0.0
B1,S2,10,5,49.54854482131273,0.171634347405482,0.0,1.0003927550604772,1.4,0.0618808456016854,0.4514551786872687,1.9135297430295477,4.0,1.0,0.2795874999755669,16.0,0.0,0.0,0.0,18180,654480,180,0.2,0.0,0.4020087821757416,-0.0053083248398865,-0.0023386008299368,0.0325037335392011,0.1163623321519807
B2,S2,10,5,49.55787861151397,0.1670953653478865,0.0,1.0003927550604772,1.4,0.0523809452998275,0.4421213884860364,1.840092917681706,5.0,1.0,0.2645707668677575,16.0,0.0,0.0,0.0,1818,65448,18,0.2,0.0,0.3883605742552084,-0.0017904558188487,-0.0132482556615727,0.2855266481981147,0.6000523974346889
B3,S2,10,5,49.55198229728765,0.1729600625674345,4.0,1.0003927550604772,1.4,0.0512001115377535,0.4480177027123559,2.155558980442319,5.0,1.0,0.2634796968595575,16.0,0.0,0.0,0.0,1818,65448,18,0.2,0.0,0.4096724554452377,1.3187375970696856e-05,-0.0048009668411239,0.0655676305137404,0.1532241392288213
B4,S2,10,5,49.550445082266855,0.1703894100966494,0.0,1.0003927550604772,1.4,0.0508020059597944,0.4495549177331455,1.971904928318012,5.0,1.0,0.2658943865271229,0.0,0.0,0.0,0.0201735293470807,1818,65448,18,0.2,0.0,0.5155672574261135,0.0001609038282785,-0.0049324520044464,0.0857712185529706,0.1914309734625909
B5,S2,10,5,49.54597049583441,0.1703410846391814,0.0,1.0003927550604772,1.4,0.0498602919363726,0.4540295041655895,1.922289682958784,5.0,1.0,0.2677043940722889,0.7999999999999998,5.0,0.0,0.6738893411302946,1818,65448,18,0.2,0.0,0.4264914752440907,0.0002525758132178,-0.0006315477484974,0.0208393340034191,0.0511448929455575
P,S2,10,5,49.54560910469559,0.1705724573366667,0.0,1.0003927550604772,1.4,0.0500571602428766,0.4543908953044067,1.9355786665045709,5.0,1.0,0.2689941235813767,1.0,5.0,0.0,0.6848989923600515,703,25308,18,1.0,0.0,0.4358463069329806,0.0002230384036624,-9.587661044463404e-05,0.0080314738660476,0.0151360339374555
B0,S3,10,5,49.065613232182116,0.4531547705448934,4.0,1.9338898704416405,7.0,0.07396767379343068,0.5882852693923724,5.481536310904408,5.0,0.0,0.4022673903376018,15.0,0.0,0.0,0.0,0,0,0,0.0,0.0,0.23937325742357787,0.0,0.0,0.0,0.0
B1,S3,10,5,49.51635454815034,0.19151317286632882,0.0,1.0003927550604772,1.4000000000000001,0.060366102403299995,0.4804783002990405,2.127774560406243,5.0,1.0,0.29472188625299944,0.20000000000000018,0.0,0.0,0.0,18180,654480,180,1.6,0.0,0.39447496039591184,0.0032287059163897125,0.001708212971010481,0.01713567795866311,0.06051225111807241
B2,S3,10,5,49.51709728276746,0.18347979866910716,0.0,1.0003927550604772,1.4000000000000001,0.04896012873585936,0.47954734067490534,1.9096916204819074,5.0,1.0,0.28333759186332086,0.20000000000000018,0.0,0.0,0.0,1818,65448,18,1.6,0.0,0.3756611584159857,-0.0009023950212128373,-0.0005726604148250658,0.011247609479411835,0.026148173726932088
B3,S3,10,5,49.518640186881385,0.18341253546468303,0.0,1.0003927550604772,1.4000000000000001,0.04903171722526038,0.4783970065860714,2.0131525692620413,5.0,1.0,0.280316772422327,0.20000000000000018,0.0,0.0,0.0,1818,65448,18,1.6,0.25742574257425743,0.41087291088788874,-7.472620072568326e-05,-0.00017497687777989768,0.0036462637035512557,0.007931224766537778
B4,S3,10,5,49.51722582473519,0.1834364085571483,0.0,1.0003927550604772,1.4000000000000001,0.04896732835589037,0.47946120938742354,1.9073439208948793,5.0,1.0,0.28299055628050696,0.0,0.0,0.0,0.016731976860727804,1818,65448,18,1.6,0.25742574257425743,0.43651533663404113,-8.006089662940252e-05,-0.00014262739927056733,0.002733715855271157,0.007335043668521732
B5,S3,10,5,49.51724753025806,0.183401026172344,0.0,1.0003927550604772,1.4000000000000001,0.04892398733081811,0.4794439288385419,1.9053155231002912,5.0,1.0,0.2829180041750179,0.20000000000000018,0.0,0.0,0.0,1818,65448,18,1.6,0.25742574257425743,0.4470459603989283,-7.751488027310516e-05,-0.0001428331225880597,0.0027334714924265313,0.0073290608677893925
P,S3,10,5,49.51800910821488,0.1832296629026699,0.0,1.0003927550604772,1.4000000000000001,0.04898450656090954,0.478845508368714,1.9136264205410376,5.0,1.0,0.28211158141238096,1.0,0.0,0.0,0.0,598,21528,18,1.6,0.297029702970297,0.3936467722737554,2.0455981513123334e-06,-0.0002485969061254423,0.002552221582142522,0.0034175121676106785
B0,S4,10,5,49.06561323218212,0.4531547705448934,4.0,1.9338898704416403,7.0,0.0739676737934306,0.5882852693923724,5.481536310904408,5.0,0.0,0.3989340570042684,0.0,0.0,0.0,0.0,0,0,0,0.0,0.0,0.2579618712888537,0.0,0.0,0.0,0.0
B1,S4,10,5,49.51815703220629,0.1889332003525078,0.0,1.0003927550604772,1.4,0.0605041969103934,0.4790984609106701,2.087176891859861,4.199999999999999,1.0,0.2916529806676369,0.0,0.0,0.0,0.0,14020,504720,180,1.6,0.0,0.4231260891084266,0.0002371420232276,0.0001047323219438,0.0049349905034645,0.0065694472781935
B2,S4,10,5,49.5163162476223,0.1843345089284346,0.0,1.0003927550604772,1.4,0.0489859071392483,0.4802150658033781,1.9335892174682905,5.0,1.0,0.280853446876656,0.0,0.0,0.0,0.0,1402,50472,18,1.6,0.0,0.4223634059419037,-4.807734752781956e-05,9.404095756337938e-05,0.0015303333875991,0.0031502687913899
B3,S4,10,5,49.51796402820749,0.1835885144170191,0.0,1.0003927550604794,1.4,0.0490395744343341,0.4789854103411031,2.010512415608537,5.0,1.0,0.2776342875401317,0.0,0.0,0.0,0.0,1402,50472,18,1.6,0.3168316831683168,0.4263948613868814,4.3528042583507176e-05,0.0002966860999293,0.0016707407241725,0.004364156971394
B4,S4,10,5,49.51663032446388,0.1836315155356394,0.0,1.0003927550604794,1.4,0.0490322175283219,0.4799804184198208,1.905593776019533,5.0,1.0,0.2806327192216795,0.0,0.0,0.0,-0.0130462935926677,1402,50472,18,1.6,0.3168316831683168,0.5524024158427829,3.953047362864615e-06,0.0001967013622206,0.0035467855464261,0.0063850390201331
B5,S4,10,5,49.51664530885696,0.1835792253752978,0.0,1.0003927550604794,1.4,0.0489904025756062,0.4799692063956371,1.9026581335379116,5.0,1.0,0.2805609852523457,0.0,0.0,0.0,0.0,1402,50472,18,1.6,0.3168316831683168,0.4393205148481134,-6.896324111271834e-06,0.0002025641808103,0.0039555581194932,0.0066836973717109
P,S4,10,5,49.51738333308191,0.1832762495070131,0.0,1.0003927550434446,1.4,0.0488203311041725,0.4793934111541986,1.91430668529535,5.0,1.0,0.2785664346544279,0.0,0.0,0.0,0.0,454,16344,18,1.6,0.4356435643564356,0.4137457524731223,5.08907672726322e-05,0.0003035716304893,0.0101256556978626,0.0156120868437923
B0,S5,10,5,49.06561323218212,0.4531547705448934,4.0,1.9338898704416403,7.0,0.0739676737934306,0.5882852693923724,5.481536310904408,5.0,0.0,0.3989340570042684,15.0,0.0,0.0,0.0,0,0,0,0.0,0.0,0.2760974356452508,0.0,0.0,0.0,0.0
B1,S5,10,5,49.512068462615424,0.1990818143342029,0.0,1.0003927550604772,1.4,0.0615152340687071,0.4837527370284533,2.261619558360558,5.0,1.0,0.2945233614532362,15.0,0.0,0.0,0.0,18180,654480,180,0.2,0.0,0.3979016930703203,0.0103857560049228,0.004759008439727,0.051475507070215,0.1881917538358713
B2,S5,10,5,48.97953376483835,0.461491867604723,0.0,1.0003927550604772,1.4,0.0563211221818693,0.5808905534344859,5.117608248201499,5.0,0.0,0.3869300089666791,15.0,0.0,0.0,0.0,1818,65448,18,0.2,0.0,0.3801269207956871,0.2771092813287605,0.1007695285886711,1.0161275167976456,3.18314594372996
B3,S5,10,5,49.51559464619791,0.1849640864468781,0.0,1.0003927550604772,1.4,0.0487064859458132,0.4807566309867752,2.0162114584271,5.0,1.0,0.2785432701820645,15.0,0.0,0.0,0.0,1818,65448,18,0.2,0.0,0.4039171188124594,0.0014191000724424,0.0020679067456015,0.0403473381927028,0.0843941396701381
B4,S5,10,5,49.51296408323688,0.1871626416084801,0.0,1.0003927550604772,1.4,0.0485967542474854,0.4828476411497391,1.9417095480628888,5.0,1.0,0.2820735793814831,0.0,0.0,0.0,0.0167319753528009,1818,65448,18,0.2,0.0,0.4447760396051128,0.0035350791202036,0.0030639240921388,0.0610285228107443,0.1415918991286218
B5,S5,10,5,49.51623529594119,0.183992702251396,0.0,1.0003927550604772,1.4,0.0488933669427504,0.4802470782758803,1.9092396034122507,5.0,1.0,0.2804695994785985,0.2000000000000001,6.0,0.0,0.6972513685626861,1818,65448,18,0.2,0.0,0.40861348514515,0.0004065805519869,0.0004804360610535,0.0034352048998798,0.0119003263292405
P,S5,10,5,49.517480382101226,0.1834455724361581,0.0,1.0003927550604772,1.4,0.0489394000859725,0.4792503278751709,1.913771709930659,5.0,1.0,0.2791869315640911,1.0,6.0,0.0,0.6626572919822278,649,23364,18,1.0,0.0,0.4074535247514853,0.0002202136964176,0.0001604883514616,0.009461393762649,0.0173791340455068
B0,S6,10,5,49.11678786974664,0.4310175357114717,0.0,1.9338898704416403,7.0,0.0741792007804779,0.5623419323824166,5.215336789611479,5.0,0.0,0.3856027946754292,16.0,0.0,0.0,0.0,0,0,0,0.0,0.0,0.2441511188129033,0.0,0.0,0.0,0.0
B1,S6,10,5,49.54602068233246,0.1770840281846879,0.0,1.0003927550604772,1.4,0.0619468163215518,0.4539793176675388,1.99311965539274,4.199999999999999,1.0,0.2792391215775862,16.0,0.0,0.0,0.0,18180,654480,180,0.2,0.0,0.3822874950496007,0.0001413559393193,0.0001855381503332,0.0070991577787822,0.0121621058029617
B2,S6,10,5,49.54655040844659,0.1664759724061558,0.0,1.0003927550604772,1.4,0.0489813197288915,0.453449591553408,1.760892817421106,3.6000000000000014,1.0,0.2644708270725634,16.0,0.0,0.0,0.0,1818,65448,18,0.2,0.0,0.3799742079230205,-0.0024098487605795,-0.0019200525942011,0.0433004155030545,0.1340733415903983
B3,S6,10,5,49.54848239039784,0.1735733454166711,4.0,1.0003927550604772,1.4,0.0500850313125914,0.4515176096021562,2.157023503135296,5.0,1.0,0.2632112534576711,16.0,0.0,0.0,0.0,1818,65448,18,0.2,0.0,0.4517589108902461,0.0006264702252072,-0.0013010599513236,0.0242897150223839,0.0687341792514068
B4,S6,10,5,49.54622480337423,0.17030011278246,0.0,1.0003927550604772,1.4,0.0494640728231554,0.4537751966257701,1.9522382903871245,5.0,1.0,0.2656112467846436,0.0,0.0,0.0,0.0201753308823883,1818,65448,18,0.2,0.0,0.4283187326703651,7.160651408910645e-05,-0.0007121731118218,0.0193304860006691,0.0559834737560102
B5,S6,10,5,49.54601819863599,0.1700899551222899,0.0,1.0003927550604772,1.4,0.0494335574800572,0.4539818013640087,1.9257848486478448,5.0,1.0,0.2659865589814373,16.0,0.0,0.0,0.0,1818,65448,18,0.2,0.0,0.4327773168316156,1.4462963263406348e-06,-0.0006792505500783,0.0188921680576186,0.0554757222031476
P,S6,10,5,49.54594347057982,0.1702887443165082,0.0,1.0003927550604772,1.4,0.0496541279343814,0.4540565294201784,1.9345043918364195,5.0,1.0,0.2673035822201227,16.0,0.0,0.0,0.0,609,21924,18,1.0,0.0,0.5142856831694774,-6.067461649611472e-05,-0.0004302424946729,0.0107154950788057,0.0251699076779708
B0,S7,10,5,49.11678786974664,0.4310175357114717,0.0,1.9338898704416403,7.0,0.0741792007804779,0.5623419323824166,5.215336789611479,5.0,0.0,0.3856027946754292,16.0,0.0,0.0,0.0,0,0,0,0.0,0.0,0.2537837128716767,0.0,0.0,0.0,0.0
B1,S7,10,5,48.837503964065405,0.5496871635539985,0.0,1.0003927550604772,1.4,0.0789240936462044,0.6386067428434572,6.6074827781888725,5.0,0.0,0.4942714768234041,16.0,0.0,0.0,0.0,18180,654480,180,0.2,0.0,0.3984346237645002,0.3727444913086299,0.1848129633262516,1.1865523605108663,4.61844167338713
B2,S7,10,5,48.83678882390505,0.5489084791533949,0.0,1.0003927550604772,1.4,0.0750717253489343,0.6386067428434572,6.531411949046845,5.0,0.0,0.4913802229755822,16.0,0.0,0.0,0.0,1818,65448,18,0.2,0.0,0.3901410792098945,0.3800226579866596,0.183237098695848,1.186689324098964,4.818632311950844
B3,S7,10,5,48.83678882390505,0.5444149467610991,4.0,1.0003927550604772,1.4,0.074057789528604,0.6386067428434572,6.482484395062563,5.0,0.0,0.4855058802349207,16.0,0.0,0.0,0.0,1818,65448,18,0.2,0.0,0.4853597029698966,0.3714680715696352,0.1857880732899772,1.3768163211217512,5.040823714462927
B4,S7,10,5,48.9172151201303,0.5262534966869202,0.0,1.0003927550604772,1.4,0.0776676440359197,0.6295698658843989,6.282171548779395,5.0,0.0,0.4739144751313145,0.0,5.0,0.2742574257425743,0.4120938421553916,1818,65448,18,0.2,0.0,0.5522400891068443,0.3560249904185493,0.1750824961468069,1.255847647723769,4.767666520078111
B5,S7,10,5,48.83678882390505,0.5468997063676997,0.0,1.0003927550604772,1.4,0.0739426323012393,0.6386067428434572,6.499964495958057,5.0,0.0,0.4889400938568571,3.0,0.0,0.0,0.0061092857346903,1818,65448,18,0.2,0.0,0.5167005049518386,0.3768111975417361,0.1839456909293702,1.340578321800713,4.984659191150362
P,S7,10,5,48.83678882390505,0.5385979760082237,0.0,1.0003927550604772,1.4,0.0718066195586644,0.6386067428434572,6.147404630719238,5.0,0.0,0.4553243879104973,16.0,0.0,0.0,0.0,1255,45180,18,1.0,0.0,0.6164888613876419,0.3682485570752193,0.1841199709286058,1.3467781418243518,4.59392055443254
B0,S0,11,5,49.06561323218212,0.4531547705448934,4.0,1.9338898704416403,7.0,0.0739676737934306,0.5882852693923724,5.481536310904408,5.0,0.0,0.4022673903376018,0.0,0.0,0.0,0.0,0,0,0,0.0,0.0,0.2911842574225248,0.0,0.0,0.0,0.0
B1,S0,11,5,49.518621016660525,0.1882030490267455,0.0,1.0003927550604772,1.4,0.0600710872950116,0.4787425464415094,2.072004436252705,4.199999999999999,1.0,0.2937573971590178,0.0,0.0,0.0,0.0,18180,654480,180,0.2,0.0,0.4226735247519371,0.0,0.0,0.0,0.0
B2,S0,11,5,49.51646588024396,0.1842437526406283,0.0,1.0003927550604772,1.4,0.04901299203148,0.4800396928494947,1.9307856225222144,5.0,1.0,0.2843926040966194,0.0,0.0,0.0,0.0,1818,65448,18,0.2,0.0,0.4029541881182283,0.0,0.0,0.0,0.0
B3,S0,11,5,49.51804470827414,0.1836338705563712,0.0,1.0003927550604772,1.4,0.0490083096307611,0.4788614229242256,2.017248240198964,5.0,1.0,0.2812328531246278,0.0,0.0,0.0,0.0,1818,65448,18,0.2,0.0,0.4601901980212199,0.0,0.0,0.0,0.0
B4,S0,11,5,49.51833014359941,0.1837773795351352,0.0,1.0003927550604772,1.4,0.048946969773508,0.4786383169494641,2.0562068916817653,5.0,1.0,0.2809721813853156,0.0,0.0,0.0,-0.0125444457314948,1818,65448,18,0.2,0.0,0.4741003960391188,0.0,0.0,0.0,0.0
B5,S0,11,5,49.518392395891446,0.1837808376191459,0.0,1.0003927550604772,1.4,0.0489122295473847,0.4785917369364156,2.0597413376931266,5.0,1.0,0.280855100432561,0.0,0.0,0.0,0.0,1818,65448,18,0.2,0.0,0.4877609306925361,0.0,0.0,0.0,0.0
P,S0,11,5,49.51789393502706,0.1839193091673985,0.0,1.0003927550604772,1.4,0.0488081226829246,0.4789969027092908,2.056654260226017,5.0,1.0,0.2807528512489332,0.0,0.0,0.0,0.0,578,20808,18,1.0,0.0,0.451357712871967,0.0,0.0,0.0,0.0
B0,S1,11,5,49.06561323218212,0.4531547705448934,4.0,1.9338898704416403,7.0,0.0739676737934306,0.5882852693923724,5.481536310904408,5.0,0.0,0.3989340570042684,15.0,0.0,0.0,0.0,0,0,0,0.0,0.0,0.2753256831686548,0.0,0.0,0.0,0.0
B1,S1,11,5,49.522125044786215,0.1835456973231415,0.0,1.0003927550604772,1.4,0.0584634042480649,0.4760578211949919,1.9918763745196717,4.0,1.0,0.2855213811429236,15.0,0.0,0.0,0.0,18180,654480,180,0.2,0.0,0.4355889702967735,-0.0050683716271756,-0.0029083665072207,0.0284691042089946,0.11105720895033
B2,S1,11,5,49.53581006309707,0.1796341576620515,0.0,1.0003927550604772,1.4,0.0541788949471156,0.4641899369029332,1.9402052597233037,5.0,1.0,0.2694006236913139,15.0,0.0,0.0,0.0,1818,65448,18,0.2,0.0,0.3941894356463344,-0.004608886392454,-0.015847609360307,0.3385709483947536,0.7045744724904784
B3,S1,11,5,49.51955253560038,0.1831207209727811,0.0,1.0003927550604772,1.4,0.0491689400748745,0.4777332780140284,2.0207598226934254,5.0,1.0,0.2769161049260586,15.0,0.0,0.0,0.0,1818,65448,18,0.2,0.0,0.3780052178185407,-0.0004676793232335,-0.0010397822408521,0.0201259390111872,0.0411935338992669
B4,S1,11,5,49.52030493745327,0.183169431925707,0.0,1.0003927550604772,1.4,0.0491630857509757,0.4771608763957218,2.0616410636204443,5.0,1.0,0.276095371688943,12.2,0.0,0.0,-0.0086281168065037,1818,65448,18,0.2,0.0,0.4152769603960862,-0.0005802727100875,-0.0014176596076396,0.0248990474033874,0.0545961371357328
B5,S1,11,5,49.51861507608951,0.1836642115957749,0.0,1.0003927550604772,1.4,0.0489541978902264,0.4784453513090838,2.059402449536402,5.0,1.0,0.2771676429352442,0.2000000000000001,9.0,0.0,0.6436809430179047,1818,65448,18,0.2,0.0,0.4415458316804805,-9.002251829684504e-05,-8.660467463528221e-05,0.0028546110672493,0.0082243393132436
P,S1,11,5,49.519341110022886,0.1834039493601011,0.0,1.0003927550604772,1.4,0.0491169650966063,0.4779220065695639,2.05756248011027,5.0,1.0,0.2771896143673223,0.6000000000000005,9.0,0.0,0.629626800660722,571,20556,18,1.0,0.0,0.4220153069302859,-0.000722803277752,-0.0010634154270832,0.0094136756492844,0.0250160282113725
B0,S2,11,5,49.11678786974664,0.4310175357114717,0.0,1.9338898704416403,7.0,0.0741792007804779,0.5623419323824166,5.215336789611479,5.0,0.0,0.3856027946754292,16.0,0.0,0.0,0.0,0,0,0,0.0,0.0,0.2479915445580292,0.0,0.0,0.0,0.0
B1,S2,11,5,49.54908706315159,0.1712262887699628,0.0,1.0003927550604772,1.4,0.0619570461774902,0.450912936848411,1.9076706609903475,4.0,1.0,0.2793804619395583,16.0,0.0,0.0,0.0,18180,654480,180,0.2,0.0,0.4370056534627461,-0.0056430594510206,-0.0028533017822525,0.032971004606999,0.1217706604168348
B2,S2,11,5,49.55815450707797,0.166990462569076,0.0,1.0003927550604772,1.4,0.0524431391887017,0.4418454929220274,1.8406160999043544,5.0,1.0,0.264832291171152,16.0,0.0,0.0,0.0,1818,65448,18,0.2,0.0,0.3977675841594132,-0.0017125085881924,-0.0134370000065828,0.2840725809752129,0.5984143410251113
B3,S2,11,5,49.55192222120842,0.1730805852832658,4.0,1.0003927550604772,1.4,0.0512451584469776,0.4480777787915784,2.161719913131708,5.0,1.0,0.2636781037980762,16.0,0.0,0.0,0.0,1818,65448,18,0.2,0.0,0.4200480891113059,-9.793916232264666e-06,-0.0045032704864667,0.0595352207434842,0.1424215663075372
B4,S2,11,5,49.551654964815626,0.1724278944887068,4.0,1.0003927550604772,1.4,0.0508624730883433,0.4483450351843743,2.1237765752286166,5.0,1.0,0.2638726466175291,13.2,0.0,0.0,-0.0100867464872445,1818,65448,18,0.2,0.0,0.455863990097923,0.0004028316742451,-0.004645390609788,0.0706227727778738,0.1621131941601951
B5,S2,11,5,49.5480289497693,0.1721068834578903,4.0,1.0003927550604772,1.4,0.0498470840552959,0.4519710502306964,2.087365847647868,5.0,1.0,0.2646552625839388,1.2000000000000002,5.0,0.0,0.5595040821465815,1818,65448,18,0.2,0.0,0.4686728415850162,0.0003919546408636,-0.0011666797340836,0.0227186706354558,0.0547494090340918
P,S2,11,5,49.54744645422624,0.1720316926971175,4.0,1.0003927550604772,1.4,0.0498363644305626,0.4525535457737604,2.0882171624962,5.0,1.0,0.2652121710038457,4.199999999999999,5.0,0.0,0.5584450214112469,674,24264,18,1.0,0.0,0.4632822673250635,0.0001985644883991,-0.0008901413854047,0.0188749444735307,0.038498307394601
B0,S3,11,5,49.065613232182116,0.4531547705448934,4.0,1.9338898704416405,7.0,0.07396767379343068,0.5882852693923724,5.481536310904408,5.0,0.0,0.4022673903376018,15.0,0.0,0.0,0.0,0,0,0,0.0,0.0,0.22353298019501525,0.0,0.0,0.0,0.0
B1,S3,11,5,49.51795598785756,0.1891494820663953,0.0,1.0003927550604772,1.4000000000000001,0.06028986191451616,0.4792521759519133,2.08706941042613,5.0,1.0,0.2942991651290157,0.20000000000000018,0.0,0.0,0.0,18180,654480,180,1.6,0.0,0.36666300990089995,0.0009464330396498077,0.0005096295104038973,0.005085838113970453,0.018121771858450583
B2,S3,11,5,49.51652214838283,0.1841652088150878,0.0,1.0003927550604772,1.4000000000000001,0.04902880755050613,0.4799976039920111,1.9287727794714415,5.0,1.0,0.2844459947504938,0.20000000000000018,0.0,0.0,0.0,1818,65448,18,1.6,0.0,0.37767887128625666,-7.854382554051131e-05,-4.2088857483635334e-05,0.001035533566614788,0.00229509217064745
B3,S3,11,5,49.51821834692807,0.1835747745263857,0.0,1.0003927550604772,1.4000000000000001,0.04900522740438476,0.47873150083286475,2.0177596775357762,5.0,1.0,0.28099284296079485,0.20000000000000018,0.0,0.0,0.0,1818,65448,18,1.6,0.25742574257425743,0.3800625742571518,-5.909602998549479e-05,-0.00012992209136086785,0.0027353078055014635,0.005950743884287843
B4,S3,11,5,49.51828032201962,0.18379740366191807,0.0,1.0003927550604772,1.4000000000000001,0.04892224648540217,0.47867560574788115,2.0563355112995674,5.0,1.0,0.28088651380707,0.20000000000000018,0.0,0.0,-0.00862788894171762,1818,65448,18,1.6,0.25742574257425743,0.39489202970456755,2.0024126782869356e-05,3.728879841702337e-05,0.0007827404095905877,0.0017578044769962266
B5,S3,11,5,49.51834252953504,0.1838002580408769,0.0,1.0003927550604772,1.4000000000000001,0.04888755264883628,0.47862905923875587,2.059876937828665,5.0,1.0,0.280769513070198,0.20000000000000018,0.0,0.0,0.0,1818,65448,18,1.6,0.25742574257425743,0.4001100099023713,1.9420421731003445e-05,3.732230234027023e-05,0.0007812146916847951,0.001759350638525347
P,S3,11,5,49.51881361875876,0.18360205108944075,0.0,1.0003927550604772,1.4000000000000001,0.04890617201134202,0.4782963834343761,2.059448649875705,5.0,1.0,0.2799516346768059,0.6000000000000005,0.0,0.0,0.0,575,20700,18,1.6,0.27722772277227725,0.39279419801874105,-0.0003172580779577383,-0.0007005192749147127,0.014821397265521341,0.03042784384725791
B0,S4,11,5,49.06561323218212,0.4531547705448934,4.0,1.9338898704416403,7.0,0.0739676737934306,0.5882852693923724,5.481536310904408,5.0,0.0,0.3989340570042684,0.0,0.0,0.0,0.0,0,0,0,0.0,0.0,0.2496450693068272,0.0,0.0,0.0,0.0
B1,S4,11,5,49.5188130708771,0.1879531446078421,0.0,1.0003927550604772,1.4,0.0605183467968933,0.4785936682451321,2.068549723968842,4.199999999999999,1.0,0.2912700071941636,0.0,0.0,0.0,0.0,14130,508680,180,1.6,0.0,0.4033494752493965,-0.0006609243424749,-0.0003725194570805,0.0038278851245081,0.0136452432831973
B2,S4,11,5,49.51620867102927,0.1844938834387917,0.0,1.0003927550604772,1.4,0.0488217896931906,0.4802678374938054,1.935823506873504,5.0,1.0,0.2799000342521501,0.0,0.0,0.0,0.0,1413,50868,18,1.6,0.0,0.4201622376256474,0.0002508393842862,0.0002302912305651,0.0022735603665466,0.0065374457814954
B3,S4,11,5,49.5179884775515,0.1836530535496575,0.0,1.0003927550605,1.4,0.0489723763282209,0.4789448374679566,2.018084497393046,5.0,1.0,0.277023420394375,0.0,0.0,0.0,0.0,1413,50868,18,1.6,0.3564356435643564,0.4221414554437912,6.465325364291008e-05,0.000171777213076,0.0018906195042944,0.0040824143317315
B4,S4,11,5,49.51820788401753,0.1838149132428938,0.0,1.0003927550605,1.4,0.0488573542708951,0.4787843783351775,2.057508117535799,5.0,1.0,0.2764708227915561,0.0,0.0,0.0,-0.0130622944764607,1413,50868,18,1.6,0.3564356435643564,0.4211509603964719,6.520860709915977e-05,0.000205842331816,0.0018627238967994,0.0028735570939261
B5,S4,11,5,49.51827032073604,0.183819782556676,0.0,1.0003927550605,1.4,0.0488225501101669,0.4787376603244411,2.061081321781969,5.0,1.0,0.2763589903305951,0.0,0.0,0.0,0.0,1413,50868,18,1.6,0.3564356435643564,0.4409945049476368,6.554844260422965e-05,0.0002057043407219,0.0018537114530232,0.0031395280597074
P,S4,11,5,49.51839927845964,0.1837697630444928,0.0,1.0003927550434446,1.4,0.0487994695463185,0.4785755521749095,2.0582152326420142,5.0,1.0,0.2766162220963663,0.0,0.0,0.0,0.0,451,16236,18,1.6,0.4059405940594059,0.4125727425774373,-0.0003569895933603,-0.0004098698217376,0.0030306413145737,0.0073950772348332
B0,S5,11,5,49.06561323218212,0.4531547705448934,4.0,1.9338898704416403,7.0,0.0739676737934306,0.5882852693923724,5.481536310904408,5.0,0.0,0.3989340570042684,15.0,0.0,0.0,0.0,0,0,0,0.0,0.0,0.2312960396056501,0.0,0.0,0.0,0.0
B1,S5,11,5,49.51123618344015,0.1993314184734988,0.0,1.0003927550604772,1.4,0.0614405873912794,0.4845157041572108,2.264029439953881,5.0,1.0,0.2949249153635072,15.0,0.0,0.0,0.0,18180,654480,180,0.2,0.0,0.3901848712852334,0.0107173495231817,0.0055495164549981,0.0517927660278019,0.1933567146455657
B2,S5,11,5,48.98099388270112,0.4610996107227687,0.0,1.0003927550604772,1.4,0.0560585931733295,0.5814253666959601,5.116417844251815,5.0,0.0,0.3873041773045535,15.0,0.0,0.0,0.0,1818,65448,18,0.2,0.0,0.3730423960396455,0.2768565666682632,0.1013878204327198,1.0159170813029306,3.1856405842541475
B3,S5,11,5,49.51621599471748,0.1845463713322553,0.0,1.0003927550604772,1.4,0.0487611035539352,0.4802399401024999,2.0197442351477517,5.0,1.0,0.2784332269135856,15.0,0.0,0.0,0.0,1818,65448,18,0.2,0.0,0.3972313861415368,0.0009579710362406,0.0014668798476193,0.0317339484677177,0.063539133375319
B4,S5,11,5,49.515682918054,0.1850970683180543,0.0,1.0003927550604772,1.4,0.0485350388404345,0.4806505770608353,2.0588738938005635,5.0,1.0,0.2784140488462799,12.2,0.0,0.0,-0.0086278565718763,1818,65448,18,0.2,0.0,0.4181629009922695,0.0013473636822597,0.0020720410574739,0.0437259660213982,0.0892736880338887
B5,S5,11,5,49.51861507608951,0.1836642115957749,0.0,1.0003927550604772,1.4,0.0489541978902264,0.4784453513090838,2.059402449536402,5.0,1.0,0.2771676429352442,0.2000000000000001,6.0,0.0,0.7026719518549017,1818,65448,18,0.2,0.0,0.4540079108926083,-9.002251829684504e-05,-8.660467463528221e-05,0.0028546110672493,0.0082243393132436
P,S5,11,5,49.519341110022886,0.1834039493601011,0.0,1.0003927550604772,1.4,0.0491169650966063,0.4779220065695639,2.05756248011027,5.0,1.0,0.2771896143673223,0.6000000000000005,6.0,0.0,0.6880390313863138,587,21132,18,1.0,0.0,0.4734992475241957,-0.000722803277752,-0.0010634154270832,0.0094136756492844,0.0250160282113725
B0,S6,11,5,49.11678786974664,0.4310175357114717,0.0,1.9338898704416403,7.0,0.0741792007804779,0.5623419323824166,5.215336789611479,5.0,0.0,0.3856027946754292,16.0,0.0,0.0,0.0,0,0,0,0.0,0.0,0.2627804356457586,0.0,0.0,0.0,0.0
B1,S6,11,5,49.5460468371666,0.1769794167372459,0.0,1.0003927550604772,1.4,0.0619711047201779,0.4539531628334003,1.9898451614186712,4.199999999999999,1.0,0.2790474792858988,16.0,0.0,0.0,0.0,18180,654480,180,0.2,0.0,0.4504052673234249,0.0001100685162624,0.0001869242027368,0.0081018847851481,0.0132303932663532
B2,S6,11,5,49.5464905262297,0.1664272204085006,0.0,1.0003927550604772,1.4,0.0490130831759473,0.4535094737703034,1.7624793311015552,3.6000000000000014,1.0,0.2646600528206101,16.0,0.0,0.0,0.0,1818,65448,18,0.2,0.0,0.4022158019765946,-0.0022757507487679,-0.0017730191583069,0.0429913894152846,0.1346182890255896
B3,S6,11,5,49.54864209797529,0.1737555620962814,4.0,1.0003927550604772,1.4,0.0501947143886047,0.4513579020247107,2.167005271108033,5.0,1.0,0.2633220025552289,16.0,0.0,0.0,0.0,1818,65448,18,0.2,0.0,0.4456800594054206,0.0006651828967833,-0.0012231472533343,0.0216798166931155,0.068180744985073
B4,S6,11,5,49.54754470432973,0.1725557078251275,4.0,1.0003927550604772,1.4,0.0494268889638518,0.4524552956702763,2.111362421816499,5.0,1.0,0.2639331329984574,13.2,0.0,0.0,-0.0100864330514161,1818,65448,18,0.2,0.0,0.4313780990120751,0.0005306450106659,-0.000535130123886,0.0155558858757984,0.0458275824974371
B5,S6,11,5,49.54739606780038,0.1722497023718937,4.0,1.0003927550604772,1.4,0.0493854715466118,0.4526039321996222,2.091435780785269,5.0,1.0,0.2641451998019508,16.0,0.0,0.0,0.0,1818,65448,18,0.2,0.0,0.4469436435641964,0.000534773554867,-0.0005337977651578,0.0165199726199247,0.0471904657084571
P,S6,11,5,49.546160537220864,0.1723366461545232,4.0,1.0003927550604772,1.4,0.0494127276502428,0.4538394627791362,2.0867177048308063,5.0,1.0,0.2650965742822506,16.0,0.0,0.0,0.0,598,21528,18,1.0,0.0,0.4376881584174061,0.0005035179458047,0.000395775619971,0.007536013494132,0.0143829351907044
B0,S7,11,5,49.11678786974664,0.4310175357114717,0.0,1.9338898704416403,7.0,0.0741792007804779,0.5623419323824166,5.215336789611479,5.0,0.0,0.3856027946754292,16.0,0.0,0.0,0.0,0,0,0,0.0,0.0,0.261615514854483,0.0,0.0,0.0,0.0
B1,S7,11,5,48.84702077457733,0.549141994251796,0.0,1.0003927550604772,1.4,0.0798187674221991,0.6386067428434572,6.602449620216445,5.0,0.0,0.492636072717645,16.0,0.0,0.0,0.0,18180,654480,180,0.2,0.0,0.3994191287086206,0.3722726460308125,0.1848405042127936,1.1764069602443996,4.615417496367866
B2,S7,11,5,48.83678882390505,0.5492088588247171,0.0,1.0003927550604772,1.4,0.0755042159754042,0.6386067428434572,6.543476159633148,5.0,0.0,0.4920682938187261,16.0,0.0,0.0,0.0,1818,65448,18,0.2,0.0,0.4181686534652141,0.3805058876674486,0.1833242499148468,1.1882901732777569,4.835896449985274
B3,S7,11,5,48.83678882390505,0.5418006421492427,4.0,1.0003927550604772,1.4,0.0768123640413494,0.6386067428434572,6.387068361152801,5.0,0.0,0.4748733755666344,16.0,0.0,0.0,0.0,1818,65448,18,0.2,0.0,0.3970589504935542,0.3687102629497446,0.1860256935654121,1.3823739718026076,4.945429630152493
B4,S7,11,5,49.39558669736101,0.2898752535180389,4.0,1.0003927550604772,1.4,0.0582714529555574,0.4862969061967774,3.702574402763925,5.0,0.0,0.3574255028270987,0.0,5.0,0.0,0.7376735758695735,1818,65448,18,0.2,0.0,0.4227491980204246,0.1178501907035772,0.033306480402615,0.6466223725882756,2.2279483467005385
B5,S7,11,5,48.83678882390505,0.5424927243331413,4.0,1.0003927550604772,1.4,0.0764706797162241,0.6386067428434572,6.401674559375103,5.0,0.0,0.4768802315179538,3.0,0.0,0.0,0.0345901266329157,1818,65448,18,0.2,0.0,0.4609832277256458,0.3707777955161146,0.1854690128786771,1.370514988745171,4.937252550975246
P,S7,11,5,48.83678882390505,0.5384633228789311,4.0,1.0003927550604772,1.4,0.0742382445367135,0.6386067428434572,6.208141426185351,5.0,0.0,0.4520570776052477,16.0,0.0,0.0,0.0,1262,45432,18,1.0,0.0,0.4763059405962453,0.3666301946702126,0.185163055684292,1.3602380311746458,4.647187678948132
B0,S0,12,5,49.06561323218212,0.4531547705448934,4.0,1.9338898704416403,7.0,0.0739676737934306,0.5882852693923724,5.481536310904408,5.0,0.0,0.4022673903376018,0.0,0.0,0.0,0.0,0,0,0,0.0,0.0,0.2571136039595069,0.0,0.0,0.0,0.0
B1,S0,12,5,49.51861818066626,0.188242336892299,0.0,1.0003927550604772,1.4,0.0600684563357239,0.4787448227346189,2.0726616540353358,4.199999999999999,1.0,0.2937618059291228,0.0,0.0,0.0,0.0,18180,654480,180,0.2,0.0,0.3935989009931128,0.0,0.0,0.0,0.0
B2,S0,12,5,49.51640789208293,0.1842432414142204,0.0,1.0003927550604772,1.4,0.0488578302444551,0.4800474972470923,1.9292041210591144,5.0,1.0,0.2835632461864454,0.0,0.0,0.0,0.0,1818,65448,18,0.2,0.0,0.4085801089093023,0.0,0.0,0.0,0.0
B3,S0,12,5,49.51826031627581,0.183554732063153,0.0,1.0003927550604772,1.4,0.0489612001560254,0.4786552137542301,2.020177454734857,5.0,1.0,0.2803491944756315,0.0,0.0,0.0,0.0,1818,65448,18,0.2,0.0,0.3829248613859962,0.0,0.0,0.0,0.0
B4,S0,12,5,49.51701965567659,0.1834733542593044,0.0,1.0003927550604772,1.4,0.0488799933609765,0.4795776624410095,1.9098378955769284,5.0,1.0,0.2827310821578181,0.0,0.0,0.0,-0.0129209666168831,1818,65448,18,0.2,0.0,0.4193125544561824,0.0,0.0,0.0,0.0
B5,S0,12,5,49.51703170735366,0.1834346771719871,0.0,1.0003927550604772,1.4,0.048838480005155,0.4795686448248375,1.908861384252371,5.0,1.0,0.2827006118567724,0.0,0.0,0.0,0.0,1818,65448,18,0.2,0.0,0.4129746336621964,0.0,0.0,0.0,0.0
P,S0,12,5,49.51594967295036,0.1841164567513237,0.0,1.0003927550604772,1.4,0.0487647483562576,0.4804034999886895,1.9107103405726669,5.0,1.0,0.2835467354483373,0.0,0.0,0.0,0.0,611,21996,18,1.0,0.0,0.4246648514879888,0.0,0.0,0.0,0.0
B0,S1,12,5,49.06561323218212,0.4531547705448934,4.0,1.9338898704416403,7.0,0.0739676737934306,0.5882852693923724,5.481536310904408,5.0,0.0,0.3989340570042684,15.0,0.0,0.0,0.0,0,0,0,0.0,0.0,0.2354071683173357,0.0,0.0,0.0,0.0
B1,S1,12,5,49.52212014383671,0.1835966227586615,0.0,1.0003927550604772,1.4,0.0584215458880942,0.4760618133643177,1.9943346029930389,4.0,1.0,0.2858438329664788,15.0,0.0,0.0,0.0,18180,654480,180,0.2,0.0,0.394072643564076,-0.0050568097351452,-0.0029066506310257,0.0284839897274338,0.1092816900471767
B2,S1,12,5,49.53581006309707,0.1796016198969972,0.0,1.0003927550604772,1.4,0.0542016403795372,0.4641899369029332,1.9368059404429756,5.0,1.0,0.2694140968637957,15.0,0.0,0.0,0.0,1818,65448,18,0.2,0.0,0.3860932772275389,-0.0046419922195955,-0.0158585841002434,0.3384887101898073,0.7012971802996402
B3,S1,12,5,49.51961612311332,0.1830899105033512,0.0,1.0003927550604772,1.4,0.0491554175692211,0.4776408206686611,2.0232836851949445,5.0,1.0,0.2763711274444185,15.0,0.0,0.0,0.0,1818,65448,18,0.2,0.0,0.3822480891070125,-0.0004491912078851,-0.0009832072249196,0.0182742409056615,0.0374672456203761
B4,S1,12,5,49.51873198464763,0.1828236568151976,0.0,1.0003927550604772,1.4,0.0491159908875787,0.4782963835855156,1.9123693617988535,5.0,1.0,0.2785532035818312,0.0,0.0,0.0,0.0171210543720695,1818,65448,18,0.2,0.0,0.4447636633632992,-0.0006497827551394,-0.0012813242719076,0.0270413842055177,0.0537117994117224
B5,S1,12,5,49.516832255876544,0.1836382790444433,0.0,1.0003927550604772,1.4,0.0488380830700479,0.4797140744578172,1.911231990462438,5.0,1.0,0.2795115034006122,0.2000000000000001,9.0,0.0,0.6365762893539457,1818,65448,18,0.2,0.0,0.4211230198007338,0.0002035198875535,0.0001453842218808,0.0011646558289299,0.0037243963856283
P,S1,12,5,49.516979193329085,0.1837043535082575,0.0,1.0003927550604772,1.4,0.0489232707988616,0.4795893539271958,1.9124848432712027,5.0,1.0,0.2798090092182042,0.2000000000000001,9.0,0.0,0.6399564891180343,648,23328,18,1.0,0.0,0.4155880198037393,2.8455427316637083e-05,-0.0002779603835847,0.0093219233940047,0.0133040362414369
B0,S2,12,5,49.11678786974664,0.4310175357114717,0.0,1.9338898704416403,7.0,0.0741792007804779,0.5623419323824166,5.215336789611479,5.0,0.0,0.3856027946754292,16.0,0.0,0.0,0.0,0,0,0,0.0,0.0,0.2512022376214362,0.0,0.0,0.0,0.0
B1,S2,12,5,49.54857008590613,0.1716096015106108,0.0,1.0003927550604772,1.4,0.0618754442426292,0.4514299140938718,1.912773713673488,4.0,1.0,0.279549511825588,16.0,0.0,0.0,0.0,18180,654480,180,0.2,0.0,0.396488207917344,-0.0052922616012714,-0.0023386008299084,0.032307694980517,0.1162171049264387
B2,S2,12,5,49.55792804788919,0.1671189646109467,0.0,1.0003927550604772,1.4,0.0522378085323129,0.4420719521108154,1.843582323557204,5.0,1.0,0.2640412103765011,16.0,0.0,0.0,0.0,1818,65448,18,0.2,0.0,0.4069123069306857,-0.0016118013898839,-0.0132251881941627,0.284221654066954,0.5964744733828466
B3,S2,12,5,49.5518316821338,0.1732219568217547,4.0,1.0003927550604772,1.4,0.051081561901349,0.4481683178662052,2.16638901418322,5.0,1.0,0.2631209975187266,16.0,0.0,0.0,0.0,1818,65448,18,0.2,0.0,0.4152594950496542,-2.673406747483176e-05,-0.0043327266877497,0.0572689943897941,0.1366879728335994
B4,S2,12,5,49.55041756932573,0.1706827768001933,0.0,1.0003927550604772,1.4,0.0506359320868701,0.449582430674269,1.9946734925112328,5.0,1.0,0.2651370137317802,0.0,0.0,0.0,0.0202090130949019,1818,65448,18,0.2,0.0,0.4453087524753116,0.0004476893266382,-0.0043431007705834,0.0771936999749058,0.1722522751005008
B5,S2,12,5,49.546715361041706,0.1706050744038089,0.0,1.0003927550604772,1.4,0.0497910208032793,0.4532846389582943,1.9590855475494984,5.0,1.0,0.2667830625733745,0.7999999999999998,5.0,0.0,0.6756259689997456,1818,65448,18,0.2,0.0,0.4585829009880795,0.0005005422561822,-0.0007301529003598,0.0239149804423917,0.054471039826712
P,S2,12,5,49.54644196005912,0.1703879774291801,0.0,1.0003927550604772,1.4,0.0496297107727434,0.45355803994088,1.9446382376505704,5.0,1.0,0.2666893168544041,1.2000000000000002,5.0,0.0,0.6388643293792151,723,26028,18,1.0,0.0,0.4404337425719607,-9.816173988144716e-05,-0.0006431874559993,0.0063565071635025,0.0210136370313016
B0,S3,12,5,49.065613232182116,0.4531547705448934,4.0,1.9338898704416405,7.0,0.07396767379343068,0.5882852693923724,5.481536310904408,5.0,0.0,0.4022673903376018,15.0,0.0,0.0,0.0,0,0,0,0.0,0.0,0.25271992079087613,0.0,0.0,0.0,0.0
B1,S3,12,5,49.51638658565328,0.19147053867290292,0.0,1.0003927550604772,1.4000000000000001,0.060363273721715384,0.48045473979126996,2.125803823875406,5.0,1.0,0.29469368119592776,0.20000000000000018,0.0,0.0,0.0,18180,654480,180,1.6,0.0,0.3845128712872802,0.0032282017806039287,0.001709917056651078,0.017111723134433987,0.06056493349734779
B2,S3,12,5,49.516562467218456,0.18405267864650107,0.0,1.0003927550604772,1.4000000000000001,0.04891339124446153,0.4799244311974391,1.9246288732117947,5.0,1.0,0.28380044341854244,0.20000000000000018,0.0,0.0,0.0,1818,65448,18,1.6,0.0,0.3769086930684479,-0.00019056276771933778,-0.00012306604965317547,0.002389184135260791,0.0055516649566790454
B3,S3,12,5,49.51804714234535,0.1836274625161399,0.0,1.0003927550604772,1.4000000000000001,0.04897266548692511,0.47881472219572885,2.0194751778400453,5.0,1.0,0.28073910710340944,0.20000000000000018,0.0,0.0,0.0,1818,65448,18,1.6,0.25742574257425743,0.374343435644075,7.273045298689107e-05,0.00015950844149875687,0.003319430211675467,0.007311688153741612
B4,S3,12,5,49.516713490817665,0.18361609580663452,0.0,1.0003927550604772,1.4000000000000001,0.048880683229173334,0.4798067127710439,1.9087965373796054,5.0,1.0,0.28310837123474486,0.0,0.0,0.0,0.01712105387991414,1818,65448,18,1.6,0.25742574257425743,0.4229177524763091,0.00014274154733012745,0.00022905033003439712,0.005072503610442425,0.011424163666423933
B5,S3,12,5,49.51672538541559,0.1835732311606527,0.0,1.0003927550604772,1.4000000000000001,0.04883589610849835,0.4797978126886804,1.9078069403535471,5.0,1.0,0.28307817396099494,0.20000000000000018,0.0,0.0,0.0,1818,65448,18,1.6,0.25742574257425743,0.4577770891100414,0.00013855398866557955,0.0002291678638428607,0.005100614118084934,0.011482604506515056
P,S3,12,5,49.51656756269958,0.18375757047664337,0.0,1.0003927550604794,1.4000000000000001,0.04886322797256348,0.47993776121673193,1.9106403472611269,5.0,1.0,0.28300108537071006,0.20000000000000018,0.0,0.0,0.0,599,21564,18,1.6,0.31683168316831684,0.41912995049534574,-0.00035888627468033674,-0.00046573877195754676,0.009548658481691064,0.021410336945002932
B0,S4,12,5,49.06561323218212,0.4531547705448934,4.0,1.9338898704416403,7.0,0.0739676737934306,0.5882852693923724,5.481536310904408,5.0,0.0,0.3989340570042684,0.0,0.0,0.0,0.0,0,0,0,0.0,0.0,0.2299898316805141,0.0,0.0,0.0,0.0
B1,S4,12,5,49.51874563437407,0.1880129450065659,0.0,1.0003927550604772,1.4,0.0600361818207655,0.4786499079419144,2.068735430760477,4.199999999999999,1.0,0.2902774013265111,0.0,0.0,0.0,0.0,14080,506880,180,1.6,0.0,0.4186434257417654,-0.0006404874872408,-0.0003185560534291,0.0035336051522563,0.012603504878399
B2,S4,12,5,49.516030145751245,0.184924271605599,0.0,1.0003927550604772,1.4,0.0489444720379529,0.480398587670976,1.9515553172838087,5.0,1.0,0.2808055830300826,0.0,0.0,0.0,0.0,1408,50688,18,1.6,0.0,0.3868543267344648,0.0006806594890063,0.0003500666677993,0.0085130317815966,0.0223513076298594
B3,S4,12,5,49.51810162926285,0.1835731680345024,0.0,1.0003927550604772,1.4,0.0489850651413169,0.4788478718463267,2.014266659412704,5.0,1.0,0.2773756818573666,0.0,0.0,0.0,0.0,1408,50688,18,1.6,0.297029702970297,0.423467415842397,3.406632326610759e-05,0.0002238439527459,0.0042271687778452,0.0127716475204081
B4,S4,12,5,49.51664512824351,0.1836694536663516,0.0,1.0003927550604772,1.4,0.0489292885178919,0.4799181710800297,1.9037797925127111,5.0,1.0,0.2801713842978926,0.0,0.0,0.0,-0.0133588393583063,1408,50688,18,1.6,0.297029702970297,0.4484782970312964,0.0001960140960145,0.0003404632226065,0.0094780109137815,0.0247138844949404
B5,S4,12,5,49.51665703071176,0.1836202815672331,0.0,1.0003927550604772,1.4,0.048878470919029,0.4799092651052987,1.9025441315302856,5.0,1.0,0.2801410169304984,0.0,0.0,0.0,0.0,1408,50688,18,1.6,0.297029702970297,0.4549582079220056,0.0001855224103434,0.0003405748693623,0.0094549068565115,0.0243927008199982
P,S4,12,5,49.51658608654555,0.1836853430432265,0.0,1.0003927550594318,1.4,0.0488898930948742,0.4799322055723891,1.907355694962886,5.0,1.0,0.2800561671740093,0.0,0.0,0.0,0.0,487,17532,18,1.6,0.4158415841584158,0.410613455444198,9.44496228566516e-06,6.48912616085795e-05,0.0022660193986681,0.0069734673350978
B0,S5,12,5,49.06561323218212,0.4531547705448934,4.0,1.9338898704416403,7.0,0.0739676737934306,0.5882852693923724,5.481536310904408,5.0,0.0,0.3989340570042684,15.0,0.0,0.0,0.0,0,0,0,0.0,0.0,0.2317128415813953,0.0,0.0,0.0,0.0
B1,S5,12,5,49.512109708087415,0.1990166661376907,0.0,1.0003927550604772,1.4,0.0615183765685458,0.4837201800859816,2.259319381574806,5.0,1.0,0.2944972447918798,15.0,0.0,0.0,0.0,18180,654480,180,0.2,0.0,0.3847161287111622,0.0103632336438839,0.004751716090638,0.0513258124564686,0.1880272241958309
B2,S5,12,5,48.981246413040736,0.4609625412675648,0.0,1.0003927550604772,1.4,0.0561583758851062,0.5811953868463604,5.110792887825875,5.0,0.0,0.386209557733795,15.0,0.0,0.0,0.0,1818,65448,18,0.2,0.0,0.3991396435666691,0.276718929150972,0.1011468658431837,1.015677895456264,3.1815846525479383
B3,S5,12,5,49.51625873892949,0.1844765716878151,0.0,1.0003927550604772,1.4,0.0487123588790885,0.4801630859414061,2.021926980493668,5.0,1.0,0.2778277297669139,15.0,0.0,0.0,0.0,1818,65448,18,0.2,0.0,0.4034760098974321,0.0009374699765788,0.0015390580478253,0.0327292628287096,0.0652053079870967
B4,S5,12,5,49.51382454992084,0.1859436888039279,0.0,1.0003927550604772,1.4,0.0484630470363137,0.4820930495150932,1.927350293463476,5.0,1.0,0.2804682034155318,0.0,0.0,0.0,0.017121067727319,1818,65448,18,0.2,0.0,0.420255475249421,0.0024702492335908,0.0025153416576699,0.0505656596117205,0.113071805863629
B5,S5,12,5,49.516832255876544,0.1836382790444433,0.0,1.0003927550604772,1.4,0.0488380830700479,0.4797140744578172,1.911231990462438,5.0,1.0,0.2795115034006122,0.2000000000000001,6.0,0.0,0.6971902384535464,1818,65448,18,0.2,0.0,0.4124445445536411,0.0002035198875535,0.0001453842218808,0.0011646558289299,0.0037243963856283
P,S5,12,5,49.516979193329085,0.1837043535082575,0.0,1.0003927550604772,1.4,0.0489232707988616,0.4795893539271958,1.9124848432712027,5.0,1.0,0.2798090092182042,0.2000000000000001,6.0,0.0,0.7016749322704877,660,23760,18,1.0,0.0,0.4396945049541833,2.8455427316637083e-05,-0.0002779603835847,0.0093219233940047,0.0133040362414369
B0,S6,12,5,49.11678786974664,0.4310175357114717,0.0,1.9338898704416403,7.0,0.0741792007804779,0.5623419323824166,5.215336789611479,5.0,0.0,0.3856027946754292,16.0,0.0,0.0,0.0,0,0,0,0.0,0.0,0.2661433762357161,0.0,0.0,0.0,0.0
B1,S6,12,5,49.546045946925865,0.177043906785983,0.0,1.0003927550604772,1.4,0.0619491777060546,0.4539540530741348,1.991922904741104,4.199999999999999,1.0,0.2792011334276065,16.0,0.0,0.0,0.0,18180,654480,180,0.2,0.0,0.3981707623727806,0.0001420436741007,0.0001855381503546,0.0070991577787893,0.012160958203998
B2,S6,12,5,49.54648749669193,0.1664681468317116,0.0,1.0003927550604772,1.4,0.048859694620763,0.4535125033080689,1.7640413271126978,3.6000000000000014,1.0,0.2640595970102534,16.0,0.0,0.0,0.0,1818,65448,18,0.2,0.0,0.4069864851474692,-0.002262619169119,-0.0017846369969092,0.0428529236466275,0.1320286127199359
B3,S6,12,5,49.54855446705739,0.1738000653172747,4.0,1.0003927550604772,1.4,0.0500819448508337,0.451445532942607,2.1678059255923814,5.0,1.0,0.262878119528269,16.0,0.0,0.0,0.0,1818,65448,18,0.2,0.0,0.4136003564358046,0.0005513744280451,-0.0010555116113479,0.0181590692375621,0.0572451281386285
B4,S6,12,5,49.54650636524111,0.1705245135644846,0.0,1.0003927550604772,1.4,0.0493281086860646,0.4534936347588925,1.9759845973850536,5.0,1.0,0.2649021174299279,0.0,0.0,0.0,0.0202099485969975,1818,65448,18,0.2,0.0,0.4248794554480963,0.0002894260909295,-0.0004318966859599,0.0195281093265577,0.0444644186695008
B5,S6,12,5,49.54642739289089,0.1703619286929862,0.0,1.0003927550604772,1.4,0.049293287792488,0.453572607109109,1.959912104191038,5.0,1.0,0.2650815642626527,16.0,0.0,0.0,0.0,1818,65448,18,0.2,0.0,0.4588290099031882,0.0002573965453595,-0.000442184749545,0.0195259784304866,0.0448860204203057
P,S6,12,5,49.54594044789082,0.17063388364149,0.0,1.0003927550604772,1.4,0.0493609527881168,0.4540595521091788,1.95457790989174,5.0,1.0,0.2659755541027997,16.0,0.0,0.0,0.0,667,24012,18,1.0,0.0,0.4551400594065475,0.0001477444724283,-0.0001416752877005,0.013687038232085,0.0228985503662904
B0,S7,12,5,49.11678786974664,0.4310175357114717,0.0,1.9338898704416403,7.0,0.0741792007804779,0.5623419323824166,5.215336789611479,5.0,0.0,0.3856027946754292,16.0,0.0,0.0,0.0,0,0,0,0.0,0.0,0.2459096732705478,0.0,0.0,0.0,0.0
B1,S7,12,5,48.84710611093895,0.5491497182545518,0.0,1.0003927550604772,1.4,0.0798134691521943,0.6386067428434572,6.602727219844274,5.0,0.0,0.4926480255118723,16.0,0.0,0.0,0.0,18180,654480,180,0.2,0.0,0.4239241980210881,0.3722478551426695,0.1848382279196769,1.1764110858353547,4.615261611812145
B2,S7,12,5,48.83678882390505,0.5491651657376356,0.0,1.0003927550604772,1.4,0.0755065696084782,0.6386067428434572,6.54311720640982,5.0,0.0,0.4919319299654955,16.0,0.0,0.0,0.0,1818,65448,18,0.2,0.0,0.3796995148501209,0.3804343997368049,0.183309602538479,1.1882132377659502,4.835478567921781
B3,S7,12,5,48.83678882390505,0.5416754040921533,4.0,1.0003927550604772,1.4,0.0767312094664318,0.6386067428434572,6.382460077871013,5.0,0.0,0.4742797652455595,16.0,0.0,0.0,0.0,1818,65448,18,0.2,0.0,0.3975633663361408,0.3684267132029237,0.1861056982895021,1.3839593894429356,4.943850503871538
B4,S7,12,5,49.37610574664596,0.2993858221676111,0.0,1.0003927550604772,1.4,0.0586898303063717,0.4899991568698922,3.7791732441240913,5.0,0.0,0.3619634222875902,0.0,5.0,0.0,0.7377187987682515,1818,65448,18,0.2,0.0,0.4424239900979974,0.129150734694056,0.0360736254250397,0.6523105954617563,2.282587970897792
B5,S7,12,5,48.83678882390505,0.5432306347918741,0.0,1.0003927550604772,1.4,0.0761138919247508,0.6386067428434572,6.384722402840225,5.0,0.0,0.4778138773395078,3.0,0.0,0.0,0.0422629301496743,1818,65448,18,0.2,0.0,0.433945207920026,0.3731261026442474,0.184591950984803,1.3527539108465303,4.894954575024145
P,S7,12,5,48.83678882390505,0.5387445737833682,0.0,1.0003927550604772,1.4,0.0741229895730415,0.6386067428434572,6.163606937497412,5.0,0.0,0.4546005604557832,3.0,0.0,0.0,0.0022669864436654,1282,46152,18,1.0,0.0,0.417708653462751,0.3682584346143065,0.1844055154465778,1.3616217989116564,4.647368237636329
B0,S0,13,5,49.06561323218212,0.4531547705448934,4.0,1.9338898704416403,7.0,0.0739676737934306,0.5882852693923724,5.481536310904408,5.0,0.0,0.4022673903376018,0.0,0.0,0.0,0.0,0,0,0,0.0,0.0,0.2346667920797285,0.0,0.0,0.0,0.0
B1,S0,13,5,49.51856169203468,0.1882230941384209,0.0,1.0003927550604772,1.4,0.060048040620002,0.4787844841492727,2.0711167782404503,4.199999999999999,1.0,0.29370041175008,0.0,0.0,0.0,0.0,18180,654480,180,0.2,0.0,0.3751765841593398,0.0,0.0,0.0,0.0
B2,S0,13,5,49.51635640994033,0.1842990256621978,0.0,1.0003927550604772,1.4,0.0488986979691531,0.4801153742435815,1.9317174575821403,5.0,1.0,0.2837037006295438,0.0,0.0,0.0,0.0,1818,65448,18,0.2,0.0,0.3988686831680842,0.0,0.0,0.0,0.0
B3,S0,13,5,49.51806979673237,0.1835692778342313,0.0,1.0003927550604772,1.4,0.0489800195470338,0.478838608177675,2.0149334259592546,5.0,1.0,0.2804158391412676,0.0,0.0,0.0,0.0,1818,65448,18,0.2,0.0,0.3844314653476188,0.0,0.0,0.0,0.0
B4,S0,13,5,49.51833524271253,0.1838238943099668,0.0,1.0003927550604772,1.4,0.0488643281512532,0.4786385313178343,2.0655418519744755,5.0,1.0,0.279898486107614,0.0,0.0,0.0,-0.0133513819828627,1818,65448,18,0.2,0.0,0.4134046732657891,0.0,0.0,0.0,0.0
B5,S0,13,5,49.5183914702309,0.1838379658446882,0.0,1.0003927550604772,1.4,0.0488291758089095,0.4785964593160798,2.069719694495133,5.0,1.0,0.2798261105070568,0.0,0.0,0.0,0.0,1818,65448,18,0.2,0.0,0.4321173168325841,0.0,0.0,0.0,0.0
P,S0,13,5,49.51935425961197,0.1837457836958848,0.0,1.0003927550604772,1.4,0.0490138382847229,0.477855407497131,2.08432466138936,5.0,1.0,0.2794309337657214,0.0,0.0,0.0,0.0,600,21600,18,1.0,0.0,0.4435094851492022,0.0,0.0,0.0,0.0
B0,S1,13,5,49.06561323218212,0.4531547705448934,4.0,1.9338898704416403,7.0,0.0739676737934306,0.5882852693923724,5.481536310904408,5.0,0.0,0.3989340570042684,15.0,0.0,0.0,0.0,0,0,0,0.0,0.0,0.2335409603937036,0.0,0.0,0.0,0.0
B1,S1,13,5,49.52206572016036,0.1835632800782443,0.0,1.0003927550604772,1.4,0.058438728932417,0.4760997589027766,1.9909095107204813,4.0,1.0,0.2854598751255593,15.0,0.0,0.0,0.0,18180,654480,180,0.2,0.0,0.3956113267320526,-0.0050710131468149,-0.0029083665071922,0.0284736756472767,0.1110817921189351
B2,S1,13,5,49.53581006309707,0.1796291560157102,0.0,1.0003927550604772,1.4,0.0541908632346758,0.4641899369029332,1.9398542821336464,5.0,1.0,0.2693523617739189,15.0,0.0,0.0,0.0,1818,65448,18,0.2,0.0,0.4101706039598344,-0.0046691872595505,-0.0159232907544151,0.3395071375794316,0.7074508328844783
B3,S1,13,5,49.51950427890576,0.1830726399798853,0.0,1.0003927550604772,1.4,0.0491554685868839,0.4777652550582729,2.018530282902196,5.0,1.0,0.2763419781684216,15.0,0.0,0.0,0.0,1818,65448,18,0.2,0.0,0.4468278316830992,-0.0005426125137249,-0.0011657133528686,0.021932313775892,0.0456812738931205
B4,S1,13,5,49.52039086194893,0.1831617494478717,0.0,1.0003927550604772,1.4,0.0492129775190623,0.4771003899355932,2.068847337437112,5.0,1.0,0.2757248325819446,12.2,0.0,0.0,-0.0090151728415387,1818,65448,18,0.2,0.0,0.4226054158409332,-0.0006882807672792,-0.0015967650176804,0.0267735756898446,0.0586828827626788
B5,S1,13,5,49.51848401241147,0.1837710691884926,0.0,1.0003927550604772,1.4,0.0489100137264479,0.4785238933086049,2.068519762964132,5.0,1.0,0.2764294083376399,0.2000000000000001,9.0,0.0,0.6432233493603376,1818,65448,18,0.2,0.0,0.424260178218415,-9.196585693801997e-05,-0.0001311896461544,0.0018014287803822,0.0047292635056095
P,S1,13,5,49.5192619552501,0.1837243084239208,0.0,1.0003927550604772,1.4,0.0489635701069218,0.4779344104366387,2.0822924469418944,5.0,1.0,0.2758567651410937,0.4000000000000003,9.0,0.0,0.6419267487540956,640,23040,18,1.0,0.0,0.40007337623921,-7.979987328698979e-05,-4.6104062086271824e-05,0.0046104186533924,0.0101149879406101
B0,S2,13,5,49.11678786974664,0.4310175357114717,0.0,1.9338898704416403,7.0,0.0741792007804779,0.5623419323824166,5.215336789611479,5.0,0.0,0.3856027946754292,16.0,0.0,0.0,0.0,0,0,0,0.0,0.0,0.2414693861391071,0.0,0.0,0.0,0.0
B1,S2,13,5,49.54904512544382,0.171245933997422,0.0,1.0003927550604772,1.4,0.0619335390026866,0.4509548745561815,1.906932391258903,4.0,1.0,0.2793183824271208,16.0,0.0,0.0,0.0,18180,654480,180,0.2,0.0,0.3817105445552154,-0.0056472943990459,-0.0028533017822596,0.0330077399307455,0.1218060030233012
B2,S2,13,5,49.55814284117837,0.1670234153345642,0.0,1.0003927550604772,1.4,0.0522817279087695,0.4418571588216267,1.8432410899112912,5.0,1.0,0.2641703966133849,16.0,0.0,0.0,0.0,1818,65448,18,0.2,0.0,0.3820959801973598,-0.0017633226758131,-0.0134821504399482,0.2856190841332378,0.6029057095684514
B3,S2,13,5,49.55172353179521,0.1731674554900613,4.0,1.0003927550604772,1.4,0.0510984154693778,0.4482764682047886,2.16367060043318,5.0,1.0,0.2633199231070729,16.0,0.0,0.0,0.0,1818,65448,18,0.2,0.0,0.3855402574252835,-9.783426534432094e-06,-0.0045555827767458,0.0605761498316965,0.1439045268709726
B4,S2,13,5,49.55183100743507,0.1732019027312537,4.0,1.0003927550604772,1.4,0.0507399952178127,0.4481689925649306,2.1643478758278523,5.0,1.0,0.2630711657981622,13.2,0.0,0.0,-0.0103420746007211,1818,65448,18,0.2,0.0,0.4149460990105365,0.0002593551966925,-0.0046946626658623,0.0648098284519207,0.1551052484176942
B5,S2,13,5,49.54798510448578,0.1727916504888008,4.0,1.0003927550604772,1.4,0.0496085491662593,0.4520148955142176,2.125049181480448,5.0,1.0,0.2639704414402125,1.2000000000000002,5.0,0.0,0.5595779046726055,1818,65448,18,0.2,0.0,0.462499227722057,0.0002866686294509,-0.0010512459548621,0.0164208619325734,0.0447996585180049
P,S2,13,5,49.54783963994385,0.1731707942234129,4.0,1.0003927550604772,1.4,0.0496893802829537,0.4521603600561477,2.143191228308156,5.0,1.0,0.2640246741479142,1.4000000000000004,5.0,0.0,0.5656948196085667,699,25164,18,1.0,0.0,0.4309782970276411,3.746469015050713e-05,-0.0002123881547717,0.0034943128832765,0.0080240599275576
B0,S3,13,5,49.065613232182116,0.4531547705448934,4.0,1.9338898704416405,7.0,0.07396767379343068,0.5882852693923724,5.481536310904408,5.0,0.0,0.4022673903376018,15.0,0.0,0.0,0.0,0,0,0,0.0,0.0,0.23183382178319903,0.0,0.0,0.0,0.0
B1,S3,13,5,49.51788085888865,0.18919238139913142,0.0,1.0003927550604772,1.4000000000000001,0.060262451439062385,0.4793062240437038,2.0865258663014385,5.0,1.0,0.29423565608392954,0.20000000000000018,0.0,0.0,0.0,18180,654480,180,1.6,0.0,0.4118509207926601,0.0009692872607105218,0.0005217398944311058,0.0052072402711687005,0.018554953745525182
B2,S3,13,5,49.51659914856375,0.18395386332206753,0.0,1.0003927550604772,1.4000000000000001,0.04892429167903911,0.47993371083556013,1.9224179280456624,5.0,1.0,0.2836681335425769,0.20000000000000018,0.0,0.0,0.0,1818,65448,18,1.6,0.0,0.37722613861471543,-0.00034516234013026725,-0.00018166340802139302,0.004481194254360332,0.00948056164711559
B3,S3,13,5,49.5181770622732,0.18353500795426297,0.0,1.0003927550604772,1.4000000000000001,0.04898167753491307,0.47875834528779393,2.01571964131873,5.0,1.0,0.28029255297673944,0.20000000000000018,0.0,0.0,0.0,1818,65448,18,1.6,0.25742574257425743,0.3897307920797715,-3.426987996832387e-05,-8.026288988105534e-05,0.0017025109619837053,0.0037704129648865594
B4,S3,13,5,49.518511840729694,0.18376189552417996,0.0,1.0003927550604772,1.4000000000000001,0.04890127161423133,0.47850639502129866,2.0656726048108487,5.0,1.0,0.27991342280526116,0.20000000000000018,0.0,0.0,-0.009015171503078179,1818,65448,18,1.6,0.25742574257425743,0.42815871287224005,-6.199878578683204e-05,-0.0001321362965356343,0.0027257269232379144,0.005577884181915492
B5,S3,13,5,49.51856805076206,0.18377736170137177,0.0,1.0003927550604772,1.4000000000000001,0.048865796403858616,0.4784643361033716,2.0698032434435696,5.0,1.0,0.27984106642368756,0.20000000000000018,0.0,0.0,0.0,1818,65448,18,1.6,0.25742574257425743,0.4292020693094738,-6.0604143316433934e-05,-0.00013212321270822391,0.0026833966878498927,0.005510534457273051
P,S3,13,5,49.51912115477742,0.18381638727266655,0.0,1.0003927550604774,1.4000000000000001,0.0489437460748079,0.4780245741761888,2.0841049011319335,5.0,1.0,0.2792260870930975,0.40000000000000036,0.0,0.0,0.0,617,22212,18,1.6,0.3069306930693069,0.4391708316823965,7.060357678176366e-05,0.00016916667905780836,0.002278217299675589,0.005459777234013073
B0,S4,13,5,49.06561323218212,0.4531547705448934,4.0,1.9338898704416403,7.0,0.0739676737934306,0.5882852693923724,5.481536310904408,5.0,0.0,0.3989340570042684,0.0,0.0,0.0,0.0,0,0,0,0.0,0.0,0.2441799901008731,0.0,0.0,0.0,0.0
B1,S4,13,5,49.51813186394132,0.1888643405535579,0.0,1.0003927550604772,1.4,0.0605634112821213,0.4791163993277507,2.0822115494358533,4.199999999999999,1.0,0.2915306288508635,0.0,0.0,0.0,0.0,14140,509040,180,1.6,0.0,0.4202107326710746,0.0002300473284987,0.0001082739177817,0.0029408575586131,0.0054695337001078
B2,S4,13,5,49.51618895921226,0.1845597260592292,0.0,1.0003927550604772,1.4,0.0489767795500821,0.4803105810011203,1.9435029455975297,5.0,1.0,0.2810873300512128,0.0,0.0,0.0,0.0,1414,50904,18,1.6,0.0,0.3914857227728405,0.0002613827839683,0.000197353343772,0.0032552535961158,0.0118054912542937
B3,S4,13,5,49.51807863904283,0.1835292345624377,0.0,1.0003927550605,1.4,0.0489134281065648,0.478871407271491,2.0120922363785505,5.0,1.0,0.2769822384125703,0.0,0.0,0.0,0.0,1414,50904,18,1.6,0.3564356435643564,0.393288831683004,-8.601793117249401e-05,-5.956113965055465e-05,0.0015373290572,0.0039767431591904
B4,S4,13,5,49.51829838795168,0.1837617446993694,0.0,1.0003927550605,1.4,0.0488129250117033,0.478707197869852,2.058849281435791,5.0,1.0,0.2764096347712163,0.0,0.0,0.0,-0.0134147203704749,1414,50904,18,1.6,0.3564356435643564,0.4569754356443899,-8.82855157815221e-05,1.0042916578356651e-05,0.0032295597960896,0.0077500559203073
B5,S4,13,5,49.518353782002,0.1837861540927532,0.0,1.0003927550605,1.4,0.0487760254848808,0.4786657495072575,2.06346367995913,5.0,1.0,0.2763045940097591,0.0,0.0,0.0,0.0,1414,50904,18,1.6,0.3564356435643564,0.4375738316826251,-7.688095267749384e-05,1.066655249815085e-05,0.0032139217192295,0.0073374877746374
P,S4,13,5,49.519001554130654,0.1838751662135097,0.0,1.0003927550594318,1.4,0.0488979450719284,0.4782023644470783,2.080803511047894,5.0,1.0,0.2764221874296049,0.0,0.0,0.0,0.0,470,16920,18,1.6,0.4059405940594059,0.4067569702963756,7.105791630196423e-05,0.0002218499483532,0.0047223878405233,0.0106434572737718
B0,S5,13,5,49.06561323218212,0.4531547705448934,4.0,1.9338898704416403,7.0,0.0739676737934306,0.5882852693923724,5.481536310904408,5.0,0.0,0.3989340570042684,15.0,0.0,0.0,0.0,0,0,0,0.0,0.0,0.2364590891059802,0.0,0.0,0.0,0.0
B1,S5,13,5,49.51116956748828,0.1993593395440523,0.0,1.0003927550604772,1.4,0.0614146838427424,0.4845652545342673,2.2633146717402277,5.0,1.0,0.2948693969908244,15.0,0.0,0.0,0.0,18180,654480,180,0.2,0.0,0.3933257227736879,0.0107250463189931,0.0055571291242983,0.0518235433329365,0.1934174633998331
B2,S5,13,5,48.979847947176566,0.4614493902508815,0.0,1.0003927550604772,1.4,0.0560010931658184,0.581699999445398,5.11864971705859,5.0,0.0,0.386927127768653,15.0,0.0,0.0,0.0,1818,65448,18,0.2,0.0,0.3673466039619579,0.2771510469756206,0.1015867717880496,1.016143671567086,3.186940113441428
B3,S5,13,5,49.51566969917919,0.1848063238834637,0.0,1.0003927550604772,1.4,0.0486672034887524,0.4806696164308732,2.018393157086051,5.0,1.0,0.2779880849214089,15.0,0.0,0.0,0.0,1818,65448,18,0.2,0.0,0.3843219009882382,0.0011910713898534,0.0017386480197316,0.0363087243699027,0.0749383139975108
B4,S5,13,5,49.51512063508419,0.1855639699852451,0.0,1.0003927550604772,1.4,0.0483848769741175,0.4811023327385939,2.069273923395408,5.0,1.0,0.2777095295947675,12.2,0.0,0.0,-0.0090151429640736,1818,65448,18,0.2,0.0,0.4297948316844208,0.0017139397700941,0.0024051777853202,0.0502206087465708,0.1058500534264239
B5,S5,13,5,49.51848401241147,0.1837710691884926,0.0,1.0003927550604772,1.4,0.0489100137264479,0.4785238933086049,2.068519762964132,5.0,1.0,0.2764294083376399,0.2000000000000001,6.0,0.0,0.7027512475474021,1818,65448,18,0.2,0.0,0.4244648415815301,-9.196585693801997e-05,-0.0001311896461544,0.0018014287803822,0.0047292635056095
P,S5,13,5,49.5192619552501,0.1837243084239208,0.0,1.0003927550604772,1.4,0.0489635701069218,0.4779344104366387,2.0822924469418944,5.0,1.0,0.2758567651410937,0.4000000000000003,6.0,0.0,0.6977356711101741,640,23040,18,1.0,0.0,0.4239866930670404,-7.979987328698979e-05,-4.6104062086271824e-05,0.0046104186533924,0.0101149879406101
B0,S6,13,5,49.11678786974664,0.4310175357114717,0.0,1.9338898704416403,7.0,0.0741792007804779,0.5623419323824166,5.215336789611479,5.0,0.0,0.3856027946754292,16.0,0.0,0.0,0.0,0,0,0,0.0,0.0,0.2521914356437643,0.0,0.0,0.0,0.0
B1,S6,13,5,49.54600489945883,0.1770045365367164,0.0,1.0003927550604772,1.4,0.0619459580511477,0.4539951005411708,1.9892324384458704,4.199999999999999,1.0,0.27898539977346,16.0,0.0,0.0,0.0,18180,654480,180,0.2,0.0,0.3913330198055618,0.0001113081402484,0.0001869242027296,0.0081018847851197,0.0132307182525146
B2,S6,13,5,49.5464148448356,0.1664670233145991,0.0,1.0003927550604772,1.4,0.0488555898363898,0.4535851551643972,1.7653193187522356,3.6000000000000014,1.0,0.2643273487961466,16.0,0.0,0.0,0.0,1818,65448,18,0.2,0.0,0.3804351683158691,-0.0023197146957783,-0.0017541540971777,0.0431344349174551,0.1357852081610822
B3,S6,13,5,49.54833207537187,0.1738103374063749,4.0,1.0003927550604772,1.4,0.0500282876563279,0.4516679246281327,2.1671575288035947,5.0,1.0,0.2630557311151229,16.0,0.0,0.0,0.0,1818,65448,18,0.2,0.0,0.3849522475248516,0.0006330984897791,-0.0011641263534016,0.0207862155274369,0.0649937467638863
B4,S6,13,5,49.54756749815549,0.1733627904916864,4.0,1.0003927550604772,1.4,0.0493297256724196,0.4524325018445125,2.150440496354512,5.0,1.0,0.2634289305171841,13.2,0.0,0.0,-0.0103424426066017,1818,65448,18,0.2,0.0,0.418954198023742,0.0004202429571252,-0.0004311533862804,0.0126766497700785,0.0340441740810909
B5,S6,13,5,49.547364643351386,0.1729635746998012,4.0,1.0003927550604772,1.4,0.049282002213235,0.4526353566486136,2.128171505834964,5.0,1.0,0.2637277984499833,16.0,0.0,0.0,0.0,1818,65448,18,0.2,0.0,0.4641317326705476,0.0004585928404513,-0.0004307848204661,0.0140150896521262,0.0365367043099155
P,S6,13,5,49.54706923919975,0.1730954823246219,4.0,1.0003927550604772,1.4,0.0491241588215179,0.4529307608002497,2.1399756371347003,5.0,1.0,0.2633711539309832,16.0,0.0,0.0,0.0,634,22824,18,1.0,0.0,0.4506423762346584,-3.784720864052904e-05,0.0005580125893303,0.0177003014757914,0.040918384884258
B0,S7,13,5,49.11678786974664,0.4310175357114717,0.0,1.9338898704416403,7.0,0.0741792007804779,0.5623419323824166,5.215336789611479,5.0,0.0,0.3856027946754292,16.0,0.0,0.0,0.0,0,0,0,0.0,0.0,0.2432161683179518,0.0,0.0,0.0,0.0
B1,S7,13,5,48.8375572300723,0.5508806803457766,0.0,1.0003927550604772,1.4,0.078679784801107,0.6386067428434572,6.643503661647858,5.0,0.0,0.496749049434608,16.0,0.0,0.0,0.0,18180,654480,180,0.2,0.0,0.3935765940596947,0.3739874519493086,0.184798566505016,1.1868422646679164,4.656956777622685
B2,S7,13,5,48.83678882390505,0.549128217650582,0.0,1.0003927550604772,1.4,0.0755123928984372,0.6386067428434572,6.540720396905909,5.0,0.0,0.4919394595390337,16.0,0.0,0.0,0.0,1818,65448,18,0.2,0.0,0.3900023069324408,0.3803414796402045,0.1832674335818822,1.1871883069206175,4.829933874479638
B3,S7,13,5,48.83678882390505,0.5452884727448205,4.0,1.0003927550604772,1.4,0.0758397276898983,0.6386067428434572,6.518649287299694,5.0,0.0,0.4879448878749742,16.0,0.0,0.0,0.0,1818,65448,18,0.2,0.0,0.4074476138598719,0.3721112338282247,0.1857746918619227,1.381413487092935,5.102489337023278
B4,S7,13,5,48.959174536580335,0.5048232045609147,4.0,1.0003927550604772,1.4,0.0762644682218325,0.6232385779711507,6.114748370845781,5.0,0.0,0.4631089263329977,0.0,5.0,0.3237623762376238,0.3031544788515594,1818,65448,18,0.2,0.0,0.4291471188102294,0.3318806570263535,0.1703749227403577,1.218550546575102,4.679514503213706
B5,S7,13,5,48.83678882390505,0.5461609794938987,4.0,1.0003927550604772,1.4,0.0757308734336422,0.6386067428434572,6.552001740780675,5.0,0.0,0.4897725133627706,3.0,0.0,0.0,0.0423359607681724,1818,65448,18,0.2,0.0,0.476762079208381,0.3736559976345489,0.1855406013743774,1.3784472952146345,5.113996441618991
P,S7,13,5,48.83678882390505,0.543124904618698,4.0,1.0003927550604772,1.4,0.0750862655309791,0.6386067428434572,6.446689678383027,5.0,0.0,0.4809095268969967,3.0,0.0,0.0,0.0226458468950333,1282,46152,18,1.0,0.0,0.4233774257450517,0.3699915750854355,0.1862339946325377,1.3926941364231311,5.014567004938042
B0,S0,14,5,49.06561323218212,0.4531547705448934,4.0,1.9338898704416403,7.0,0.0739676737934306,0.5882852693923724,5.481536310904408,5.0,0.0,0.4022673903376018,0.0,0.0,0.0,0.0,0,0,0,0.0,0.0,0.2309270198025788,0.0,0.0,0.0,0.0
B1,S0,14,5,49.51859002696206,0.1882721226664124,0.0,1.0003927550604772,1.4,0.0600555212722972,0.4787612854187628,2.072664293950541,4.199999999999999,1.0,0.2937447871380427,0.0,0.0,0.0,0.0,18180,654480,180,0.2,0.0,0.3814284455435008,0.0,0.0,0.0,0.0
B2,S0,14,5,49.51629837011025,0.1842215966450008,0.0,1.0003927550604772,1.4,0.0488757237170171,0.4802286439860879,1.929210171956506,5.0,1.0,0.2835520444985394,0.0,0.0,0.0,0.0,1818,65448,18,0.2,0.0,0.3744642772289808,0.0,0.0,0.0,0.0
B3,S0,14,5,49.51784955980487,0.1836828080455457,0.0,1.0003927550604772,1.4,0.0488684638759929,0.4790552290023484,2.019285253653426,5.0,1.0,0.2800982986047722,0.0,0.0,0.0,0.0,1818,65448,18,0.2,0.0,0.4005539306913621,0.0,0.0,0.0,0.0
B4,S0,14,5,49.51814580041655,0.1839172478816046,0.0,1.0003927550604772,1.4,0.0488105610144231,0.4788461217994992,2.06785662072,5.0,1.0,0.2797255309941716,0.0,0.0,0.0,-0.0129133790438613,1818,65448,18,0.2,0.0,0.4162956039622393,0.0,0.0,0.0,0.0
B5,S0,14,5,49.518254496380685,0.1839541311429288,0.0,1.0003927550604772,1.4,0.0487807144515107,0.4787647905061263,2.075294095560815,5.0,1.0,0.2795391868288367,0.0,0.0,0.0,0.0,1818,65448,18,0.2,0.0,0.4379039504927656,0.0,0.0,0.0,0.0
P,S0,14,5,49.51871279357775,0.1840859747753601,0.0,1.0003927550604772,1.4,0.0488048119599166,0.4784289800601584,2.094620162638574,5.0,1.0,0.2789459341638531,0.0,0.0,0.0,0.0,607,21852,18,1.0,0.0,0.4079294158415932,0.0,0.0,0.0,0.0
B0,S1,14,5,49.06561323218212,0.4531547705448934,4.0,1.9338898704416403,7.0,0.0739676737934306,0.5882852693923724,5.481536310904408,5.0,0.0,0.3989340570042684,15.0,0.0,0.0,0.0,0,0,0,0.0,0.0,0.232137752476828,0.0,0.0,0.0,0.0
B1,S1,14,5,49.52209199013252,0.1836206849052419,0.0,1.0003927550604772,1.4,0.0584093790887861,0.4760782760484616,1.994242243267482,4.0,1.0,0.2858245866606364,15.0,0.0,0.0,0.0,18180,654480,180,0.2,0.0,0.3693155148503498,-0.0050628058578678,-0.0029066506310186,0.0284927040124713,0.1093333716130345
B2,S1,14,5,49.53581006309707,0.1795817396285672,0.0,1.0003927550604772,1.4,0.0541683443812323,0.4641899369029332,1.9359353787054263,5.0,1.0,0.269405016712176,15.0,0.0,0.0,0.0,1818,65448,18,0.2,0.0,0.3633058514865432,-0.0046391487259964,-0.0160365604969214,0.3380338419398399,0.6995027502979388
B3,S1,14,5,49.51931815675262,0.1831879855245761,0.0,1.0003927550604772,1.4,0.0490775476419227,0.4779563602653951,2.0229271899225347,5.0,1.0,0.2761057603046645,15.0,0.0,0.0,0.0,1818,65448,18,0.2,0.0,0.3763185544551444,-0.0004810713288324,-0.0010717154485249,0.0202808636273061,0.0415563209456649
B4,S1,14,5,49.520169702827694,0.1832798927980282,0.0,1.0003927550604772,1.4,0.0491571042548555,0.4773317162136621,2.071481090420251,5.0,1.0,0.275566299322079,0.0,0.0,0.0,0.0171209922154799,1818,65448,18,0.2,0.0,0.3948298514869477,-0.0006592699829111,-0.0015638535076689,0.0265721419623474,0.0572606730269626
B5,S1,14,5,49.51815723610661,0.1840430171151188,0.0,1.0003927550604772,1.4,0.0487762176231497,0.4788335911994181,2.076456986139503,5.0,1.0,0.2762877661852427,0.2000000000000001,9.0,0.0,0.6362045369540318,1818,65448,18,0.2,0.0,0.4048274059407571,6.736768630322132e-05,1.9352772497427395e-05,0.0010085257780474,0.0013239181336317
P,S1,14,5,49.518514490743634,0.1842162206234542,0.0,1.0003927550604772,1.4,0.0487568234992639,0.4785594476207535,2.0955125375438133,5.0,1.0,0.2755692318509833,0.6000000000000005,9.0,0.0,0.6208849335858064,617,22212,18,1.0,0.0,0.3980859504970272,0.0004650521556913,0.0006508805913725,0.0102065491580347,0.0264827591023085
B0,S2,14,5,49.11678786974664,0.4310175357114717,0.0,1.9338898704416403,7.0,0.0741792007804779,0.5623419323824166,5.215336789611479,5.0,0.0,0.3856027946754292,16.0,0.0,0.0,0.0,0,0,0,0.0,0.0,0.266811960396934,0.0,0.0,0.0,0.0
B1,S2,14,5,49.548553623221984,0.1716413979453116,0.0,1.0003927550604772,1.4,0.0618641944764757,0.4514463767780157,1.9130746545143709,4.0,1.0,0.2795367472832675,16.0,0.0,0.0,0.0,18180,654480,180,0.2,0.0,0.3918036930705363,-0.0053113941264898,-0.0023386008299084,0.0323787620116249,0.1164378064284641
B2,S2,14,5,49.55778216514957,0.1670835274936948,0.0,1.0003927550604772,1.4,0.0522743377934581,0.4422178348504317,1.839213524177892,5.0,1.0,0.2640592287202519,16.0,0.0,0.0,0.0,1818,65448,18,0.2,0.0,0.3758730396055956,-0.0016138994345847,-0.0131368492343426,0.2839039403175931,0.5951383736196367
B3,S2,14,5,49.55186456634279,0.172982895052535,4.0,1.0003927550604772,1.4,0.0511673205473275,0.4481354336572138,2.156964881876284,5.0,1.0,0.2630687004906605,16.0,0.0,0.0,0.0,1818,65448,18,0.2,0.0,0.3925817029697343,-1.628662152128313e-05,-0.0047633643228053,0.0637186200943915,0.151906956428047
B4,S2,14,5,49.55188039390964,0.172798784412201,4.0,1.0003927550604772,1.4,0.0507586661808116,0.4481196060903585,2.1452959778065974,5.0,1.0,0.2626524513591997,0.0,0.0,0.0,0.02089216079666,1818,65448,18,0.2,0.0,0.4218574653449569,0.0003295053471867,-0.0049609435250772,0.071831317182692,0.1696720357156102
B5,S2,14,5,49.54804812789852,0.1726631486612519,4.0,1.0003927550604772,1.4,0.0495567773517151,0.4519518721014819,2.111214598471968,5.0,1.0,0.2634455635842487,1.2000000000000002,5.0,0.0,0.5601582716232687,1818,65448,18,0.2,0.0,0.4211571980173031,0.0005669576854898,-0.0012637809876565,0.0262906464681691,0.0636453651864016
P,S2,14,5,49.547483212367446,0.1733169593143835,4.0,1.0003927550604772,1.4,0.0494062316032252,0.452516787632554,2.141136337276022,5.0,1.0,0.2634976212453221,1.4000000000000004,5.0,0.0,0.5596929644687446,695,25020,18,1.0,0.0,0.4200928118788766,0.0001449666349374,-0.0008297782582857,0.0119427083159138,0.0273971305970434
B0,S3,14,5,49.065613232182116,0.4531547705448934,4.0,1.9338898704416405,7.0,0.07396767379343068,0.5882852693923724,5.481536310904408,5.0,0.0,0.4022673903376018,15.0,0.0,0.0,0.0,0,0,0,0.0,0.0,0.22743816831586294,0.0,0.0,0.0,0.0
B1,S3,14,5,49.51635998776368,0.1914998794113546,0.0,1.0003927550604772,1.4000000000000001,0.06034870216858057,0.4804700112099525,2.1258026371642624,5.0,1.0,0.2946714683697299,0.20000000000000018,0.0,0.0,0.0,18180,654480,180,1.6,0.0,0.3952295643544083,0.0032277567449421896,0.0017087257911896914,0.017107953438340928,0.06053022448183611
B2,S3,14,5,49.516361914450044,0.18413437749471026,0.0,1.0003927550604772,1.4000000000000001,0.0489290988227239,0.4801810919654059,1.9276133343243058,5.0,1.0,0.2838107993288626,0.20000000000000018,0.0,0.0,0.0,1818,65448,18,1.6,0.0,0.4062397029694766,-8.721915029052951e-05,-4.7552020681962404e-05,0.0012137005214114538,0.003257745545530354
B3,S3,14,5,49.5177186718666,0.1837315996024553,0.0,1.0003927550604772,1.4000000000000001,0.04886529472491818,0.4791531663312867,2.019287735330152,5.0,1.0,0.28025136261545647,0.20000000000000018,0.0,0.0,0.0,1818,65448,18,1.6,0.25742574257425743,0.4918702277224145,4.879155690959425e-05,9.79373289382579e-05,0.002028150163333464,0.004083102451939878
B4,S3,14,5,49.51797060885239,0.18396902268751458,0.0,1.0003927550604772,1.4000000000000001,0.048805781424440586,0.478977203367549,2.066856284705085,5.0,1.0,0.27998535894359156,0.0,0.0,0.0,0.017120991576572653,1818,65448,18,1.6,0.25742574257425743,0.4378795742562907,5.177480590998207e-05,0.00013108156804980675,0.0026938976169077478,0.005702451573348808
B5,S3,14,5,49.51807928252242,0.18400284253874,0.0,1.0003927550604772,1.4000000000000001,0.04877579129104721,0.4788958887556234,2.074311565878565,5.0,1.0,0.279799051755925,0.20000000000000018,0.0,0.0,0.0,1818,65448,18,1.6,0.25742574257425743,0.43702244554446906,4.871139581119621e-05,0.00013109824949708582,0.002650080772703234,0.0056543342489611325
P,S3,14,5,49.518449142288034,0.18418511229508108,0.0,1.0003927550604772,1.4000000000000001,0.04877967574651544,0.47861065180303086,2.09553323861917,5.0,1.0,0.27887881272616427,0.6000000000000005,0.0,0.0,0.0,576,20736,18,1.6,0.3069306930693069,0.44588657425661626,9.913751972098761e-05,0.0001816717428724801,0.0013549509871353393,0.002915430653446548
B0,S4,14,5,49.06561323218212,0.4531547705448934,4.0,1.9338898704416403,7.0,0.0739676737934306,0.5882852693923724,5.481536310904408,5.0,0.0,0.3989340570042684,0.0,0.0,0.0,0.0,0,0,0,0.0,0.0,0.235158564356596,0.0,0.0,0.0,0.0
B1,S4,14,5,49.51775354266208,0.1894716103918225,0.0,1.0003927550604772,1.4,0.0610096177303276,0.4794047786114319,2.0931848324423847,5.0,1.0,0.2923141860421999,0.0,0.0,0.0,0.0,13950,502200,180,1.6,0.0,0.3734780297020166,0.0007881196287127,0.0004198519319515,0.0045112896188541,0.0166639493811182
B2,S4,14,5,49.51638383825124,0.1843559599979602,0.0,1.0003927550604772,1.4,0.0489116748516322,0.4801270356159577,1.9355079227017435,5.0,1.0,0.2803421704431788,0.0,0.0,0.0,0.0,1395,50220,18,1.6,0.0,0.3802655940597844,0.0001350716433965,-9.946178389697025e-05,0.0022732771456617,0.0065024396116747
B3,S4,14,5,49.518255496704384,0.1835431442867783,0.0,1.0003927550604794,1.4,0.048987147607015,0.4787055787421437,2.01739432121074,5.0,1.0,0.2771206237324091,0.0,0.0,0.0,0.0,1395,50220,18,1.6,0.3465346534653465,0.3944797128749294,-0.0001259125666302,-0.0003224969717763,0.0009081510872874,0.0030228511787058
B4,S4,14,5,49.51860804718561,0.1837337252655461,0.0,1.0003927550604794,1.4,0.0488861496848499,0.4784243336336899,2.0645087707236978,5.0,1.0,0.2766188813994882,0.0,0.0,0.0,-0.0132741969444063,1395,50220,18,1.6,0.3465346534653465,0.4614419405949982,-0.0002054375153932,-0.0004712360876411,0.001069534345504,0.0041433402359004
B5,S4,14,5,49.51871699466919,0.1837800695161957,0.0,1.0003927550604794,1.4,0.0488527562887214,0.4783428141223425,2.0722833847670885,5.0,1.0,0.2764176969057596,0.0,0.0,0.0,0.0,1395,50220,18,1.6,0.3465346534653465,0.4400653267319033,-0.0001955799126198,-0.0004714243045782,0.0010692282628994,0.0046565329004778
P,S4,14,5,49.519279421554224,0.1835622863786125,0.0,1.0003927550434446,1.4,0.0488739503624895,0.4779887900093129,2.0829539403342627,5.0,1.0,0.2757408849390176,0.0,0.0,0.0,0.0,465,16740,18,1.6,0.4257425742574257,0.4531099603935776,-0.0001888820891503,8.022297993193206e-05,0.014178583637431,0.0260911220321077
B0,S5,14,5,49.06561323218212,0.4531547705448934,4.0,1.9338898704416403,7.0,0.0739676737934306,0.5882852693923724,5.481536310904408,5.0,0.0,0.3989340570042684,15.0,0.0,0.0,0.0,0,0,0,0.0,0.0,0.2693542079205234,0.0,0.0,0.0,0.0
B1,S5,14,5,49.51208313198555,0.1990682681843861,0.0,1.0003927550604772,1.4,0.061506975309818,0.483734995639729,2.25961465012253,5.0,1.0,0.2944852461929597,15.0,0.0,0.0,0.0,18180,654480,180,0.2,0.0,0.4374665643601726,0.0103847774212763,0.0047500689602486,0.0513855598732462,0.1882403850816977
B2,S5,14,5,48.981233401140486,0.4609382115115024,0.0,1.0003927550604772,1.4,0.0561419469517046,0.5811099938951472,5.111761461097314,5.0,0.0,0.3861378294522272,15.0,0.0,0.0,0.0,1818,65448,18,0.2,0.0,0.4367668910901449,0.2767173231569386,0.1008834964952924,1.0159505258875328,3.18255965166516
B3,S5,14,5,49.515569575796334,0.1849308133054081,0.0,1.0003927550604772,1.4,0.0485721773944601,0.4807673799929972,2.023420999028134,5.0,1.0,0.2776774919053876,15.0,0.0,0.0,0.0,1818,65448,18,0.2,0.0,0.5047112772264863,0.0012617564519995,0.0017393042790772,0.0384744214121397,0.0786508365177617
B4,S5,14,5,49.51501202502574,0.1856696625537957,0.0,1.0003927550604772,1.4,0.0483552252954541,0.4812115298525299,2.072433646455374,5.0,1.0,0.2776650545531437,0.0,0.0,0.0,0.0171213208170978,1818,65448,18,0.2,0.0,0.4814597623768386,0.0017304997728563,0.0023159601311988,0.0508500300843266,0.1059546305740915
B5,S5,14,5,49.51815723610661,0.1840430171151188,0.0,1.0003927550604772,1.4,0.0487762176231497,0.4788335911994181,2.076456986139503,5.0,1.0,0.2762877661852427,0.2000000000000001,6.0,0.0,0.6971849646879376,1818,65448,18,0.2,0.0,0.4360707920757632,6.736768630322132e-05,1.9352772497427395e-05,0.0010085257780474,0.0013239181336317
P,S5,14,5,49.518514490743634,0.1842162206234542,0.0,1.0003927550604772,1.4,0.0487568234992639,0.4785594476207535,2.0955125375438133,5.0,1.0,0.2755692318509833,0.6000000000000005,6.0,0.0,0.679614559510572,629,22644,18,1.0,0.0,0.404115148514825,0.0004650521556913,0.0006508805913725,0.0102065491580347,0.0264827591023085
B0,S6,14,5,49.11678786974664,0.4310175357114717,0.0,1.9338898704416403,7.0,0.0741792007804779,0.5623419323824166,5.215336789611479,5.0,0.0,0.3856027946754292,16.0,0.0,0.0,0.0,0,0,0,0.0,0.0,0.2522495841605074,0.0,0.0,0.0,0.0
B1,S6,14,5,49.54602948424173,0.1770958243456964,0.0,1.0003927550604772,1.4,0.061937954036297,0.4539705157582716,1.9925239832765376,4.199999999999999,1.0,0.279188368885287,16.0,0.0,0.0,0.0,18180,654480,180,0.2,0.0,0.3886667920803777,0.0001430322738949,0.0001855381503474,0.0070991577787822,0.0121609582040008
B2,S6,14,5,49.54625845829584,0.1664595038726398,0.0,1.0003927550604772,1.4,0.0489102250189496,0.4537415417041615,1.7594380805272267,3.6000000000000014,1.0,0.2640880823823097,16.0,0.0,0.0,0.0,1818,65448,18,0.2,0.0,0.3850319009897887,-0.0022379230556397,-0.0016131423806129,0.0428667733900027,0.1316415490687589
B3,S6,14,5,49.5481091030024,0.1736418791989753,4.0,1.0003927550604772,1.4,0.0500383335143573,0.4518908969976039,2.158250422740191,5.0,1.0,0.2630092187174004,16.0,0.0,0.0,0.0,1818,65448,18,0.2,0.0,0.3987218613897627,0.000642697524919,-0.0010079009824153,0.0197539499289689,0.0605742740650867
B4,S6,14,5,49.54748807399377,0.1729696304307606,4.0,1.0003927550604772,1.4,0.0493555525116935,0.4525119260062311,2.130710681536101,5.0,1.0,0.2631568177096176,0.0,0.0,0.0,0.0208923182477812,1818,65448,18,0.2,0.0,0.4218339603954014,0.0005003513657463,-0.0005686236092046,0.01454254724581,0.0436737397757482
B5,S6,14,5,49.54735255449598,0.1726031681716417,4.0,1.0003927550604772,1.4,0.0493046405564121,0.4526474455040201,2.1082835911155144,5.0,1.0,0.2633424679292315,16.0,0.0,0.0,0.0,1818,65448,18,0.2,0.0,0.4474570693070412,0.0005069771958796,-0.0005682075851183,0.0149516362817436,0.0447965666218628
P,S6,14,5,49.546750876664255,0.1732840644692576,4.0,1.0003927550604772,1.4,0.0492241206280053,0.4532491233357447,2.1373332096548365,5.0,1.0,0.263621449352407,16.0,0.0,0.0,0.0,615,22140,18,1.0,0.0,0.4397500990109782,0.0001120717898115,-9.744255509502864e-05,0.0068260166350739,0.0067483360842025
B0,S7,14,5,49.11678786974664,0.4310175357114717,0.0,1.9338898704416403,7.0,0.0741792007804779,0.5623419323824166,5.215336789611479,5.0,0.0,0.3856027946754292,16.0,0.0,0.0,0.0,0,0,0,0.0,0.0,0.2523399207933439,0.0,0.0,0.0,0.0
B1,S7,14,5,48.83757811948785,0.5496524538880174,0.0,1.0003927550604772,1.4,0.0789263223225223,0.6386067428434572,6.607276168988196,5.0,0.0,0.4942662490492935,16.0,0.0,0.0,0.0,18180,654480,180,0.2,0.0,0.4275165940613294,0.3726996618162159,0.184821765235533,1.186979947777715,4.61910017913893
B2,S7,14,5,48.83678882390505,0.5489631531845122,0.0,1.0003927550604772,1.4,0.075230693887107,0.6386067428434572,6.532370976297397,5.0,0.0,0.4914402380295637,16.0,0.0,0.0,0.0,1818,65448,18,0.2,0.0,0.4459960594044111,0.3802657262562325,0.1832520587586827,1.1883586256532652,4.8265557592810495
B3,S7,14,5,48.83678882390505,0.5444658207479699,4.0,1.0003927550604772,1.4,0.0743375546998803,0.6386067428434572,6.484253473834835,5.0,0.0,0.4856236493093316,16.0,0.0,0.0,0.0,1818,65448,18,0.2,0.0,0.4051819999962264,0.3714666390739136,0.185707944863438,1.3802527394718282,5.051696074344661
B4,S7,14,5,48.95683074225789,0.5026231887466979,4.0,1.0003927550604772,1.4,0.0757080815343686,0.6240422539754888,6.076213532414198,5.0,0.0,0.4585930192699424,0.0,5.0,0.2792079207920792,0.3622856634303192,1818,65448,18,0.2,0.0,0.4196321287153215,0.3301539096816836,0.1709617043600531,1.1863715166398163,4.623966353572597
B5,S7,14,5,48.83678882390505,0.54541066987815,4.0,1.0003927550604772,1.4,0.0744133180102539,0.6386067428434572,6.510978664718296,5.0,0.0,0.4875836671294519,3.0,0.0,0.0,0.0042110560258183,1818,65448,18,0.2,0.0,0.4297282475232746,0.3733144789023879,0.1853910897543187,1.3739626850726907,5.06373481104148
P,S7,14,5,48.83678882390505,0.538530502442027,4.0,1.0003927550604772,1.4,0.0718247584830903,0.6386067428434572,6.22995594074765,5.0,0.0,0.4540337828503257,16.0,0.0,0.0,0.0,1254,45144,18,1.0,0.0,0.4295071188121571,0.365358509762581,0.1852601769526174,1.3802220333021538,4.666325049405273
B0,S0,15,5,49.06561323218212,0.4531547705448934,4.0,1.9338898704416403,7.0,0.0739676737934306,0.5882852693923724,5.481536310904408,5.0,0.0,0.4022673903376018,0.0,0.0,0.0,0.0,0,0,0,0.0,0.0,0.2325722772265279,0.0,0.0,0.0,0.0
B1,S0,15,5,49.51859218788979,0.1881964078833941,0.0,1.0003927550604772,1.4,0.0600721640337612,0.4787614839708425,2.072189280758921,4.199999999999999,1.0,0.2937883267675247,0.0,0.0,0.0,0.0,18180,654480,180,0.2,0.0,0.3722097920775796,0.0,0.0,0.0,0.0
B2,S0,15,5,49.51635652182895,0.1842760084289451,0.0,1.0003927550604772,1.4,0.0488388658889341,0.4802032702870136,1.9332727804122745,5.0,1.0,0.283184086619341,0.0,0.0,0.0,0.0,1818,65448,18,0.2,0.0,0.3612116039617506,0.0,0.0,0.0,0.0
B3,S0,15,5,49.51816182863595,0.1834743875440488,0.0,1.0003927550604772,1.4,0.0489149305757502,0.4788241265094228,2.0080702031528617,5.0,1.0,0.2799778741147533,0.0,0.0,0.0,0.0,1818,65448,18,0.2,0.0,0.380001841586809,0.0,0.0,0.0,0.0
B4,S0,15,5,49.52019175429452,0.1847319840534677,0.2000000000000001,1.0003927550604772,1.4,0.0491520436092703,0.4773256295222481,2.1892991725552613,5.0,1.0,0.2772601448460071,0.0,0.0,0.0,-0.0132360091156404,1818,65448,18,0.2,0.0,0.4081831683167662,0.0,0.0,0.0,0.0
B5,S0,15,5,49.52036995960289,0.1848810983088294,4.0,1.0003927550604772,1.4,0.0492205073364106,0.4771922881573545,2.201233157495064,5.0,1.0,0.2770507198953559,0.0,0.0,0.0,0.0,1818,65448,18,0.2,0.0,0.4129645346555401,0.0,0.0,0.0,0.0
P,S0,15,5,49.51981685771389,0.1851870109368843,4.0,1.0003927550604772,1.4,0.049051648077495,0.4775702366004353,2.212081467950202,5.0,1.0,0.2771423478185696,0.0,0.0,0.0,0.0,583,20988,18,1.0,0.0,0.4005809009868244,0.0,0.0,0.0,0.0
B0,S1,15,5,49.06561323218212,0.4531547705448934,4.0,1.9338898704416403,7.0,0.0739676737934306,0.5882852693923724,5.481536310904408,5.0,0.0,0.3989340570042684,15.0,0.0,0.0,0.0,0,0,0,0.0,0.0,0.2281733564354953,0.0,0.0,0.0,0.0
B1,S1,15,5,49.52209621601549,0.1835494265040329,0.0,1.0003927550604772,1.4,0.0584647524416571,0.4760767587243322,1.9922037599212692,4.0,1.0,0.28553989279796,15.0,0.0,0.0,0.0,18180,654480,180,0.2,0.0,0.3879771485153109,-0.0050579238912105,-0.0029083665072278,0.0284447878559035,0.110901882662484
B2,S1,15,5,49.53581006309707,0.1796098341101196,0.0,1.0003927550604772,1.4,0.0541481469838386,0.4641899369029332,1.9396376266390252,5.0,1.0,0.269360075016183,15.0,0.0,0.0,0.0,1818,65448,18,0.2,0.0,0.4148817425756182,-0.0046665432833799,-0.0160143571402073,0.338417962555738,0.7053788845357273
B3,S1,15,5,49.519575221816176,0.1829946201712448,0.0,1.0003927550604772,1.4,0.0490779964352529,0.4777665076911006,2.011543037309388,5.0,1.0,0.2758285315264227,15.0,0.0,0.0,0.0,1818,65448,18,0.2,0.0,0.463340841584381,-0.0005237757946751,-0.0011444492713508,0.0212219909769189,0.0435921268384994
B4,S1,15,5,49.52172345755926,0.1843004980793884,0.2000000000000001,1.0003927550604772,1.4,0.0495932700585235,0.4761794364001375,2.1898516649647943,5.0,1.0,0.2734238558861646,12.2,0.0,0.0,-0.0091269728989826,1818,65448,18,0.2,0.0,0.4734882277216907,-0.0004805297188929,-0.0012604398510873,0.0179500506645453,0.0407091554099373
B5,S1,15,5,49.51993371021103,0.184969224295259,4.0,1.0003927550604772,1.4,0.0491507323853484,0.4775230376504211,2.200349186832862,5.0,1.0,0.2738243994325148,0.2000000000000001,9.0,0.0,0.6437967546825338,1818,65448,18,0.2,0.0,0.4361298811856235,4.162893252146471e-05,0.0002165027656033,0.0058877431317299,0.0141587993014276
P,S1,15,5,49.52073888696367,0.1849577213004082,4.0,1.0003927550604772,1.4,0.0494780290223352,0.4768847122080615,2.21550080539176,5.0,1.0,0.2736216134699956,0.6000000000000005,9.0,0.0,0.6344477716992725,634,22824,18,1.0,0.0,0.4361286930703716,0.000106003548172,-4.646953209430649e-05,0.0046426210111079,0.0057016833093847
B0,S2,15,5,49.11678786974664,0.4310175357114717,0.0,1.9338898704416403,7.0,0.0741792007804779,0.5623419323824166,5.215336789611479,5.0,0.0,0.3856027946754292,16.0,0.0,0.0,0.0,0,0,0,0.0,0.0,0.2466296138645883,0.0,0.0,0.0,0.0
B1,S2,15,5,49.54906812562224,0.1712153172101866,0.0,1.0003927550604772,1.4,0.0619597091266942,0.4509318743777584,1.9075609377772047,4.0,1.0,0.2794125126965269,16.0,0.0,0.0,0.0,18180,654480,180,0.2,0.0,0.415452752475734,-0.0056302756279412,-0.0028533017822738,0.0329385044484169,0.1216023244385987
B2,S2,15,5,49.558114139304045,0.1670258934294018,0.0,1.0003927550604772,1.4,0.0521359838440898,0.4418858606959546,1.838446001899096,5.0,1.0,0.2635957053135345,16.0,0.0,0.0,0.0,1818,65448,18,0.2,0.0,0.3995442871290843,-0.0018207442019071,-0.0135670526489306,0.284929443090661,0.6030736825405497
B3,S2,15,5,49.55186434872997,0.1729769063369041,4.0,1.0003927550604772,1.4,0.0509925629843555,0.4481356512700287,2.156203558865953,5.0,1.0,0.2625930246323581,16.0,0.0,0.0,0.0,1818,65448,18,0.2,0.0,0.4105013168321033,7.95822052732098e-06,-0.0047074093163033,0.0628571721034276,0.1495844923031874
B4,S2,15,5,49.552943480802966,0.1758756630446945,4.0,1.0003927550604772,1.4,0.0509010531984458,0.4470565191970337,2.288614814397998,5.0,1.0,0.2605797603936977,13.2,0.0,0.0,-0.0105116826015233,1818,65448,18,0.2,0.0,0.4428424851476569,-2.6127339913556424e-05,-0.0047244407748863,0.054898690775424,0.1415948886262391
B5,S2,15,5,49.549245927922605,0.1761447111682635,4.0,1.0003927550604772,1.4,0.0498582524435494,0.4507540720773946,2.2786150150013014,5.0,1.0,0.2612273856966792,1.2000000000000002,5.0,0.0,0.5597972184709021,1818,65448,18,0.2,0.0,0.4326321287128912,0.0002897323654063,-0.0010566280578672,0.0155067142610292,0.0398241171182057
P,S2,15,5,49.54904758418782,0.1755464356625889,4.0,1.0003927550604772,1.4,0.0496993210435598,0.450952415812182,2.261410305723083,5.0,1.0,0.2621012040006245,1.2000000000000002,5.0,0.0,0.556204195068137,663,23868,18,1.0,0.0,0.437342217821316,5.726556216498202e-05,-0.001986568702776,0.026245209719022,0.0560247732865548
B0,S3,15,5,49.065613232182116,0.4531547705448934,4.0,1.9338898704416405,7.0,0.07396767379343068,0.5882852693923724,5.481536310904408,5.0,0.0,0.4022673903376018,15.0,0.0,0.0,0.0,0,0,0,0.0,0.0,0.23974520792024231,0.0,0.0,0.0,0.0
B1,S3,15,5,49.51792778984823,0.1891416443942295,0.0,1.0003927550604772,1.4000000000000001,0.0602827101970596,0.4792706303491201,2.0872295506612906,5.0,1.0,0.2943122812593871,0.20000000000000018,0.0,0.0,0.0,18180,654480,180,1.6,0.0,0.4429495940604455,0.0009452365108354177,0.0005091463782775918,0.005080929170183879,0.01810762240592609
B2,S3,15,5,49.516911953773686,0.18357084727777512,0.0,1.0003927550604772,1.4000000000000001,0.04881983989822761,0.4797718326606173,1.9137182897333724,5.0,1.0,0.28270741281416095,0.20000000000000018,0.0,0.0,0.0,1818,65448,18,1.6,0.0,0.3941041089110333,-0.0007051611511699751,-0.0004314376263963027,0.009175170123548071,0.02075360643953629
B3,S3,15,5,49.518287882645105,0.18343353539021814,0.0,1.0003927550604772,1.4000000000000001,0.048898252033228055,0.47872981350022314,2.0089507432892293,5.0,1.0,0.27974963890410265,0.20000000000000018,0.0,0.0,0.0,1818,65448,18,1.6,0.25742574257425743,0.415768297029494,-4.085215383065055e-05,-9.431300919965357e-05,0.001945200443252304,0.0043356019756863855
B4,S3,15,5,49.520204339256615,0.18473751466857788,0.20000000000000018,1.0003927550604772,1.4000000000000001,0.04915802723607471,0.47731621445182526,2.1897852578280697,5.0,1.0,0.27711653408113746,0.20000000000000018,0.0,0.0,-0.009126963114594044,1818,65448,18,1.6,0.25742574257425743,0.48339956435601117,5.530615110188597e-06,-9.415070422846838e-06,0.0007280182072193497,0.0007981790842563892
B5,S3,15,5,49.520382373218,0.1848872432102343,4.0,1.0003927550604772,1.4000000000000001,0.04923239889190605,0.47718300129656654,2.2017187013554045,5.0,1.0,0.2769072715840353,0.20000000000000018,0.0,0.0,0.0,1818,65448,18,1.6,0.25742574257425743,0.41596908910589875,6.1449014049086426e-06,-9.286860787938167e-06,0.0007273582630844544,0.0007905620155405298
P,S3,15,5,49.519719088653844,0.1851240187910676,4.0,1.0003927550604772,1.4000000000000001,0.04911649784165942,0.477658079663307,2.2098922448075595,5.0,1.0,0.27825531549329063,0.6000000000000005,0.0,0.0,0.0,591,21276,18,1.6,0.297029702970297,0.40621212871100043,-6.299214581670376e-05,8.78430628716842e-05,0.002325015847048917,0.0029129249450619435
B0,S4,15,5,49.06561323218212,0.4531547705448934,4.0,1.9338898704416403,7.0,0.0739676737934306,0.5882852693923724,5.481536310904408,5.0,0.0,0.3989340570042684,0.0,0.0,0.0,0.0,0,0,0,0.0,0.0,0.2469209603978105,0.0,0.0,0.0,0.0
B1,S4,15,5,49.5173227373535,0.1900350456608466,0.0,1.0003927550604772,1.4,0.060356857845156,0.4797349474736236,2.1016846252876347,5.0,1.0,0.2912566788289073,0.0,0.0,0.0,0.0,14200,511200,180,1.6,0.0,0.4798090495020041,0.0014276952656031,0.0007498222420636,0.0072812814655449,0.0272912134902909
B2,S4,15,5,49.51618417517431,0.184573515487792,0.0,1.0003927550604772,1.4,0.0490451009560954,0.480328080224325,1.9468122884667984,5.0,1.0,0.2813901207131083,0.0,0.0,0.0,0.0,1420,51120,18,1.6,0.0,0.3933507920811451,0.0002971380942924,0.0001237861811844,0.0048666724785775,0.0135638784163788
B3,S4,15,5,49.51803285492488,0.1835243804595967,0.0,1.0003927550605,1.4,0.0489691628845554,0.4789108695449116,2.00640921435057,5.0,1.0,0.2773996790842088,0.0,0.0,0.0,0.0,1420,51120,18,1.6,0.3564356435643564,0.4084269108887491,5.984493676697289e-06,-8.74175398735133e-08,0.0016740815643103,0.0046312357845842
B4,S4,15,5,49.51974422997873,0.1848430040908402,0.2000000000000001,1.0003927550605,1.4,0.0490719710960414,0.477641257080954,2.186970216141226,5.0,1.0,0.2749018714292091,0.0,0.0,0.0,-0.0132657939889788,1420,51120,18,1.6,0.3564356435643564,0.527093960396213,6.197629255885739e-05,0.0002013808297292,0.0040348419460016,0.0108077802484139
B5,S4,15,5,49.51992333923182,0.184982550259409,4.0,1.0003927550605,1.4,0.0491195967660909,0.4775072393462594,2.198970661166345,5.0,1.0,0.2746916954608392,0.0,0.0,0.0,0.0,1420,51120,18,1.6,0.3564356435643564,0.4528013663379043,5.49548966714275e-05,0.0002007044614416,0.0040230354876626,0.0106209000699308
P,S4,15,5,49.520176600610526,0.1851765996983214,4.0,1.0003927550608287,1.4,0.0492077818092526,0.4772501863282983,2.2138320297939047,5.0,1.0,0.2744229008228164,0.0,0.0,0.0,0.0,478,17208,18,1.6,0.3861386138613861,0.3927760594030974,0.0003248819460851,0.0003190045881424,0.0040353575767895,0.0139255552311858
B0,S5,15,5,49.06561323218212,0.4531547705448934,4.0,1.9338898704416403,7.0,0.0739676737934306,0.5882852693923724,5.481536310904408,5.0,0.0,0.3989340570042684,15.0,0.0,0.0,0.0,0,0,0,0.0,0.0,0.245780712874074,0.0,0.0,0.0,0.0
B1,S5,15,5,49.5112070328337,0.1993105778955783,0.0,1.0003927550604772,1.4,0.0614409162964726,0.4845349777062111,2.264028337798986,5.0,1.0,0.2949518029260754,15.0,0.0,0.0,0.0,18180,654480,180,0.2,0.0,0.3847553465369279,0.0107032275003349,0.0055498524746511,0.0517609444117042,0.1931898031866829
B2,S5,15,5,48.98042289851301,0.4614865617593732,0.0,1.0003927550604772,1.4,0.0559723704699457,0.5814374652668448,5.1218561081474165,5.0,0.0,0.3863650447468926,15.0,0.0,0.0,0.0,1818,65448,18,0.2,0.0,0.383374455445351,0.2772101843658736,0.1012331712237042,1.0163972168513524,3.1885793096078774
B3,S5,15,5,49.51567974646733,0.1848139252638667,0.0,1.0003927550604772,1.4,0.0485745525963813,0.4807280072521394,2.012873418529358,5.0,1.0,0.2774171254770879,15.0,0.0,0.0,0.0,1818,65448,18,0.2,0.0,0.3850944752473266,0.0012955292979466,0.0018170502896879,0.0372705570084122,0.0773708913833345
B4,S5,15,5,49.51701679444858,0.1858309045992979,0.2000000000000001,1.0003927550604772,1.4,0.0485348907167373,0.4797004235874311,2.1864874715763074,5.0,1.0,0.2746819463329229,12.2,0.0,0.0,-0.0091271361927117,1818,65448,18,0.2,0.0,0.4309523762395377,0.0010498768010165,0.0022605473362062,0.0428649525696656,0.0864983484607413
B5,S5,15,5,49.51993371021103,0.184969224295259,4.0,1.0003927550604772,1.4,0.0491507323853484,0.4775230376504211,2.200349186832862,5.0,1.0,0.2738243994325148,0.2000000000000001,6.0,0.0,0.7026453248583833,1818,65448,18,0.2,0.0,0.454912980200275,4.162893252146471e-05,0.0002165027656033,0.0058877431317299,0.0141587993014276
P,S5,15,5,49.52073888696367,0.1849577213004082,4.0,1.0003927550604772,1.4,0.0494780290223352,0.4768847122080615,2.21550080539176,5.0,1.0,0.2736216134699956,0.6000000000000005,6.0,0.0,0.6861996694575125,634,22824,18,1.0,0.0,0.4195609306965581,0.000106003548172,-4.646953209430649e-05,0.0046426210111079,0.0057016833093847
B0,S6,15,5,49.11678786974664,0.4310175357114717,0.0,1.9338898704416403,7.0,0.0741792007804779,0.5623419323824166,5.215336789611479,5.0,0.0,0.3856027946754292,16.0,0.0,0.0,0.0,0,0,0,0.0,0.0,0.2631248118839469,0.0,0.0,0.0,0.0
B1,S6,15,5,49.54602789963726,0.1769548282042082,0.0,1.0003927550604772,1.4,0.0619711157753016,0.4539721003627406,1.989561582672707,4.199999999999999,1.0,0.2790795300428663,16.0,0.0,0.0,0.0,18180,654480,180,0.2,0.0,0.4784032772287973,0.0001092353660804,0.0001869242027083,0.0081018847851908,0.0132305790286387
B2,S6,15,5,49.54638278600894,0.1664274982333526,0.0,1.0003927550604772,1.4,0.0487538417396495,0.453617213991059,1.75969783050921,3.6000000000000014,1.0,0.2634904407793677,16.0,0.0,0.0,0.0,1818,65448,18,0.2,0.0,0.392834762373925,-0.0024191393979563,-0.0018356993538262,0.0432690817061498,0.1362788792417283
B3,S6,15,5,49.54842319112973,0.1736372324713779,4.0,1.0003927550604772,1.4,0.0499412046434816,0.4515768088702714,2.160464300934347,5.0,1.0,0.2623041165576092,16.0,0.0,0.0,0.0,1818,65448,18,0.2,0.0,0.4472123465338972,0.0006682843550011,-0.0012662517160606,0.022536959739817,0.0700157914629009
B4,S6,15,5,49.548708735188015,0.1763410330996752,4.0,1.0003927550604772,1.4,0.0496619074299466,0.4512912648119851,2.2835486399818365,5.0,1.0,0.2608117211949153,13.2,0.0,0.0,-0.0105119393142244,1818,65448,18,0.2,0.0,0.456432297029312,0.000439242715067,-0.0004896951599349,0.0118791709160035,0.0327749198281729
B5,S6,15,5,49.54868213298472,0.1762990744973083,4.0,1.0003927550604772,1.4,0.0496013454509552,0.451317867015284,2.280627227739485,5.0,1.0,0.2608499828003107,16.0,0.0,0.0,0.0,1818,65448,18,0.2,0.0,0.4614929801949857,0.000444095694451,-0.0004928331199778,0.011915611906204,0.0329823851091461
P,S6,15,5,49.546928025601474,0.1758369587469393,4.0,1.0003927550604772,1.4,0.0491841094342729,0.4530719743985258,2.254947556953846,5.0,1.0,0.2624459784255933,16.0,0.0,0.0,0.0,610,21960,18,1.0,0.0,0.4471714356477245,0.0003477886465153,0.0001329898835678,0.0034904368901109,0.0073365310835029
B0,S7,15,5,49.11678786974664,0.4310175357114717,0.0,1.9338898704416403,7.0,0.0741792007804779,0.5623419323824166,5.215336789611479,5.0,0.0,0.3856027946754292,16.0,0.0,0.0,0.0,0,0,0,0.0,0.0,0.2784096336609304,0.0,0.0,0.0,0.0
B1,S7,15,5,48.83758700641373,0.5509204431946205,0.0,1.0003927550604772,1.4,0.0787038884818521,0.6386067428434572,6.644461726795575,5.0,0.0,0.496786930132686,16.0,0.0,0.0,0.0,18180,654480,180,0.2,0.0,0.4692076633663157,0.3740748503564927,0.1848215666834249,1.1871199151117224,4.657749770840679
B2,S7,15,5,48.83678882390505,0.549220257246126,0.0,1.0003927550604772,1.4,0.0753901261001861,0.6386067428434572,6.541608804937088,5.0,0.0,0.4919660850342146,16.0,0.0,0.0,0.0,1818,65448,18,0.2,0.0,0.3762210000003155,0.3803736196148169,0.1831538294985719,1.1878220496740397,4.831179835548577
B3,S7,15,5,48.83678882390505,0.5453989015721611,4.0,1.0003927550604772,1.4,0.0757457623698423,0.6386067428434572,6.5203851168008535,5.0,0.0,0.4881807352356957,16.0,0.0,0.0,0.0,1818,65448,18,0.2,0.0,0.4052548910889041,0.3724299534557843,0.1857636822571251,1.379873923884901,5.101539826946829
B4,S7,15,5,48.96715525914445,0.4974166121984999,4.0,1.0003927550604772,1.4,0.0764885923614878,0.6189596891308469,6.0707830003876575,5.0,0.0,0.4583339010248091,0.0,5.0,0.3237623762376238,0.303569640261734,1818,65448,18,0.2,0.0,0.4328458613860793,0.3215148218138918,0.1671787291589268,1.2088547129231344,4.643453693997233
B5,S7,15,5,48.83678882390505,0.5451884303939327,4.0,1.0003927550604772,1.4,0.0760083148420271,0.6386067428434572,6.57356437885432,5.0,0.0,0.4887265719062683,3.0,0.0,0.0,0.0312562069831027,1818,65448,18,0.2,0.0,0.507202732672223,0.3693334515910754,0.1867960427081954,1.3985914097193517,5.155659008440956
P,S7,15,5,48.83678882390505,0.5398932466790559,4.0,1.0003927550604772,1.4,0.0741040310918797,0.6386067428434572,6.361159768223187,5.0,0.0,0.4639489859790582,3.0,0.0,0.0,0.0012476833721815,1243,44748,18,1.0,0.0,0.4894236336656489,0.3644040765786319,0.1856677583284991,1.3782239995996477,4.782717568457244
B0,S0,16,5,49.06561323218212,0.4531547705448934,4.0,1.9338898704416403,7.0,0.0739676737934306,0.5882852693923724,5.481536310904408,5.0,0.0,0.4022673903376018,0.0,0.0,0.0,0.0,0,0,0,0.0,0.0,0.3014935148505426,0.0,0.0,0.0,0.0
B1,S0,16,5,49.51858549123727,0.1882607824449509,0.0,1.0003927550604772,1.4,0.060062153567663,0.4787666430727668,2.0719604094038586,4.199999999999999,1.0,0.2937489542544892,0.0,0.0,0.0,0.0,18180,654480,180,0.2,0.0,0.4391233168336281,0.0,0.0,0.0,0.0
B2,S0,16,5,49.51640181973672,0.1842907340304881,0.0,1.0003927550604772,1.4,0.0489302638604261,0.4801280951230282,1.9351895972927764,5.0,1.0,0.2839303486447173,0.0,0.0,0.0,0.0,1818,65448,18,0.2,0.0,0.4732668514839359,0.0,0.0,0.0,0.0
B3,S0,16,5,49.51812634978072,0.1835496401775495,0.0,1.0003927550604772,1.4,0.0489956840467844,0.4788306576207475,2.0106555624932527,5.0,1.0,0.2805924764025977,0.0,0.0,0.0,0.0,1818,65448,18,0.2,0.0,0.3922121089108079,0.0,0.0,0.0,0.0
B4,S0,16,5,49.518969712389136,0.1839591650146748,0.0,1.0003927550604772,1.4,0.0489359094630015,0.4782038540780249,2.095497660736458,5.0,1.0,0.2794989694034797,0.0,0.0,0.0,-0.0132197802565106,1818,65448,18,0.2,0.0,0.4882155247530433,0.0,0.0,0.0,0.0
B5,S0,16,5,49.51902630949139,0.1839875434876796,0.0,1.0003927550604772,1.4,0.0489023976153187,0.4781615055367254,2.100043192188509,5.0,1.0,0.2794364640524934,0.0,0.0,0.0,0.0,1818,65448,18,0.2,0.0,0.6112433960393306,0.0,0.0,0.0,0.0
P,S0,16,5,49.52088070374042,0.1835066098846955,0.0,1.0003927550604772,1.4,0.0492582796381939,0.4767993849830816,2.1122222327457,5.0,1.0,0.2783412410166065,0.0,0.0,0.0,0.0,597,21492,18,1.0,0.0,0.4628656435652554,0.0,0.0,0.0,0.0
B0,S1,16,5,49.06561323218212,0.4531547705448934,4.0,1.9338898704416403,7.0,0.0739676737934306,0.5882852693923724,5.481536310904408,5.0,0.0,0.3989340570042684,15.0,0.0,0.0,0.0,0,0,0,0.0,0.0,0.228135594057892,0.0,0.0,0.0,0.0
B1,S1,16,5,49.52208811476376,0.1835946605175334,0.0,1.0003927550604772,1.4,0.0584733624661941,0.476083268094186,1.9921029309450309,4.0,1.0,0.2855531456167212,15.0,0.0,0.0,0.0,18180,654480,180,0.2,0.0,0.445343693069061,-0.0050776328222561,-0.0029070162393267,0.0284922385654269,0.1106814228739402
B2,S1,16,5,49.53581006309707,0.1795917535033203,0.0,1.0003927550604772,1.4,0.0541892525975103,0.4641899369029332,1.9410477550031715,5.0,1.0,0.2694576935734753,15.0,0.0,0.0,0.0,1818,65448,18,0.2,0.0,0.4054216930655619,-0.0046982866536121,-0.0159360116338262,0.3380762085134705,0.704216151290326
B3,S1,16,5,49.51941321900716,0.1831128973245819,0.0,1.0003927550604772,1.4,0.049153331779787,0.477867764177013,2.013974242301311,5.0,1.0,0.2765358396236177,15.0,0.0,0.0,0.0,1818,65448,18,0.2,0.0,0.47338625742245,-0.0004739411835953,-0.0010376892378616,0.0194137130789187,0.0400212437077826
B4,S1,16,5,49.52083799394966,0.1833653491303727,0.0,1.0003927550604772,1.4,0.0492972571926634,0.4768058626375193,2.0971226930633677,5.0,1.0,0.2754506075231611,0.0,0.0,0.0,-0.0029425549512611,1818,65448,18,0.2,0.0,0.4932644356444197,-0.0006255220243545,-0.0014782883440744,0.0226645219428078,0.0508456808005583
B5,S1,16,5,49.5186270979337,0.1840817442129376,0.0,1.0003927550604772,1.4,0.0489162767508592,0.4784615642399217,2.0978724734167784,5.0,1.0,0.2762677385614616,0.2000000000000001,9.0,0.0,0.6340914835752305,1818,65448,18,0.2,0.0,0.4638460891058431,6.22356119061307e-05,0.0002197618041037,0.0069258510606076,0.0151511959248686
P,S1,16,5,49.520453653107126,0.1835962476463153,0.0,1.0003927550604772,1.4,0.0492012907821343,0.4771044435805649,2.111291885284839,5.0,1.0,0.2752578116770657,1.0,9.0,0.0,0.5996640536626967,610,21960,18,1.0,0.0,0.4319370297014415,-7.91269066353073e-05,-0.0001548936774256,0.0022017281075505,0.0037663528787774
B0,S2,16,5,49.11678786974664,0.4310175357114717,0.0,1.9338898704416403,7.0,0.0741792007804779,0.5623419323824166,5.215336789611479,5.0,0.0,0.3856027946754292,16.0,0.0,0.0,0.0,0,0,0,0.0,0.0,0.2596844752444289,0.0,0.0,0.0,0.0
B1,S2,16,5,49.54879875492964,0.1714138536261828,0.0,1.0003927550604772,1.4,0.0619269955019721,0.4512012450703579,1.9093787977588816,4.0,1.0,0.2794241220222521,16.0,0.0,0.0,0.0,18180,654480,180,0.2,0.0,0.4145999702976239,-0.0055276720272234,-0.0025890901915914,0.0327921946867419,0.1199748512779244
B2,S2,16,5,49.55792343118121,0.1670886669267732,0.0,1.0003927550604772,1.4,0.0522630872911885,0.4420765688187913,1.83876167435166,5.0,1.0,0.264374368280081,16.0,0.0,0.0,0.0,1818,65448,18,0.2,0.0,0.4377016039638469,-0.0016547400482364,-0.0132425822415029,0.2841263238975244,0.5987881044203305
B3,S2,16,5,49.551639530719626,0.1731353807864911,4.0,1.0003927550604772,1.4,0.0510640800186801,0.4483604692803737,2.161027017162912,5.0,1.0,0.2633477326390473,16.0,0.0,0.0,0.0,1818,65448,18,0.2,0.0,0.4248227425732423,-3.287537109161742e-05,-0.0042914781852232,0.0549913611025232,0.1346359758482932
B4,S2,16,5,49.55191529781108,0.1731183391483438,4.0,1.0003927550604772,1.4,0.050723887325517,0.4480847021889218,2.16059386680823,5.0,1.0,0.2629694466931729,0.0,0.0,0.0,-0.0042507185940163,1818,65448,18,0.2,0.0,0.4491281287129715,0.0002174632602463,-0.0047450819072594,0.0643266793751422,0.1552324097956954
B5,S2,16,5,49.54828584793268,0.1730359227234875,4.0,1.0003927550604772,1.4,0.0496361011413951,0.4517141520673249,2.136882509546927,5.0,1.0,0.2636633843025956,1.0,5.0,0.0,0.565004811570452,1818,65448,18,0.2,0.0,0.5616964158389688,0.0003070991406051,-0.0011915185818551,0.0183888544082861,0.0481975917934675
P,S2,16,5,49.547646832759725,0.1726919623730757,4.0,1.0003927550604772,1.4,0.0495908643196975,0.4523531672402754,2.1231683435392013,5.0,1.0,0.2640282162910468,1.0,5.0,0.0,0.5391309053888232,675,24300,18,1.0,0.0,0.4646634950512463,-1.6439404202372998e-05,-0.0002379720168335,0.0045824358842239,0.0097161168809805
B0,S3,16,5,49.065613232182116,0.4531547705448934,4.0,1.9338898704416405,7.0,0.07396767379343068,0.5882852693923724,5.481536310904408,5.0,0.0,0.4022673903376018,15.0,0.0,0.0,0.0,0,0,0,0.0,0.0,0.24405823762100398,0.0,0.0,0.0,0.0
B1,S3,16,5,49.52113979819461,0.1848442997025255,0.0,1.0003927550604772,1.4000000000000001,0.06011602812050889,0.47680965764251937,2.0198006010499423,4.0,1.0,0.2934725993502086,0.20000000000000018,0.0,0.0,0.0,18180,654480,180,1.6,0.0,0.40606408911026837,-0.0034164827424253974,-0.0019569854302474154,0.01930988497037589,0.06818485705339157
B2,S3,16,5,49.5156693819808,0.18539263339689888,0.0,1.0003927550604772,1.4000000000000001,0.04887468723343361,0.48069730147989276,1.964352055029535,5.0,1.0,0.28421008396396175,0.20000000000000018,0.0,0.0,0.0,1818,65448,18,1.6,0.0,0.438902603959697,0.0011018993664107801,0.0005692063568645822,0.012575155653564707,0.029162457736758532
B3,S3,16,5,49.51770467353914,0.18369897645151687,0.0,1.0003927550604772,1.4000000000000001,0.048968817721816535,0.47914617495479916,2.0095425783304774,5.0,1.0,0.28098749963043157,0.20000000000000018,0.0,0.0,0.0,1818,65448,18,1.6,0.25742574257425743,0.40932582178266774,0.00014933627396737648,0.0003155173340516626,0.006681231383353747,0.014385921876471735
B4,S3,16,5,49.51833355074797,0.1841283378435385,0.0,1.0003927550604772,1.4000000000000001,0.048856886428812384,0.4786798611235241,2.0920468191566584,5.0,1.0,0.2798867163244894,0.0,0.0,0.0,-0.0029425544414987126,1818,65448,18,1.6,0.25742574257425743,0.3998050594040395,0.0001691728288636951,0.000476007045499216,0.009647663860619105,0.020316848650330135
B5,S3,16,5,49.51839013004853,0.18415018934893906,0.0,1.0003927550604772,1.4000000000000001,0.04882213715072497,0.4786375259022364,2.096708449167962,5.0,1.0,0.2798148098464332,0.20000000000000018,0.0,0.0,0.0,1818,65448,18,1.6,0.25742574257425743,0.46896833663424226,0.00016264586125946945,0.0004760203655110318,0.009493791823039999,0.020131892570005756
P,S3,16,5,49.52043667000449,0.18371157758652418,0.0,1.0003927550604772,1.4000000000000001,0.04922406521818364,0.47713278371232093,2.1137719735326126,5.0,1.0,0.2786558742894973,1.0,0.0,0.0,0.0,567,20412,18,1.6,0.25742574257425743,0.4358525643600851,0.00020496770182867885,0.00033339872923932035,0.002084269983591014,0.007264775134478896
B0,S4,16,5,49.06561323218212,0.4531547705448934,4.0,1.9338898704416403,7.0,0.0739676737934306,0.5882852693923724,5.481536310904408,5.0,0.0,0.3989340570042684,0.0,0.0,0.0,0.0,0,0,0,0.0,0.0,0.2465171386133853,0.0,0.0,0.0,0.0
B1,S4,16,5,49.51792597798588,0.1892355110250653,0.0,1.0003927550604772,1.4,0.0602156073207263,0.47927347025486,2.0886664610220698,5.0,1.0,0.2909401669804677,0.0,0.0,0.0,0.0,13890,500040,180,1.6,0.0,0.3722174653448026,0.0005632176852757,0.0002831859213472,0.0026917704641675,0.0118439782124333
B2,S4,16,5,49.51604945025885,0.1846342686403499,0.0,1.0003927550604772,1.4,0.0488864310548121,0.4802557617334102,1.948689408217146,5.0,1.0,0.2804335946209622,0.0,0.0,0.0,0.0,1389,50004,18,1.6,0.0,0.365290504949299,0.0003442284834175,0.0001298131966507,0.0051116332739056,0.0135078689673967
B3,S4,16,5,49.51776219001355,0.1836693990104079,0.0,1.0003927550604772,1.4,0.0489245255001253,0.4789518133018262,2.009643155418205,5.0,1.0,0.2772012956522141,0.0,0.0,0.0,0.0,1389,50004,18,1.6,0.2376237623762376,0.4852693267335186,8.256050223059974e-05,4.635988695156357e-05,0.0048435566491917,0.009705369668778
B4,S4,16,5,49.5183731845531,0.1841027447918642,0.0,1.0003927550604772,1.4,0.0488132891324485,0.4784966031961701,2.093070500438527,5.0,1.0,0.2760187633014607,0.0,0.0,0.0,-0.0131104156922899,1389,50004,18,1.6,0.2376237623762376,0.4892564455454559,0.0001118736371369,0.0002124522145763,0.0060843527663223,0.0132970761567761
B5,S4,16,5,49.5184298945223,0.1841178826650356,0.0,1.0003927550604772,1.4,0.0487732182520893,0.4784541702007132,2.097483349618426,5.0,1.0,0.275942890087534,0.0,0.0,0.0,0.0,1389,50004,18,1.6,0.2376237623762376,0.5649513663373378,9.8374064004203e-05,0.0002123677648953,0.0062728496817499,0.0134206648627582
P,S4,16,5,49.51917671564488,0.1839213488832867,0.0,1.0003927550434446,1.4,0.0489302869618331,0.4780168151258124,2.1038886982324727,5.0,1.0,0.2762310550220718,0.0,0.0,0.0,0.0,455,16380,18,1.6,0.4356435643564356,0.3834562673258159,0.0002459743303361,0.0007574778678218,0.014733960013963,0.0374282267562172
B0,S5,16,5,49.06561323218212,0.4531547705448934,4.0,1.9338898704416403,7.0,0.0739676737934306,0.5882852693923724,5.481536310904408,5.0,0.0,0.3989340570042684,15.0,0.0,0.0,0.0,0,0,0,0.0,0.0,0.2386020000002564,0.0,0.0,0.0,0.0
B1,S5,16,5,49.51152291716229,0.199285920901787,0.0,1.0003927550604772,1.4,0.0614439964599035,0.4842346419849761,2.262549785295853,5.0,1.0,0.2948162216683718,15.0,0.0,0.0,0.0,18180,654480,180,0.2,0.0,0.3659334752498607,0.0106136275619974,0.0052443576514633,0.0516727191493657,0.191746156268654
B2,S5,16,5,48.98088366480546,0.4612781287875803,0.0,1.0003927550604772,1.4,0.0560825388780195,0.5811971049031541,5.121193369982699,5.0,0.0,0.38686000225679,15.0,0.0,0.0,0.0,1818,65448,18,0.2,0.0,0.3699082475226406,0.2769880886306478,0.1010711563663946,1.016132376971207,3.186011830732949
B3,S5,16,5,49.515804480616296,0.1847705767642734,0.0,1.0003927550604772,1.4,0.04866597046997,0.4805829354765976,2.0138732893513227,5.0,1.0,0.278113218599524,15.0,0.0,0.0,0.0,1818,65448,18,0.2,0.0,0.4085614158395743,0.001183738256096,0.0016774820617229,0.0367361453997148,0.0763886978429709
B4,S5,16,5,49.51572119045704,0.185490398102121,0.0,1.0003927550604772,1.4,0.048401128157624,0.4806520271547967,2.095898059780545,5.0,1.0,0.277177445026556,0.0,0.0,0.0,-0.0029425726181637,1818,65448,18,0.2,0.0,0.4150471089103868,0.0014995269473937,0.0023678761732028,0.0513361866280135,0.105782219804724
B5,S5,16,5,49.5186270979337,0.1840817442129376,0.0,1.0003927550604772,1.4,0.0489162767508592,0.4784615642399217,2.0978724734167784,5.0,1.0,0.2762677385614616,0.2000000000000001,6.0,0.0,0.6949230648261986,1818,65448,18,0.2,0.0,0.422001732672335,6.22356119061307e-05,0.0002197618041037,0.0069258510606076,0.0151511959248686
P,S5,16,5,49.520453653107126,0.1835962476463153,0.0,1.0003927550604772,1.4,0.0492012907821343,0.4771044435805649,2.111291885284839,5.0,1.0,0.2752578116770657,1.0,6.0,0.0,0.6566452462201265,626,22536,18,1.0,0.0,0.4120420495058683,-7.91269066353073e-05,-0.0001548936774256,0.0022017281075505,0.0037663528787774
B0,S6,16,5,49.11678786974664,0.4310175357114717,0.0,1.9338898704416403,7.0,0.0741792007804779,0.5623419323824166,5.215336789611479,5.0,0.0,0.3856027946754292,16.0,0.0,0.0,0.0,0,0,0,0.0,0.0,0.2464647821776308,0.0,0.0,0.0,0.0
B1,S6,16,5,49.54603090164098,0.177058872011576,0.0,1.0003927550604772,1.4,0.0619748116678902,0.4539690983590176,1.9907255168516127,4.199999999999999,1.0,0.2790689036076302,16.0,0.0,0.0,0.0,18180,654480,180,0.2,0.0,0.4131414752468982,0.0001173463581697,0.0001787630970682,0.0078284137833861,0.0129095246683554
B2,S6,16,5,49.54639119568829,0.1664400615983361,0.0,1.0003927550604772,1.4,0.048855278461831,0.4536088043117061,1.759649140207307,3.6000000000000014,1.0,0.2643629488685253,16.0,0.0,0.0,0.0,1818,65448,18,0.2,0.0,0.3816819306902658,-0.0023033453766736,-0.0017103467485881,0.0431766750305655,0.134995276237096
B3,S6,16,5,49.54838603859004,0.1737486105026836,4.0,1.0003927550604772,1.4,0.0500331122893956,0.4516139614099614,2.1642165859490685,5.0,1.0,0.2630936190809765,16.0,0.0,0.0,0.0,1818,65448,18,0.2,0.0,0.398355198019927,0.0005803543451007,-0.0010379860556355,0.0183118787184781,0.0584430882608927
B4,S6,16,5,49.54765000824406,0.1733775523615562,4.0,1.0003927550604772,1.4,0.049306401007814,0.4523499917559377,2.149553161522028,5.0,1.0,0.2631993981502331,0.0,0.0,0.0,-0.0042507348698287,1818,65448,18,0.2,0.0,0.4764572079171323,0.0004766764734587,-0.0004797923402435,0.0134503480256071,0.0378279127499901
B5,S6,16,5,49.547573864836,0.1732263955575588,4.0,1.0003927550604772,1.4,0.0492463265148394,0.4524261351640035,2.139829226287777,5.0,1.0,0.2633069165748821,16.0,0.0,0.0,0.0,1818,65448,18,0.2,0.0,0.4267139802007901,0.0004975719746764,-0.0004795354851765,0.0139140087246758,0.0388474931490392
P,S6,16,5,49.547007328426446,0.17287405325665,4.0,1.0003927550604772,1.4,0.0493241253740194,0.4529926715735541,2.1230302129323557,5.0,1.0,0.2640644934711195,16.0,0.0,0.0,0.0,596,21456,18,1.0,0.0,0.4255314059372551,0.0001656514793718,0.0004015323164452,0.0046529533116697,0.0097111637204598
B0,S7,16,5,49.11678786974664,0.4310175357114717,0.0,1.9338898704416403,7.0,0.0741792007804779,0.5623419323824166,5.215336789611479,5.0,0.0,0.3856027946754292,16.0,0.0,0.0,0.0,0,0,0,0.0,0.0,0.2537237227722408,0.0,0.0,0.0,0.0
B1,S7,16,5,48.847002986228375,0.5488281960880691,0.0,1.0003927550604772,1.4,0.0797899557314847,0.6386067428434572,6.592190502935469,5.0,0.0,0.4920429967017916,16.0,0.0,0.0,0.0,18180,654480,180,0.2,0.0,0.4694471386161726,0.3718866704346628,0.1848164075815077,1.1761199557047917,4.604492260356198
B2,S7,16,5,48.83678882390505,0.549231314938089,0.0,1.0003927550604772,1.4,0.0752288926236812,0.6386067428434572,6.542940822928432,5.0,0.0,0.4920426509568263,16.0,0.0,0.0,0.0,1818,65448,18,0.2,0.0,0.4951944851479248,0.3804879079630792,0.1832875917831629,1.188417416075367,4.833338489713493
B3,S7,16,5,48.83678882390505,0.5414312488378729,4.0,1.0003927550604772,1.4,0.0760703973401192,0.6386067428434572,6.370552036491226,5.0,0.0,0.4732539793897006,16.0,0.0,0.0,0.0,1818,65448,18,0.2,0.0,0.3999806633668647,0.36826299268029,0.1859547953778602,1.3866114877740898,4.925402240625187
B4,S7,16,5,49.40347539096669,0.2841667927244852,4.0,1.0003927550604772,1.4,0.0577053933489378,0.4847411638009546,3.6428886760463257,5.0,0.0,0.3539707009677478,0.0,5.0,0.0,0.7415648500842763,1818,65448,18,0.2,0.0,0.4693632970316901,0.1112659168363876,0.0319113797047734,0.6309025871255542,2.1692647009021377
B5,S7,16,5,48.83678882390505,0.5419231470854793,4.0,1.0003927550604772,1.4,0.0760947644721663,0.6386067428434572,6.395077868927295,5.0,0.0,0.4749881431164497,3.0,0.0,0.0,0.003333433082409,1818,65448,18,0.2,0.0,0.5311918712863243,0.3691943235025968,0.1857010721942771,1.3822175260339264,4.936297545152885
P,S7,16,5,48.83678882390505,0.5392530837744236,4.0,1.0003927550604772,1.4,0.0746637310831802,0.6386067428434572,6.2683363924106414,5.0,0.0,0.4597189688365793,16.0,0.0,0.0,0.0,1275,45900,18,1.0,0.0,0.4779507524758493,0.3665446819971455,0.1860156035863482,1.3874619203908338,4.765637579777055
B0,S0,17,5,49.06561323218212,0.4531547705448934,4.0,1.9338898704416403,7.0,0.0739676737934306,0.5882852693923724,5.481536310904408,5.0,0.0,0.4022673903376018,0.0,0.0,0.0,0.0,0,0,0,0.0,0.0,0.2770954554420097,0.0,0.0,0.0,0.0
B1,S0,17,5,49.518588896401525,0.1882526555060698,0.0,1.0003927550604772,1.4,0.0600824677669619,0.4787670206776013,2.073249568744599,4.199999999999999,1.0,0.2938135054714993,0.0,0.0,0.0,0.0,18180,654480,180,0.2,0.0,0.4392000693031258,0.0,0.0,0.0,0.0
B2,S0,17,5,49.51641692846764,0.1842229072160491,0.0,1.0003927550604772,1.4,0.0488635779860591,0.4800558967115833,1.9318353448662215,5.0,1.0,0.2837085189530125,0.0,0.0,0.0,0.0,1818,65448,18,0.2,0.0,0.5691571782200741,0.0,0.0,0.0,0.0
B3,S0,17,5,49.51812850148659,0.1835693706847704,0.0,1.0003927550604772,1.4,0.0489486169481431,0.4787583261853925,2.013659347412336,5.0,1.0,0.2805454709034236,0.0,0.0,0.0,0.0,1818,65448,18,0.2,0.0,1.7900537425766112,0.0,0.0,0.0,0.0
B4,S0,17,5,49.51814305202896,0.1835624817512686,0.0,1.0003927550604772,1.4,0.0488756535052548,0.4787565812202317,2.0209936125003813,5.0,1.0,0.2805434534665154,0.0,0.0,0.0,-0.013240429614044,1818,65448,18,0.2,0.0,0.5197818613851268,0.0,0.0,0.0,0.0
B5,S0,17,5,49.51821231238026,0.183587106595664,0.0,1.0003927550604772,1.4,0.0488426436656038,0.4787047574566188,2.0273887906696157,5.0,1.0,0.280417177595922,0.0,0.0,0.0,0.0,1818,65448,18,0.2,0.0,0.5029256039600987,0.0,0.0,0.0,0.0
P,S0,17,5,49.51957969232581,0.1834196409882335,0.0,1.0003927550604772,1.4,0.049047532832462,0.4777072880035007,2.056971450467713,5.0,1.0,0.2796372660722212,0.0,0.0,0.0,0.0,559,20124,18,1.0,0.0,0.5272241782186389,0.0,0.0,0.0,0.0
B0,S1,17,5,49.06561323218212,0.4531547705448934,4.0,1.9338898704416403,7.0,0.0739676737934306,0.5882852693923724,5.481536310904408,5.0,0.0,0.3989340570042684,15.0,0.0,0.0,0.0,0,0,0,0.0,0.0,0.2626348316853452,0.0,0.0,0.0,0.0
B1,S1,17,5,49.522090859571975,0.183603948905768,0.0,1.0003927550604772,1.4,0.0584374684812779,0.4760840113073001,1.9948600674353387,4.0,1.0,0.2858929501807724,15.0,0.0,0.0,0.0,18180,654480,180,0.2,0.0,0.4568571881184716,-0.0050598761171379,-0.0029066506310186,0.0284880695924627,0.1093046390604563
B2,S1,17,5,49.53581006309707,0.1795937469024836,0.0,1.0003927550604772,1.4,0.0541943544333264,0.4641899369029332,1.9374972830584023,5.0,1.0,0.2695005164535495,15.0,0.0,0.0,0.0,1818,65448,18,0.2,0.0,0.431455960394244,-0.0046284666075243,-0.015863813222424,0.3384385061775674,0.7006632196711817
B3,S1,17,5,49.51983119310627,0.1829886658458724,0.0,1.0003927550604772,1.4,0.0491826534986942,0.4774842350190198,2.017609509594012,5.0,1.0,0.2763023708762918,15.0,0.0,0.0,0.0,1818,65448,18,0.2,0.0,0.4927198217839111,-0.0005793603955403,-0.0012712419351075,0.0227161584032984,0.0480919456597419
B4,S1,17,5,49.52020745892419,0.182907943794633,0.0,1.0003927550604772,1.4,0.0492116650005073,0.4772119216423149,2.025487495556778,5.0,1.0,0.2761606899401745,0.0,0.0,0.0,0.017815752886843,1818,65448,18,0.2,0.0,0.4012719009911997,-0.0006956240862449,-0.0016382672699535,0.0275746797794695,0.060809640207541
B5,S1,17,5,49.51814989400076,0.1836772412875836,0.0,1.0003927550604772,1.4,0.0487778887759174,0.4787402984640323,2.02914300986294,5.0,1.0,0.2768586484800927,0.2000000000000001,9.0,0.0,0.6361792808390383,1818,65448,18,0.2,0.0,0.4046578811890994,5.101929844897324e-05,-5.806668244190405e-05,0.0015673127759754,0.0022843398153625
P,S1,17,5,49.518940179586814,0.1836323536630347,0.0,1.0003927550604772,1.4,0.0488288817390409,0.478179275021148,2.055841507854814,5.0,1.0,0.2760770181425086,1.0,9.0,0.0,0.6074807943925702,581,20916,18,1.0,0.0,0.4295314851477466,0.0001210693267409,4.813404750336758e-05,0.0027672393250881,0.0028753688086148
B0,S2,17,5,49.11678786974664,0.4310175357114717,0.0,1.9338898704416403,7.0,0.0741792007804779,0.5623419323824166,5.215336789611479,5.0,0.0,0.3856027946754292,16.0,0.0,0.0,0.0,0,0,0,0.0,0.0,0.2755338118821792,0.0,0.0,0.0,0.0
B1,S2,17,5,49.54854788796314,0.1716154050781752,0.0,1.0003927550604772,1.4,0.0618909308744231,0.4514521120368613,1.913092144013386,4.0,1.0,0.2796032275957066,16.0,0.0,0.0,0.0,18180,654480,180,0.2,0.0,0.4337515841566843,-0.005307519535082,-0.0023386008299155,0.0324027473875503,0.1164227219480011
B2,S2,17,5,49.55783345086843,0.1670822613596335,0.0,1.0003927550604772,1.4,0.0522500629361158,0.4421665491315707,1.8377385405512736,5.0,1.0,0.2641161061304699,16.0,0.0,0.0,0.0,1818,65448,18,0.2,0.0,0.4804994455433657,-0.0015985159111397,-0.0130910306560139,0.2840664032943039,0.5955064727089605
B3,S2,17,5,49.55208274642284,0.1729980722531588,4.0,1.0003927550604772,1.4,0.0511373270443361,0.4479172535771596,2.1595227068727314,5.0,1.0,0.2631671540217177,16.0,0.0,0.0,0.0,1818,65448,18,0.2,0.0,0.4412103069328866,-4.98381579381868e-05,-0.0046336745166044,0.0597396788686666,0.144192883834124
B4,S2,17,5,49.55200704436864,0.1729842996595131,4.0,1.0003927550604772,1.4,0.0507155681291423,0.4479929556313635,2.1542505497921085,5.0,1.0,0.2628658026748282,0.0,0.0,0.0,0.0209129959833875,1818,65448,18,0.2,0.0,0.4894127227728832,0.0002201324840957,-0.0046653630279607,0.0633994700245352,0.1517059303583195
B5,S2,17,5,49.548446860244646,0.1729728605731706,4.0,1.0003927550604772,1.4,0.0496309810838824,0.4515531397553545,2.1281312196692164,5.0,1.0,0.2636633420926391,1.2000000000000002,5.0,0.0,0.5599607455828044,1818,65448,18,0.2,0.0,0.4930828811864395,0.0005016442223898,-0.0012693981614901,0.023891788160931,0.0584439908102389
P,S2,17,5,49.54855746730093,0.172775121878922,4.0,1.0003927550604772,1.4,0.0498360538725128,0.451442532699069,2.1235205545304496,5.0,1.0,0.2642306488302377,4.800000000000001,5.0,0.0,0.5370776057550904,652,23472,18,1.0,0.0,0.5347030396028413,-1.5533779144677462e-05,-0.0011594494114604,0.0149318896255863,0.0343402596368278
B0,S3,17,5,49.065613232182116,0.4531547705448934,4.0,1.9338898704416405,7.0,0.07396767379343068,0.5882852693923724,5.481536310904408,5.0,0.0,0.4022673903376018,15.0,0.0,0.0,0.0,0,0,0,0.0,0.0,0.22742319801956443,0.0,0.0,0.0,0.0
B1,S3,17,5,49.516360047208174,0.19147721315414104,0.0,1.0003927550604772,1.4000000000000001,0.060375729060662915,0.4804748342064826,2.1263633175951986,5.0,1.0,0.29474087988015335,0.20000000000000018,0.0,0.0,0.0,18180,654480,180,1.6,0.0,0.3822192970306283,0.0032245576480712523,0.00170781352888133,0.017103868306904246,0.06049549383612458
B2,S3,17,5,49.516763403754645,0.18372365792498538,0.0,1.0003927550604772,1.4000000000000001,0.04888334016962036,0.47979664164581237,1.9179244524105665,5.0,1.0,0.2835403391435953,0.20000000000000018,0.0,0.0,0.0,1818,65448,18,1.6,0.0,0.3703063168341212,-0.0004992492910637081,-0.0002592550657709025,0.006454766403010126,0.01457610788107075
B3,S3,17,5,49.5184592322981,0.18346069424959624,0.0,1.0003927550604772,1.4000000000000001,0.04898319065246164,0.478510858442057,2.0153079141091514,5.0,1.0,0.28029922062509427,0.20000000000000018,0.0,0.0,0.0,1818,65448,18,1.6,0.25742574257425743,0.4065093069332554,-0.00010867643517414871,-0.0002474677433355055,0.005130605779022801,0.010572605222689185
B4,S3,17,5,49.51839374479575,0.18349708268429568,0.0,1.0003927550604772,1.4000000000000001,0.048885132670146436,0.4785689985354864,2.0230391129629623,5.0,1.0,0.28022351718112404,0.0,0.0,0.0,0.017815752204656587,1818,65448,18,1.6,0.25742574257425743,0.4414686435630207,-6.539906697292097e-05,-0.00018758268474527995,0.0038708256137240937,0.008734376531374008
B5,S3,17,5,49.51846301398247,0.18352573156907545,0.0,1.0003927550604772,1.4000000000000001,0.04885451385480998,0.47851716816079914,2.0293941182658437,5.0,1.0,0.2800972275167308,0.20000000000000018,0.0,0.0,0.0,1818,65448,18,1.6,0.25742574257425743,0.45416072276962627,-6.137502658853933e-05,-0.00018758929581963457,0.0038346962080311187,0.00866404567838117
P,S3,17,5,49.51929027610863,0.1834661696347398,0.0,1.0003927550604772,1.4000000000000001,0.0488755475338994,0.47792192574178216,2.0548011930667087,5.0,1.0,0.27934143779894066,1.0,0.0,0.0,0.0,570,20520,18,1.6,0.25742574257425743,0.4063939900964278,4.6528646506310833e-05,0.0002146377382814535,0.00874092278260008,0.017512004519095823
B0,S4,17,5,49.06561323218212,0.4531547705448934,4.0,1.9338898704416403,7.0,0.0739676737934306,0.5882852693923724,5.481536310904408,5.0,0.0,0.3989340570042684,0.0,0.0,0.0,0.0,0,0,0,0.0,0.0,0.3310653564362342,0.0,0.0,0.0,0.0
B1,S4,17,5,49.51772274313873,0.1895823739436819,0.0,1.0003927550604772,1.4,0.0611087884111698,0.4794289107100695,2.0967380515691456,5.0,1.0,0.2928722274296949,0.0,0.0,0.0,0.0,14100,507600,180,1.6,0.0,0.42812609900907,0.0009185489207759,0.0004382487717506,0.0060487390884489,0.020130302017089
B2,S4,17,5,49.51649173586529,0.1841864577798349,0.0,1.0003927550604772,1.4,0.0488981841045832,0.4800601580410841,1.9247227932275777,5.0,1.0,0.2800956930579178,0.0,0.0,0.0,0.0,1410,50760,18,1.6,0.0,0.4203054455447813,-3.5755730172976063e-05,6.407915726924784e-06,0.0034711475568514,0.0075956710361012
B3,S4,17,5,49.51836543511611,0.1835327783125638,0.0,1.0003927550604794,1.4,0.0490773043591001,0.4786556934433434,2.020101293654366,5.0,1.0,0.2769499457457731,0.0,0.0,0.0,0.0,1410,50760,18,1.6,0.3465346534653465,0.4291538514843352,-3.5247928848985977e-05,-9.97835107838796e-05,0.0041458839128338,0.0129997419064949
B4,S4,17,5,49.51823810984663,0.1835583669880209,0.0,1.0003927550604794,1.4,0.0489955342187828,0.4787503364366543,2.025203609078441,5.0,1.0,0.2774872712101806,0.0,0.0,0.0,-0.0132631622463623,1410,50760,18,1.6,0.3465346534653465,0.4949508514856812,-4.520089285700579e-05,-9.985247561417054e-05,0.0030825903109743,0.0073893903189805
B5,S4,17,5,49.51830716545163,0.1835846933201789,0.0,1.0003927550604794,1.4,0.0489611365952739,0.4786986658732175,2.031560862974172,5.0,1.0,0.2773634368086902,0.0,0.0,0.0,0.0,1410,50760,18,1.6,0.3465346534653465,0.5170240495020396,-4.152866895579255e-05,-9.969927325670368e-05,0.0030413750598654,0.0073098273058619
P,S4,17,5,49.518826393720765,0.183583602809432,0.0,1.0003927550594318,1.4,0.0488184361675654,0.4782841854123063,2.056397567325544,5.0,1.0,0.2757292753062298,0.0,0.0,0.0,0.0,473,17028,18,1.6,0.4059405940594059,0.4444452376203729,7.23184731382942e-05,0.0001530444386617,0.0032338314924018,0.0060399438093178
B0,S5,17,5,49.06561323218212,0.4531547705448934,4.0,1.9338898704416403,7.0,0.0739676737934306,0.5882852693923724,5.481536310904408,5.0,0.0,0.3989340570042684,15.0,0.0,0.0,0.0,0,0,0,0.0,0.0,0.2416926732702549,0.0,0.0,0.0,0.0
B1,S5,17,5,49.51207206455732,0.1990472820811987,0.0,1.0003927550604772,1.4,0.0615291951397836,0.4837511057038242,2.260231245769767,5.0,1.0,0.2945545406093742,15.0,0.0,0.0,0.0,18180,654480,180,0.2,0.0,0.3844219702994739,0.0103834570582928,0.0047604437655053,0.0514154227551841,0.1882643414105601
B2,S5,17,5,48.98075818657772,0.4610919031869348,0.0,1.0003927550604772,1.4,0.0562024256377716,0.5811845462493324,5.11531961732161,5.0,0.0,0.3864070929504291,15.0,0.0,0.0,0.0,1818,65448,18,0.2,0.0,0.3814340693094378,0.2768696896769269,0.1011307961239751,1.016113898177963,3.1834923304984226
B3,S5,17,5,49.51599480691814,0.184631650954847,0.0,1.0003927550604772,1.4,0.0486567059561354,0.480362781616563,2.016430636321783,5.0,1.0,0.277986347665464,15.0,0.0,0.0,0.0,1818,65448,18,0.2,0.0,0.3973168613856164,0.0010636247134341,0.0016073046624356,0.0351912725226384,0.0712247172276334
B4,S5,17,5,49.514820726818094,0.1854186702066701,0.0,1.0003927550604772,1.4,0.0483581415760095,0.4812950997103442,2.026662506797296,5.0,1.0,0.2782508873013048,0.0,0.0,0.0,0.0178157095913399,1818,65448,18,0.2,0.0,0.3992906138609944,0.0018151023257921,0.0024449107980757,0.0519891555887781,0.1087728547863839
B5,S5,17,5,49.51814989400076,0.1836772412875836,0.0,1.0003927550604772,1.4,0.0487778887759174,0.4787402984640323,2.02914300986294,5.0,1.0,0.2768586484800927,0.2000000000000001,6.0,0.0,0.6971299722577895,1818,65448,18,0.2,0.0,0.4129951881163878,5.101929844897324e-05,-5.806668244190405e-05,0.0015673127759754,0.0022843398153625
P,S5,17,5,49.518940179586814,0.1836323536630347,0.0,1.0003927550604772,1.4,0.0488288817390409,0.478179275021148,2.055841507854814,5.0,1.0,0.2760770181425086,1.0,6.0,0.0,0.6601644535279358,589,21204,18,1.0,0.0,0.4032879207920589,0.0001210693267409,4.813404750336758e-05,0.0027672393250881,0.0028753688086148
B0,S6,17,5,49.11678786974664,0.4310175357114717,0.0,1.9338898704416403,7.0,0.0741792007804779,0.5623419323824166,5.215336789611479,5.0,0.0,0.3856027946754292,16.0,0.0,0.0,0.0,0,0,0,0.0,0.0,0.2498910495059234,0.0,0.0,0.0,0.0
B1,S6,17,5,49.54602374898288,0.1770644357022268,0.0,1.0003927550604772,1.4,0.0619604500963621,0.4539762510171243,1.9924958558133905,4.199999999999999,1.0,0.2792548491977266,16.0,0.0,0.0,0.0,18180,654480,180,0.2,0.0,0.3966900000011832,0.0001415110889696,0.0001855381503474,0.0070991577787893,0.0121613405286716
B2,S6,17,5,49.54643120557034,0.1664136640362799,0.0,1.0003927550604772,1.4,0.0488909223300964,0.4535687944296569,1.7576775802782567,3.6000000000000014,1.0,0.2642411620781606,16.0,0.0,0.0,0.0,1818,65448,18,0.2,0.0,0.3780446336620143,-0.0022671132344932,-0.0016887853579277,0.0429632719444939,0.1323623615497701
B3,S6,17,5,49.548666382361816,0.1736355739294398,4.0,1.0003927550604772,1.4,0.0501169206938339,0.4513336176381841,2.162496039146617,5.0,1.0,0.2629394864649777,16.0,0.0,0.0,0.0,1818,65448,18,0.2,0.0,0.3902545940630685,0.0005876635183428,-0.0012173104555799,0.0205056998425945,0.0637252675644354
B4,S6,17,5,49.54780810820693,0.1732403864904516,4.0,1.0003927550604772,1.4,0.0493453028006182,0.4521918917930705,2.143519197516956,5.0,1.0,0.263093706189707,0.0,0.0,0.0,0.0209125798404715,1818,65448,18,0.2,0.0,0.4161898415878739,0.0004762193150341,-0.0004664268662537,0.0137100014125977,0.036720715553902
B5,S6,17,5,49.54764341123256,0.1729680234998093,4.0,1.0003927550604772,1.4,0.0492840986418215,0.4523565887674436,2.1267159095583703,5.0,1.0,0.2633356225358254,16.0,0.0,0.0,0.0,1818,65448,18,0.2,0.0,0.4192926930684708,0.0004968071490285,-0.000465949149401,0.0145239959965053,0.0382658000576654
P,S6,17,5,49.5480356293293,0.1726852584329481,4.0,1.0003927550604772,1.4,0.0496306945617258,0.4519643706707015,2.1178928557429133,5.0,1.0,0.2642558492431574,16.0,0.0,0.0,0.0,599,21564,18,1.0,0.0,0.4314747821799846,-0.0001053972251186,-0.0006376114398278,0.0056291159682615,0.0167587290068183
B0,S7,17,5,49.11678786974664,0.4310175357114717,0.0,1.9338898704416403,7.0,0.0741792007804779,0.5623419323824166,5.215336789611479,5.0,0.0,0.3856027946754292,16.0,0.0,0.0,0.0,0,0,0,0.0,0.0,0.24295155445444,0.0,0.0,0.0,0.0
B1,S7,17,5,48.84693172619014,0.549183417998134,0.0,1.0003927550604772,1.4,0.079812138273077,0.6386067428434572,6.603264061045613,5.0,0.0,0.4927032365938784,16.0,0.0,0.0,0.0,18180,654480,180,0.2,0.0,0.3840514950482402,0.3722604933848767,0.1848160299766803,1.1763652035921195,4.615097970732651
B2,S7,17,5,48.83678882390505,0.5491772232417846,0.0,1.0003927550604772,1.4,0.0756523520559101,0.6386067428434572,6.54188632972348,5.0,0.0,0.4918288385183484,16.0,0.0,0.0,0.0,1818,65448,18,0.2,0.0,0.3764433465338436,0.3804964459710114,0.1833491630558725,1.1881532896748863,4.834363569060701
B3,S7,17,5,48.83678882390505,0.54181265218654,4.0,1.0003927550604772,1.4,0.0767494770168145,0.6386067428434572,6.387274951868569,5.0,0.0,0.4748131078759822,16.0,0.0,0.0,0.0,1818,65448,18,0.2,0.0,0.4044490297019365,0.3687647417754429,0.1860558147496931,1.3828877401520785,4.947798681369296
B4,S7,17,5,49.39431655075626,0.2893608009331047,4.0,1.0003927550604772,1.4,0.0581370936679732,0.4862256615445304,3.704322954181245,5.0,0.0,0.3566148826732973,0.0,5.0,0.0,0.7371341484555843,1818,65448,18,0.2,0.0,0.4255301089122638,0.1165966337576872,0.0335673428852061,0.6523533355997628,2.242508353011856
B5,S7,17,5,48.83678882390505,0.5423446126176505,4.0,1.0003927550604772,1.4,0.0764432858291922,0.6386067428434572,6.409099495616054,5.0,0.0,0.4765184299787469,3.0,0.0,0.0,0.0317782346855447,1818,65448,18,0.2,0.0,0.4354379802006775,0.3698733962668697,0.1857842049266125,1.3813669159317357,4.958600924034599
P,S7,17,5,48.83678882390505,0.5405850314615649,4.0,1.0003927550604772,1.4,0.0758156939362248,0.6386067428434572,6.333910807629513,5.0,0.0,0.4680765241897399,3.0,0.0,0.0,0.0135781223836727,1282,46152,18,1.0,0.0,0.473971712867436,0.3677943758034981,0.1860047607329278,1.389595996329561,4.8712801609931216
B0,S0,18,5,49.06561323218212,0.4531547705448934,4.0,1.9338898704416403,7.0,0.0739676737934306,0.5882852693923724,5.481536310904408,5.0,0.0,0.4022673903376018,0.0,0.0,0.0,0.0,0,0,0,0.0,0.0,0.235873326733547,0.0,0.0,0.0,0.0
B1,S0,18,5,49.518596902477206,0.1882085940078941,0.0,1.0003927550604772,1.4,0.0600292689029507,0.4787586080916526,2.071481921048632,4.199999999999999,1.0,0.2937057679979838,0.0,0.0,0.0,0.0,18180,654480,180,0.2,0.0,0.3601580396036189,0.0,0.0,0.0,0.0
B2,S0,18,5,49.51636036674148,0.1842157786587906,0.0,1.0003927550604772,1.4,0.0490006285516019,0.4801202221534879,1.932008837052884,5.0,1.0,0.2840940712104037,0.0,0.0,0.0,0.0,1818,65448,18,0.2,0.0,0.3613842970282511,0.0,0.0,0.0,0.0
B3,S0,18,5,49.51805061164535,0.1835308610411891,0.0,1.0003927550604772,1.4,0.0490759591057557,0.4788575503578514,2.0090429005342965,5.0,1.0,0.2808683060416597,0.0,0.0,0.0,0.0,1818,65448,18,0.2,0.0,0.3749498316822853,0.0,0.0,0.0,0.0
B4,S0,18,5,49.519475076633945,0.1845465200699586,0.2000000000000001,1.0003927550604772,1.4,0.0490313448243023,0.4777853486277124,2.159038230465371,5.0,1.0,0.2785177859247786,0.0,0.0,0.0,-0.0127854436522327,1818,65448,18,0.2,0.0,0.4082900495046884,0.0,0.0,0.0,0.0
B5,S0,18,5,49.51930300287278,0.1844271216700649,0.2000000000000001,1.0003927550604772,1.4,0.0489532620131112,0.4779141020884552,2.1463411089541204,5.0,1.0,0.2787144517898795,0.0,0.0,0.0,0.0,1818,65448,18,0.2,0.0,0.4378838613891924,0.0,0.0,0.0,0.0
P,S0,18,5,49.5204803460894,0.1839250093369707,0.0,1.0003927550604772,1.4,0.0492748401414757,0.4770417806954228,2.1292816485620887,5.0,1.0,0.2785899513987523,0.0,0.0,0.0,0.0,599,21564,18,1.0,0.0,0.403061326733673,0.0,0.0,0.0,0.0
B0,S1,18,5,49.06561323218212,0.4531547705448934,4.0,1.9338898704416403,7.0,0.0739676737934306,0.5882852693923724,5.481536310904408,5.0,0.0,0.3989340570042684,15.0,0.0,0.0,0.0,0,0,0,0.0,0.0,0.2377309801976489,0.0,0.0,0.0,0.0
B1,S1,18,5,49.5220995260037,0.1835539193792582,0.0,1.0003927550604772,1.4,0.0584393657431983,0.4760752331130575,1.9919023879969069,4.0,1.0,0.2855189072123787,15.0,0.0,0.0,0.0,18180,654480,180,0.2,0.0,0.3837820693049009,-0.005065518591433,-0.0029070162392983,0.0284808927534001,0.1106312793778912
B2,S1,18,5,49.53581006309707,0.179611137547887,0.0,1.0003927550604772,1.4,0.054201172784015,0.4641899369029332,1.9413298301215,5.0,1.0,0.2694083199633585,15.0,0.0,0.0,0.0,1818,65448,18,0.2,0.0,0.3716439900972095,-0.0046039337229847,-0.0159281386643499,0.3379006271062081,0.7022831452483216
B3,S1,18,5,49.51971024131941,0.1829752977783965,0.0,1.0003927550604772,1.4,0.0492545144592819,0.4776157690539477,2.0130346006376407,5.0,1.0,0.2764320274752888,15.0,0.0,0.0,0.0,1818,65448,18,0.2,0.0,0.371375267325738,-0.0005667507867752,-0.0012638154463928,0.0235465728066515,0.0485429936997647
B4,S1,18,5,49.52186401245319,0.1838301065613043,0.2000000000000001,1.0003927550604772,1.4,0.0496072764077488,0.4759979001666963,2.159999339579088,5.0,1.0,0.2742573199189356,0.0,0.0,0.0,-0.0038205545686805,1818,65448,18,0.2,0.0,0.4028383168318187,-0.0007337733370136,-0.0018271312270599,0.0263007328145761,0.059653521616947
B5,S1,18,5,49.51922616391074,0.1844671660727382,0.2000000000000001,1.0003927550604772,1.4,0.049023070496033,0.477961396536017,2.1464525327614474,5.0,1.0,0.2754067965363512,0.2000000000000001,9.0,0.0,0.6345971969623699,1818,65448,18,0.2,0.0,0.402337039605921,2.489296771326921e-05,7.611709413879453e-06,0.0025773383824514,0.00591367954651
P,S1,18,5,49.52008328457372,0.1838622655726129,0.0,1.0003927550604772,1.4,0.049132531992192,0.4773712661028497,2.1252912231954597,5.0,1.0,0.2752539374815259,0.7999999999999998,9.0,0.0,0.6084352530025314,681,24516,18,1.0,0.0,0.4079278118801499,-0.0001787655918439,-0.0002049223498659,0.0058100604997406,0.0115049810031095
B0,S2,18,5,49.11678786974664,0.4310175357114717,0.0,1.9338898704416403,7.0,0.0741792007804779,0.5623419323824166,5.215336789611479,5.0,0.0,0.3856027946754292,16.0,0.0,0.0,0.0,0,0,0,0.0,0.0,0.2867578415846017,0.0,0.0,0.0,0.0
B1,S2,18,5,49.54880678991082,0.1713761845008256,0.0,1.0003927550604772,1.4,0.0618932717651159,0.4511932100891798,1.9093662805223333,4.0,1.0,0.2793882683186647,16.0,0.0,0.0,0.0,18180,654480,180,0.2,0.0,0.4176907029684323,-0.0055105256883054,-0.002589090191627,0.03280380987065,0.1198942763101648
B2,S2,18,5,49.55796251344412,0.1670705781205672,0.0,1.0003927550604772,1.4,0.0522647904386359,0.4420374865558827,1.8397602641944404,5.0,1.0,0.2645718206857778,16.0,0.0,0.0,0.0,1818,65448,18,0.2,0.0,0.4314432574232125,-0.0017095708243761,-0.0132856915345982,0.2842108404251533,0.5991022815755122
B3,S2,18,5,49.55203525001463,0.1730353461076806,4.0,1.0003927550604772,1.4,0.0511020623785256,0.447964749985374,2.159704529460857,5.0,1.0,0.2631176255664844,16.0,0.0,0.0,0.0,1818,65448,18,0.2,0.0,0.3915383762396592,-2.790657426049448e-05,-0.0047233992449733,0.0612044357144583,0.1483277721986979
B4,S2,18,5,49.55314959424908,0.1759613114733977,4.0,1.0003927550604772,1.4,0.0510390306833189,0.4468504057509221,2.291790182725804,5.0,1.0,0.2612018013505029,0.0,0.0,0.0,-0.0050498595742497,1818,65448,18,0.2,0.0,0.4203077326718191,-1.7668354086397553e-05,-0.004804574333491,0.0554209108520993,0.1438050502681654
B5,S2,18,5,49.54926024834649,0.1758249934188135,4.0,1.0003927550604772,1.4,0.0498973049978078,0.4507397516535079,2.2665491348500337,5.0,1.0,0.2620972722982373,1.0,5.0,0.0,0.5655549346629551,1818,65448,18,0.2,0.0,0.4884347821743096,0.0002558691409634,-0.0011103403696068,0.0154252554429703,0.0406355308737381
P,S2,18,5,49.54996016614674,0.1758995525153827,4.0,1.0003927550604772,1.4,0.050226345223027,0.4500398338532605,2.2686231274291817,5.0,1.0,0.2617783992687831,1.2000000000000002,5.0,0.0,0.5640227947264707,694,24984,18,1.0,0.0,0.4562804653444503,0.0005840000829059,-0.0017853342312221,0.0303765065670305,0.0733710378640416
B0,S3,18,5,49.065613232182116,0.4531547705448934,4.0,1.9338898704416405,7.0,0.07396767379343068,0.5882852693923724,5.481536310904408,5.0,0.0,0.4022673903376018,15.0,0.0,0.0,0.0,0,0,0,0.0,0.0,0.2962010495085082,0.0,0.0,0.0,0.0
B1,S3,18,5,49.52115412651184,0.1847979075907303,0.0,1.0003927550604772,1.4000000000000001,0.06008275586875918,0.4767993872906544,2.019547164446934,4.0,1.0,0.29342956221530475,0.20000000000000018,0.0,0.0,0.0,18180,654480,180,1.6,0.0,0.4123054653442379,-0.0034106864171637996,-0.001959220800998196,0.01932165219972859,0.06821021749144122
B2,S3,18,5,49.515758866416036,0.1850946224931558,0.0,1.0003927550604772,1.4000000000000001,0.04892906506975707,0.48058800784922084,1.954673571002447,5.0,1.0,0.2842207587882509,0.20000000000000018,0.0,0.0,0.0,1818,65448,18,1.6,0.0,0.3873004059389834,0.0008788438343652061,0.0004677856957329696,0.010275996485781036,0.022677513497902868
B3,S3,18,5,49.517944900316614,0.18357707210627172,0.0,1.0003927550604772,1.4000000000000001,0.04900201698929825,0.4789366497945693,2.0097642951137678,5.0,1.0,0.28050869567954934,0.20000000000000018,0.0,0.0,0.0,1818,65448,18,1.6,0.25742574257425743,0.3847014455450425,4.621106508262418e-05,7.909943671791098e-05,0.0016554936611754556,0.003756646704567855
B4,S3,18,5,49.519467763319795,0.18455350503055554,0.20000000000000018,1.0003927550604772,1.4000000000000001,0.049022481329115894,0.4777908261693966,2.159282927597581,5.0,1.0,0.2784278032618454,0.0,0.0,0.0,-0.0038205531495794087,1818,65448,18,1.6,0.25742574257425743,0.44148500990216927,6.984960596950751e-06,5.4775416842289815e-06,0.0005272446362880601,0.00045711405457993215
B5,S3,18,5,49.51929443693608,0.1844339169622714,0.20000000000000018,1.0003927550604772,1.4000000000000001,0.04893741077200764,0.4779205168996583,2.1465722221994668,5.0,1.0,0.2786257477766596,0.20000000000000018,0.0,0.0,0.0,1818,65448,18,1.6,0.25742574257425743,0.5436161089137655,6.795292206512871e-06,6.414811203114823e-06,0.0005223012699531182,0.0004987401394359379
P,S3,18,5,49.51921634384365,0.18424329453267932,0.0,1.0003927550604772,1.4000000000000001,0.04886560752846297,0.477953677415492,2.1262867496359954,5.0,1.0,0.27863424896145256,0.8000000000000007,0.0,0.0,0.0,613,22068,18,1.6,0.26732673267326734,0.41152795049831437,0.00031828519570861746,0.0009118967200691941,0.020929640978181396,0.04398522422849281
B0,S4,18,5,49.06561323218212,0.4531547705448934,4.0,1.9338898704416403,7.0,0.0739676737934306,0.5882852693923724,5.481536310904408,5.0,0.0,0.3989340570042684,0.0,0.0,0.0,0.0,0,0,0,0.0,0.0,0.2475079504935397,0.0,0.0,0.0,0.0
B1,S4,18,5,49.51737614126797,0.1900030602326811,0.0,1.0003927550604772,1.4,0.0609493985237759,0.4796950553278876,2.1004480528109672,5.0,1.0,0.2923949460116448,0.0,0.0,0.0,0.0,14230,512280,180,1.6,0.0,0.375589762375012,0.0013836222619899,0.0007128059755316,0.0076723716428475,0.0271627336533192
B2,S4,18,5,49.51661119163382,0.1839870300338665,0.0,1.0003927550604772,1.4,0.0489572039316148,0.4800117330685296,1.9207880047350967,5.0,1.0,0.2804081246810156,0.0,0.0,0.0,0.0,1423,51228,18,1.6,0.0,0.3864903366306997,-0.0002280412370053,-0.0001063424987535,0.0028563335603948,0.0112572881154214
B3,S4,18,5,49.51823251809712,0.1835161128598043,0.0,1.0003927550604772,1.4,0.049029680334697,0.4787829331112547,2.012802520800029,5.0,1.0,0.2771095856486715,0.0,0.0,0.0,0.0,1423,51228,18,1.6,0.2574257425742574,0.4303192079190705,-2.593570536746359e-05,-9.665138908587778e-05,0.0032439074025916,0.0099480257406383
B4,S4,18,5,49.51984913055186,0.1845336580106817,0.2000000000000001,1.0003927550604772,1.4,0.0490882354613791,0.4775807024637757,2.1630596397745228,5.0,1.0,0.2744477736856032,0.0,0.0,0.0,-0.0129173848689787,1423,51228,18,1.6,0.2574257425742574,0.5485678811874996,-3.022188763623923e-05,-0.0002443289299804,0.0062443345701836,0.0152131171402388
B5,S4,18,5,49.51967947287782,0.1844171020727212,0.2000000000000001,1.0003927550604772,1.4,0.048990686032659,0.4777076481196189,2.1504938741710298,5.0,1.0,0.2746402352541444,0.0,0.0,0.0,0.0,1423,51228,18,1.6,0.2574257425742574,0.4629174059388815,-2.5171032303816787e-05,-0.0002461367069841,0.0066095669134469,0.0156802649225802
P,S4,18,5,49.51918148642193,0.1840859510353964,0.0,1.000392755060607,1.4,0.0489507345661801,0.4780446617003377,2.119678934865955,5.0,1.0,0.2759144588576612,0.0,0.0,0.0,0.0,493,17748,18,1.6,0.3861386138613861,0.4472641386146819,4.491987093946381e-05,0.0004684732476221,0.0041616705703759,0.0105329688502429
B0,S5,18,5,49.06561323218212,0.4531547705448934,4.0,1.9338898704416403,7.0,0.0739676737934306,0.5882852693923724,5.481536310904408,5.0,0.0,0.3989340570042684,15.0,0.0,0.0,0.0,0,0,0,0.0,0.0,0.2446468316871813,0.0,0.0,0.0,0.0
B1,S5,18,5,49.51153688891727,0.1992112859856788,0.0,1.0003927550604772,1.4,0.0614037923064261,0.4842239336418146,2.261623586040665,5.0,1.0,0.2947707180372336,15.0,0.0,0.0,0.0,18180,654480,180,0.2,0.0,0.4537204950469062,0.0105918480149876,0.0052416842894587,0.0516859049301245,0.1916604683829647
B2,S5,18,5,48.9810224078347,0.4612785182109006,0.0,1.0003927550604772,1.4,0.0561436047749121,0.5823272267240398,5.12042349664937,5.0,0.0,0.3869366235910744,15.0,0.0,0.0,0.0,1818,65448,18,0.2,0.0,0.3920908514842132,0.2770634469400288,0.1022091511567566,1.0163093102364158,3.188422994477543
B3,S5,18,5,49.515509482483246,0.1849625050769742,0.0,1.0003927550604772,1.4,0.0487563448625071,0.4807853743196162,2.0136147180297703,5.0,1.0,0.2785237035936135,15.0,0.0,0.0,0.0,1818,65448,18,0.2,0.0,0.4106362970299297,0.0014204565118023,0.0019057898192755,0.041103203792943,0.0856363422932972
B4,S5,18,5,49.51622526143805,0.1858454657376156,0.2000000000000001,1.0003927550604772,1.4,0.0485284001374165,0.4802096739081918,2.156944045267418,5.0,1.0,0.2763736271952168,0.0,0.0,0.0,-0.003820575228455,1818,65448,18,0.2,0.0,0.484672445545224,0.0012815858392976,0.0023846425144355,0.0510057893012145,0.1021510465911418
B5,S5,18,5,49.51922616391074,0.1844671660727382,0.2000000000000001,1.0003927550604772,1.4,0.049023070496033,0.477961396536017,2.1464525327614474,5.0,1.0,0.2754067965363512,0.2000000000000001,6.0,0.0,0.69503468769,1818,65448,18,0.2,0.0,0.4688125247529308,2.489296771326921e-05,7.611709413879453e-06,0.0025773383824514,0.00591367954651
P,S5,18,5,49.52008328457372,0.1838622655726129,0.0,1.0003927550604772,1.4,0.049132531992192,0.4773712661028497,2.1252912231954597,5.0,1.0,0.2752539374815259,0.7999999999999998,6.0,0.0,0.6669904191290367,685,24660,18,1.0,0.0,0.4520943762370302,-0.0001787655918439,-0.0002049223498659,0.0058100604997406,0.0115049810031095
B0,S6,18,5,49.11678786974664,0.4310175357114717,0.0,1.9338898704416403,7.0,0.0741792007804779,0.5623419323824166,5.215336789611479,5.0,0.0,0.3856027946754292,16.0,0.0,0.0,0.0,0,0,0,0.0,0.0,0.2487352673309186,0.0,0.0,0.0,0.0
B1,S6,18,5,49.54603893662215,0.1770036605719115,0.0,1.0003927550604772,1.4,0.0619366624053988,0.4539610633778466,1.99018674037484,4.199999999999999,1.0,0.2790330499040436,16.0,0.0,0.0,0.0,18180,654480,180,0.2,0.0,0.4568277029666026,0.0001169503827805,0.0001787630970397,0.007828413783443,0.0129099182111168
B2,S6,18,5,49.54639906865781,0.1664355209693079,0.0,1.0003927550604772,1.4,0.04884531193506,0.4536009313421871,1.760410441803267,3.6000000000000014,1.0,0.2642738002507446,16.0,0.0,0.0,0.0,1818,65448,18,0.2,0.0,0.3792457722792647,-0.0023446279756354,-0.0017222467482937,0.0432206285854874,0.1352434972500347
B3,S6,18,5,49.54850890211829,0.1737070118753968,4.0,1.0003927550604772,1.4,0.0500399170991363,0.451491097881707,2.163125204865936,5.0,1.0,0.2628935442399789,16.0,0.0,0.0,0.0,1818,65448,18,0.2,0.0,0.4202852871260055,0.0006437591934557,-0.0011970513486403,0.0202808024620964,0.0651869732253032
B4,S6,18,5,49.548784769509055,0.1764822721276973,4.0,1.0003927550604772,1.4,0.0497689127033407,0.4512152304909449,2.287747744904012,5.0,1.0,0.2613820963806114,0.0,0.0,0.0,-0.0050505434726113,1818,65448,18,0.2,0.0,0.4121858613880159,0.0005032923002132,-0.0004397495934682,0.0135960972883921,0.0319146944918045
B5,S6,18,5,49.54858929951013,0.1760574858470771,4.0,1.0003927550604772,1.4,0.0496164918820389,0.4514107004898662,2.269843721506559,5.0,1.0,0.2616618705710421,16.0,0.0,0.0,0.0,1818,65448,18,0.2,0.0,0.4403117821780007,0.000488361569227,-0.0004393915332485,0.0135921314731888,0.032160446225211
P,S6,18,5,49.5492008012334,0.1756942194200999,4.0,1.0003927550604772,1.4,0.0497246497436664,0.4507991987666031,2.2620256054989114,5.0,1.0,0.2613394236107147,16.0,0.0,0.0,0.0,633,22788,18,1.0,0.0,0.4568865544552134,0.0003786669876231,-0.0010259693178795,0.0147286538711526,0.0476679744965551
B0,S7,18,5,49.11678786974664,0.4310175357114717,0.0,1.9338898704416403,7.0,0.0741792007804779,0.5623419323824166,5.215336789611479,5.0,0.0,0.3856027946754292,16.0,0.0,0.0,0.0,0,0,0,0.0,0.0,0.2538600099049488,0.0,0.0,0.0,0.0
B1,S7,18,5,48.84694737387741,0.5488585342779884,0.0,1.0003927550604772,1.4,0.0798144620722613,0.6386067428434572,6.593596332554714,5.0,0.0,0.492111504426621,16.0,0.0,0.0,0.0,18180,654480,180,0.2,0.0,0.4030896930719854,0.3719718240888573,0.1848244425626504,1.1767822460518005,4.6067942338043855
B2,S7,18,5,48.83678882390505,0.5489027856571329,0.0,1.0003927550604772,1.4,0.0752821886831332,0.6386067428434572,6.532176798399031,5.0,0.0,0.4913933813705008,16.0,0.0,0.0,0.0,1818,65448,18,0.2,0.0,0.3965375544569247,0.3801226367121895,0.1832835647529762,1.1882388073003725,4.822929070176317
B3,S7,18,5,48.83678882390505,0.541464590092446,4.0,1.0003927550604772,1.4,0.0760044242820352,0.6386067428434572,6.370316761342494,5.0,0.0,0.4734555411387999,16.0,0.0,0.0,0.0,1818,65448,18,0.2,0.0,0.3940675841576113,0.3684013374105048,0.1859185936131098,1.3822921589030202,4.922321421288363
B4,S7,18,5,49.416779982255285,0.2780413087752492,4.0,1.0003927550604772,1.4,0.057346783508323,0.4830809022332971,3.616544774342319,5.0,0.0,0.3501383673049564,0.0,5.0,0.0,0.7409414292936605,1818,65448,18,0.2,0.0,0.4112854950504373,0.1020623289477651,0.0314259221488839,0.6297092511368376,2.134548704512136
B5,S7,18,5,48.83678882390505,0.5416326847096868,4.0,1.0003927550604772,1.4,0.0763666772361357,0.6386067428434572,6.4329718614544085,5.0,0.0,0.47430875331151,3.0,0.0,0.0,0.0015246220988694,1818,65448,18,0.2,0.0,0.4677539009883343,0.3660635604318368,0.1867566508203424,1.396758779239562,4.972439463062645
P,S7,18,5,48.83678882390505,0.5402364644733341,4.0,1.0003927550604772,1.4,0.0755795547716251,0.6386067428434572,6.367622458958616,5.0,0.0,0.4661953687200787,16.0,0.0,0.0,0.0,1276,45936,18,1.0,0.0,0.4460037227707487,0.3649209120408573,0.1867815747589745,1.3964947904958365,4.869091339209053
B0,S0,19,5,49.06561323218212,0.4531547705448934,4.0,1.9338898704416403,7.0,0.0739676737934306,0.5882852693923724,5.481536310904408,5.0,0.0,0.4022673903376018,0.0,0.0,0.0,0.0,0,0,0,0.0,0.0,0.2402216534644347,0.0,0.0,0.0,0.0
B1,S0,19,5,49.51863600487737,0.1882359733749032,0.0,1.0003927550604772,1.4,0.0600771392668543,0.4787272191386762,2.0721521383677044,4.199999999999999,1.0,0.2937373842923965,0.0,0.0,0.0,0.0,18180,654480,180,0.2,0.0,0.3750239702955272,0.0,0.0,0.0,0.0
B2,S0,19,5,49.51629508108494,0.1843505618572329,0.0,1.0003927550604772,1.4,0.0489151979945542,0.4802045561032173,1.933487138789652,5.0,1.0,0.2838225626781288,0.0,0.0,0.0,0.0,1818,65448,18,0.2,0.0,0.3689894257410859,0.0,0.0,0.0,0.0
B3,S0,19,5,49.51790139317183,0.1835972925975122,0.0,1.0003927550604772,1.4,0.0490004906204809,0.4790021703952689,2.0123472122509933,5.0,1.0,0.280798101284785,0.0,0.0,0.0,0.0,1818,65448,18,0.2,0.0,0.4258407920817694,0.0,0.0,0.0,0.0
B4,S0,19,5,49.5195367243707,0.184409927566448,0.2000000000000001,1.0003927550604772,1.4,0.0489877030951086,0.4777791554913975,2.1516381219134955,5.0,1.0,0.2783644753415112,0.0,0.0,0.0,-0.012725644557475,1818,65448,18,0.2,0.0,0.4284224851514887,0.0,0.0,0.0,0.0
B5,S0,19,5,49.519493654908906,0.1844026534606155,0.2000000000000001,1.0003927550604772,1.4,0.0489387343318842,0.4778113820332166,2.1504841689089664,5.0,1.0,0.2784184936316058,0.0,0.0,0.0,0.0,1818,65448,18,0.2,0.0,0.4496406930697823,0.0,0.0,0.0,0.0
P,S0,19,5,49.51870354047239,0.1845530286041882,0.2000000000000001,1.0003927550604772,1.4,0.0488181635601271,0.4784031178100463,2.143351053983724,5.0,1.0,0.2788399684351468,0.0,0.0,0.0,0.0,592,21312,18,1.0,0.0,0.4371047722799793,0.0,0.0,0.0,0.0
B0,S1,19,5,49.06561323218212,0.4531547705448934,4.0,1.9338898704416403,7.0,0.0739676737934306,0.5882852693923724,5.481536310904408,5.0,0.0,0.3989340570042684,15.0,0.0,0.0,0.0,0,0,0,0.0,0.0,0.2442512871284904,0.0,0.0,0.0,0.0
B1,S1,19,5,49.52125183995199,0.1847014305630436,0.0,1.0003927550604772,1.4,0.0596828522864827,0.4767231276470198,2.0150478165350205,4.0,1.0,0.2884127643049873,15.0,0.0,0.0,0.0,18180,654480,180,0.2,0.0,0.41498969307267,-0.0039462696603552,-0.0022277327523596,0.0219777298876238,0.0813555255656829
B2,S1,19,5,49.53559494347659,0.177727509380549,0.0,1.0003927550604772,1.4,0.052857051265624,0.464405056523411,1.8999950409367117,5.0,1.0,0.2707452922743535,15.0,0.0,0.0,0.0,1818,65448,18,0.2,0.0,0.398822376240841,-0.0066233937374152,-0.0158005233358977,0.3128458331702219,0.6531335305771683
B3,S1,19,5,49.51885610049808,0.1832602309890568,0.0,1.0003927550604772,1.4,0.0491351950657034,0.4782878024791728,2.013669109335507,5.0,1.0,0.2771567157743568,15.0,0.0,0.0,0.0,1818,65448,18,0.2,0.0,0.4133855940570284,-0.000350697388188,-0.0007400834401636,0.0153022494317411,0.0296694931040889
B4,S1,19,5,49.52064283860669,0.1840512501301805,0.2000000000000001,1.0003927550604772,1.4,0.0492342466100567,0.4769513220357382,2.151736850805462,5.0,1.0,0.2747011283001073,0.0,0.0,0.0,-0.0032489867688901,1818,65448,18,0.2,0.0,0.4369000198043932,-0.0003834037541179,-0.000882405481299,0.0130817882802105,0.0292333071125916
B5,S1,19,5,49.51923382241812,0.1844821045834059,0.2000000000000001,1.0003927550604772,1.4,0.0489491752110792,0.4779983542001034,2.1496019515188243,5.0,1.0,0.2751887725442113,0.2000000000000001,9.0,0.0,0.6377032510935721,1818,65448,18,0.2,0.0,0.4438749801965518,5.515444636267075e-05,0.0001324001427036,0.006043417460873,0.0141794763641016
P,S1,19,5,49.51912312378602,0.1843563603832964,0.2000000000000001,1.0003927550604772,1.4,0.0489562160536391,0.4780753006629226,2.1392726965278777,5.0,1.0,0.2758062033712636,0.2000000000000001,9.0,0.0,0.6485659348802271,622,22392,18,1.0,0.0,0.4905886831684346,2.737854132472961e-05,-9.348444533685552e-05,0.0024345721888465,0.0049037567891851
B0,S2,19,5,49.11678786974664,0.4310175357114717,0.0,1.9338898704416403,7.0,0.0741792007804779,0.5623419323824166,5.215336789611479,5.0,0.0,0.3856027946754292,16.0,0.0,0.0,0.0,0,0,0,0.0,0.0,0.2784653861408965,0.0,0.0,0.0,0.0
B1,S2,19,5,49.5485602635186,0.1725783646723656,0.0,1.0003927550604772,1.4,0.0621913176731731,0.4514397364814044,1.9280588598936008,4.0,1.0,0.2798821243770096,16.0,0.0,0.0,0.0,18180,654480,180,0.2,0.0,0.4057665940596809,-0.0043242962382266,-0.002311174846433,0.0252234092078538,0.0904891440036052
B2,S2,19,5,49.55524229190448,0.1658836404385854,0.0,1.0003927550604772,1.4,0.0510705607893102,0.4447577080955227,1.8064400118184647,5.0,1.0,0.2655359385570313,16.0,0.0,0.0,0.0,1818,65448,18,0.2,0.0,0.4173626633667364,-0.0029802100637744,-0.0106964910655733,0.2413743028514829,0.4892633131295893
B3,S2,19,5,49.550819912924496,0.173052068813389,4.0,1.0003927550604772,1.4,0.0508477096106062,0.4491800870755043,2.1524181360771526,5.0,1.0,0.2637485061236304,16.0,0.0,0.0,0.0,1818,65448,18,0.2,0.0,0.3967441980196304,0.0001336949982614,-0.0038967467980128,0.0573189319308369,0.1281314288277911
B4,S2,19,5,49.55184228992527,0.1760508393549408,4.0,1.0003927550604772,1.4,0.0506712446176889,0.4481577100747316,2.286813015024177,5.0,1.0,0.2616727574489712,0.0,0.0,0.0,-0.004620217687043,1818,65448,18,0.2,0.0,0.437957851484651,0.0001239208296278,-0.0038128256246139,0.0485973360358187,0.117216254591883
B5,S2,19,5,49.54898638721391,0.1756931169734093,4.0,1.0003927550604772,1.4,0.0497226238318953,0.4510136127860917,2.2611200386257058,5.0,1.0,0.262325918218878,4.0,5.0,0.0,0.5534227686531145,1818,65448,18,0.2,0.0,0.4540957128672672,7.689221628301435e-05,-0.0011013961987274,0.0128068198359656,0.0324244562075953
P,S2,19,5,49.5494328979722,0.1749550976155532,4.0,1.0003927550604772,1.4,0.0499097503582572,0.4505671020277972,2.238177263952042,5.0,1.0,0.263091098412744,1.6000000000000003,5.0,0.0,0.553350488212657,630,22680,18,1.0,0.0,0.4450325643552103,-0.0002113718878893,-0.0012679032204303,0.0131317137993676,0.029815711274179
B0,S3,19,5,49.065613232182116,0.4531547705448934,4.0,1.9338898704416405,7.0,0.07396767379343068,0.5882852693923724,5.481536310904408,5.0,0.0,0.4022673903376018,15.0,0.0,0.0,0.0,0,0,0,0.0,0.0,0.23336174257169073,0.0,0.0,0.0,0.0
B1,S3,19,5,49.51670548737637,0.1910188430207537,0.0,1.0003927550604772,1.4000000000000001,0.060079877563966926,0.480206471049641,2.117724381546898,5.0,1.0,0.29403570677831936,0.20000000000000018,0.0,0.0,0.0,18180,654480,180,1.6,0.0,0.44455506930816147,0.0027828696458505053,0.0014792519109647628,0.014791788570455822,0.05227461238172069
B2,S3,19,5,49.51606809993817,0.18466119791309465,0.0,1.0003927550604772,1.4000000000000001,0.048977809145284795,0.48038526326769215,1.9428412935720194,5.0,1.0,0.2844895675258144,0.20000000000000018,0.0,0.0,0.0,1818,65448,18,1.6,0.0,0.38201125742507247,0.0003106360558617627,0.00018070716447488033,0.0036070722466234884,0.009354154782367625
B3,S3,19,5,49.517716017668,0.1836656343338404,0.0,1.0003927550604772,1.4000000000000001,0.04902318045746754,0.4791408775797237,2.0119127476919756,5.0,1.0,0.28110978207927667,0.20000000000000018,0.0,0.0,0.0,1818,65448,18,1.6,0.0,0.4422401089094378,6.83417363281924e-05,0.00013870718445480046,0.003016887538933588,0.006540376817338253
B4,S3,19,5,49.51910294432243,0.18454631700984647,0.20000000000000018,1.0003927550604772,1.4000000000000001,0.04894533206382986,0.4781037269089907,2.150787501626035,5.0,1.0,0.27872979825085104,0.0,0.0,0.0,-0.003248988700211952,1818,65448,18,1.6,0.0,0.4020795742582039,0.00013638944339847137,0.0003245714175932335,0.005327846686526527,0.011871021471998228
B5,S3,19,5,49.519059929760374,0.18453634131164728,0.20000000000000018,1.0003927550604772,1.4000000000000001,0.04890083085622932,0.47813591237230924,2.149628851178475,5.0,1.0,0.27878376199969157,0.20000000000000018,0.0,0.0,0.0,1818,65448,18,1.6,0.0,0.41060150494946124,0.00013368785103179404,0.0003245303390926324,0.005345026684423715,0.011913262812139176
P,S3,19,5,49.518576742630216,0.18449068031581572,0.20000000000000018,1.0003927550604772,1.4000000000000001,0.04878618825206865,0.47847302523317126,2.1387513643125446,5.0,1.0,0.2791106554442777,0.20000000000000018,0.0,0.0,0.0,578,20808,18,1.6,0.0,0.4101798811885007,-6.234828837248241e-05,6.990742312495968e-05,0.009594275298823618,0.015461510857997489
B0,S4,19,5,49.06561323218212,0.4531547705448934,4.0,1.9338898704416403,7.0,0.0739676737934306,0.5882852693923724,5.481536310904408,5.0,0.0,0.3989340570042684,0.0,0.0,0.0,0.0,0,0,0,0.0,0.0,0.2443920297001469,0.0,0.0,0.0,0.0
B1,S4,19,5,49.51836943115367,0.1885703583100337,0.0,1.0003927550604772,1.4,0.0600052674659453,0.4789348991765934,2.0765025350331783,4.199999999999999,1.0,0.2902909596459395,0.0,0.0,0.0,0.0,14230,512280,180,1.6,0.0,0.4602743366322642,-7.734191336511431e-05,-1.5961222786131657e-05,0.0010253550079468,0.0028131657853627
B2,S4,19,5,49.516421023129645,0.1841694712114131,0.0,1.0003927550604772,1.4,0.0489343466794117,0.4800824501377576,1.927953243073316,5.0,1.0,0.2805198902832568,0.0,0.0,0.0,0.0,1423,51228,18,1.6,0.0,0.4093014158435367,-0.000181431906551,-0.0001231297215511,0.0023074343570783,0.0056024582934888
B3,S4,19,5,49.51807188035649,0.1835984728135373,0.0,1.0003927550605,1.4,0.0489595742625874,0.478849772855753,2.015015765679732,5.0,1.0,0.277125605708705,0.0,0.0,0.0,0.0,1423,51228,18,1.6,0.3168316831683168,0.3906428217819081,-1.2455563707575168e-05,-0.0001781130635833,0.0027231938818204,0.0075566410259597
B4,S4,19,5,49.51955583887181,0.1844880051993665,0.2000000000000001,1.0003927550605,1.4,0.0490233755254532,0.4777405430873997,2.154217070374268,5.0,1.0,0.2751270748460332,0.0,0.0,0.0,-0.0130131914421555,1423,51228,18,1.6,0.3168316831683168,0.4329762673253276,5.335131506806201e-05,-9.318442963746064e-05,0.0017005123619,0.0039943190240961
B5,S4,19,5,49.51951131777121,0.1844841217454223,0.2000000000000001,1.0003927550605,1.4,0.0489737928024578,0.4777738557841644,2.153135138073853,5.0,1.0,0.2751816306188329,0.0,0.0,0.0,0.0,1423,51228,18,1.6,0.3168316831683168,0.4422628811889718,5.717160837903634e-05,-9.209827323530816e-05,0.0017788655188581,0.0041070334454943
P,S4,19,5,49.51959204574597,0.1843200848430572,0.2000000000000001,1.0003927550434446,1.4,0.0488996924231763,0.4777644623708497,2.145702795142993,5.0,1.0,0.2750256973284055,0.0,0.0,0.0,0.0,476,17136,18,1.6,0.4158415841584158,0.4106444059406124,-8.896998914459386e-06,-0.0004043227374097,0.0092111461716442,0.0216739490270917
B0,S5,19,5,49.06561323218212,0.4531547705448934,4.0,1.9338898704416403,7.0,0.0739676737934306,0.5882852693923724,5.481536310904408,5.0,0.0,0.3989340570042684,15.0,0.0,0.0,0.0,0,0,0,0.0,0.0,0.2302518910930825,0.0,0.0,0.0,0.0
B1,S5,19,5,49.51301589366569,0.1964859230638752,0.0,1.0003927550604772,1.4,0.0604463870400799,0.4830843057901077,2.21318396774985,5.0,1.0,0.2924863409242423,15.0,0.0,0.0,0.0,18180,654480,180,0.2,0.0,0.371075277225017,0.0078382228404763,0.0041334453907282,0.0392517939648797,0.1420185903846558
B2,S5,19,5,49.24890055509213,0.3680980061593568,0.0,1.0003927550604772,1.4,0.0517419413962264,0.5285759215703933,4.162747550761406,5.0,0.0,0.3429670216594022,15.0,0.0,0.0,0.0,1818,65448,18,0.2,0.0,0.4050187722797171,0.1837471030413925,0.0483703417110845,0.7478425945135712,2.229256875681105
B3,S5,19,5,49.516449881055294,0.1843037258851341,0.0,1.0003927550604772,1.4,0.0488157568446223,0.4800915116111,2.014215811477905,5.0,1.0,0.2779791143309569,15.0,0.0,0.0,0.0,1818,65448,18,0.2,0.0,0.3840243465323384,0.0006927975078892,0.0010636256917635,0.0237564361193847,0.0479736527497038
B4,S5,19,5,49.51779742685138,0.1849824984686837,0.2000000000000001,1.0003927550604772,1.4,0.0487089631095663,0.4790812249784366,2.148191966844004,5.0,1.0,0.2755784000773225,0.0,0.0,0.0,-0.0032490008678528,1818,65448,18,0.2,0.0,0.4039848811879721,0.0005478445843853,0.0012474974613994,0.0240794663635739,0.0482688517811553
B5,S5,19,5,49.51923382241812,0.1844821045834059,0.2000000000000001,1.0003927550604772,1.4,0.0489491752110792,0.4779983542001034,2.1496019515188243,5.0,1.0,0.2751887725442113,0.2000000000000001,6.0,0.0,0.69875117399671,1818,65448,18,0.2,0.0,0.41208686138591,5.515444636267075e-05,0.0001324001427036,0.006043417460873,0.0141794763641016
P,S5,19,5,49.51912312378602,0.1843563603832964,0.2000000000000001,1.0003927550604772,1.4,0.0489562160536391,0.4780753006629226,2.1392726965278777,5.0,1.0,0.2758062033712636,0.2000000000000001,6.0,0.0,0.7003765333386254,631,22716,18,1.0,0.0,0.4110325346505981,2.737854132472961e-05,-9.348444533685552e-05,0.0024345721888465,0.0049037567891851
B0,S6,19,5,49.11678786974664,0.4310175357114717,0.0,1.9338898704416403,7.0,0.0741792007804779,0.5623419323824166,5.215336789611479,5.0,0.0,0.3856027946754292,16.0,0.0,0.0,0.0,0,0,0,0.0,0.0,0.248089207918095,0.0,0.0,0.0,0.0
B1,S6,19,5,49.5461090356585,0.1770517841867727,0.0,1.0003927550604772,1.4,0.0623098666830539,0.4538909643414968,1.995475416219864,4.199999999999999,1.0,0.2798915874128049,16.0,0.0,0.0,0.0,18180,654480,180,0.2,0.0,0.3867815346551435,0.0001491232761803,0.0001400530136592,0.0038434515287448,0.0073534441675718
B2,S6,19,5,49.54595174196621,0.1667989906093377,0.0,1.0003927550604772,1.4,0.0490172987739561,0.4540482580337865,1.7508854901083992,3.8000000000000007,1.0,0.2653965440554282,16.0,0.0,0.0,0.0,1818,65448,18,0.2,0.0,0.4320212178259176,-0.0020648598930221,-0.0014059411273095,0.0330394702766625,0.0973403230758279
B3,S6,19,5,49.547942219150364,0.1733792382432842,4.0,1.0003927550604772,1.4,0.0499179459112597,0.4520577808496355,2.1483074972872958,5.0,1.0,0.2636843412378026,16.0,0.0,0.0,0.0,1818,65448,18,0.2,0.0,0.4129554554445817,0.0004608644281566,-0.0010190530238816,0.0201367566705172,0.0527656972340103
B4,S6,19,5,49.548755984360135,0.1762376295003448,4.0,1.0003927550604772,1.4,0.0496616313261945,0.4512440156398654,2.2794513779170105,5.0,1.0,0.2618828473425507,0.0,0.0,0.0,-0.0046200167093561,1818,65448,18,0.2,0.0,0.4419289009930064,0.0003107109750319,-0.0007265200594801,0.011036757200209,0.0347869189218862
B5,S6,19,5,49.54861092618311,0.1759247466197209,4.0,1.0003927550604772,1.4,0.0495446187027834,0.4513890738168911,2.2656272606651973,5.0,1.0,0.262090260121382,16.0,0.0,0.0,0.0,1818,65448,18,0.2,0.0,0.4411562970312618,0.0003085218625946,-0.000725935167928,0.0111524941564553,0.0350771780831742
P,S6,19,5,49.54987702302767,0.1754724315343422,4.0,1.0003927550604772,1.4,0.0498853431318461,0.4501229769723309,2.2549508849253725,5.0,1.0,0.2616141191853549,16.0,0.0,0.0,0.0,621,22356,18,1.0,0.0,0.4396003069310195,0.0003059620308996,-0.0017120282758966,0.0239491176630082,0.0658879332040186
B0,S7,19,5,49.11678786974664,0.4310175357114717,0.0,1.9338898704416403,7.0,0.0741792007804779,0.5623419323824166,5.215336789611479,5.0,0.0,0.3856027946754292,16.0,0.0,0.0,0.0,0,0,0,0.0,0.0,0.2608450594073807,0.0,0.0,0.0,0.0
B1,S7,19,5,48.83758229172249,0.5496395801571965,0.0,1.0003927550604772,1.4,0.0789238930781401,0.6386067428434572,6.6065995578564,5.0,0.0,0.4942330465703499,16.0,0.0,0.0,0.0,18180,654480,180,0.2,0.0,0.4675317227698578,0.3727369192466042,0.1848558315156196,1.1865023902677263,4.61865117880247
B2,S7,19,5,48.83678882390505,0.5489237842715674,0.0,1.0003927550604772,1.4,0.0751315919973011,0.6386067428434572,6.53330033111802,5.0,0.0,0.4914717789273547,16.0,0.0,0.0,0.0,1818,65448,18,0.2,0.0,0.4053016930694218,0.3800599337692075,0.1831525436823611,1.18794781137332,4.820714610851592
B3,S7,19,5,48.83678882390505,0.5444711940005581,4.0,1.0003927550604772,1.4,0.0741935825559074,0.6386067428434572,6.486396646119772,5.0,0.0,0.4857054396806509,16.0,0.0,0.0,0.0,1818,65448,18,0.2,0.0,0.4106964653453027,0.3715528201854305,0.18552990896994,1.3749998488787512,5.0372920868535065
B4,S7,19,5,48.96804067206519,0.4937735946636685,4.0,1.0003927550604772,1.4,0.0758866257677199,0.6182016950988611,6.0232537157578045,5.0,0.0,0.4529791825303789,0.0,5.0,0.2792079207920792,0.3624371134883596,1818,65448,18,0.2,0.0,0.45207714851635,0.3178466761383556,0.1662311593995156,1.175313250156755,4.578666430923891
B5,S7,19,5,48.83678882390505,0.5445132962075437,4.0,1.0003927550604772,1.4,0.0746441787548592,0.6386067428434572,6.543538298083281,5.0,0.0,0.4866432201643882,3.0,0.0,0.0,0.0034961310361093,1818,65448,18,0.2,0.0,0.5739101287116061,0.3688970714504174,0.186491733858638,1.395933009046054,5.102418288773416
P,S7,19,5,48.83678882390505,0.5423462292285556,4.0,1.0003927550604772,1.4,0.0739470890534455,0.6386067428434572,6.456607420121103,5.0,0.0,0.4786014896698092,3.0,0.0,0.0,0.0013069349145341,1285,46260,18,1.0,0.0,0.518502257427196,0.3671797597251131,0.1867717375952295,1.3998646605027574,4.989451494069887
B0,S0,20,5,49.06561323218212,0.4531547705448934,4.0,1.9338898704416403,7.0,0.0739676737934306,0.5882852693923724,5.481536310904408,5.0,0.0,0.4022673903376018,0.0,0.0,0.0,0.0,0,0,0,0.0,0.0,0.2619848118823452,0.0,0.0,0.0,0.0
B1,S0,20,5,49.51861139433308,0.1882237938759343,0.0,1.0003927550604772,1.4,0.0600676969905926,0.4787487946484603,2.072744822433477,4.199999999999999,1.0,0.2937619991614222,0.0,0.0,0.0,0.0,18180,654480,180,0.2,0.0,0.4033478712834508,0.0,0.0,0.0,0.0
B2,S0,20,5,49.51639165563198,0.1842440108094467,0.0,1.0003927550604772,1.4,0.0488873862060937,0.480118013614593,1.9287527295015097,5.0,1.0,0.2834383241058438,0.0,0.0,0.0,0.0,1818,65448,18,0.2,0.0,0.4361596435622835,0.0,0.0,0.0,0.0
B3,S0,20,5,49.517950010515264,0.1836397060772649,0.0,1.0003927550604772,1.4,0.0489313784103919,0.4789679673811378,2.0163261178101584,5.0,1.0,0.2802623400062803,0.0,0.0,0.0,0.0,1818,65448,18,0.2,0.0,0.4203249306898431,0.0,0.0,0.0,0.0
B4,S0,20,5,49.51660548211471,0.1836900746154218,0.0,1.0003927550604772,1.4,0.0488257710765023,0.4799705957488029,1.905834291046706,5.0,1.0,0.2826307818842714,0.0,0.0,0.0,-0.0126400008481736,1818,65448,18,0.2,0.0,0.4907832970293204,0.0,0.0,0.0,0.0
B5,S0,20,5,49.51636477385281,0.18379945310478,0.0,1.0003927550604772,1.4,0.0487882716714249,0.4801507046831474,1.9068744814265457,5.0,1.0,0.2831646091746763,0.0,0.0,0.0,0.0,1818,65448,18,0.2,0.0,0.4576573168297628,0.0,0.0,0.0,0.0
P,S0,20,5,49.517777097310415,0.1833465975582471,0.0,1.0003927550604772,1.4,0.0489006770703519,0.4791002916300684,1.921718289714116,5.0,1.0,0.2812185973107642,0.0,0.0,0.0,0.0,603,21708,18,1.0,0.0,0.4502380297033074,0.0,0.0,0.0,0.0
B0,S1,20,5,49.06561323218212,0.4531547705448934,4.0,1.9338898704416403,7.0,0.0739676737934306,0.5882852693923724,5.481536310904408,5.0,0.0,0.3989340570042684,15.0,0.0,0.0,0.0,0,0,0,0.0,0.0,0.2379524356424869,0.0,0.0,0.0,0.0
B1,S1,20,5,49.52211335750352,0.1835828757084712,0.0,1.0003927550604772,1.4,0.0584207948786164,0.4760657852781733,1.994489101480636,4.0,1.0,0.2858435545975115,15.0,0.0,0.0,0.0,18180,654480,180,0.2,0.0,0.4374151188148791,-0.0050519149471686,-0.0029066506310044,0.0284739580885684,0.109217624308318
B2,S1,20,5,49.53581006309707,0.1796109451838448,0.0,1.0003927550604772,1.4,0.0542330997481755,0.4641899369029332,1.9363211955019848,5.0,1.0,0.2694122461533999,15.0,0.0,0.0,0.0,1818,65448,18,0.2,0.0,0.4101307623782889,-0.0046323594024321,-0.0159259301254408,0.3379329308238823,0.7009077151596769
B3,S1,20,5,49.51951789693037,0.183094669355227,0.0,1.0003927550604772,1.4,0.0491033852664537,0.4777947362017585,2.0198327206901303,5.0,1.0,0.2759666268756797,15.0,0.0,0.0,0.0,1818,65448,18,0.2,0.0,0.4307708811913723,-0.000565316988559,-0.0012117263553648,0.0232166907311182,0.0478992162621352
B4,S1,20,5,49.518682262622704,0.1828511973707652,0.0,1.0003927550604772,1.4,0.0490780219250168,0.478416692920419,1.9083075380427068,5.0,1.0,0.2780617495008204,0.0,0.0,0.0,0.0170430410085584,1818,65448,18,0.2,0.0,0.4174766534624092,-0.0008786520461749,-0.0016059640288901,0.034596749887882,0.0694871498844292
B5,S1,20,5,49.51632276157807,0.1839368625660031,0.0,1.0003927550604772,1.4,0.0487603080662533,0.4801792496491117,1.9103055027229865,5.0,1.0,0.2796865768030743,0.2000000000000001,9.0,0.0,0.6364683094929899,1818,65448,18,0.2,0.0,0.4365138415823371,8.981534023766446e-05,-3.1000410253057e-05,0.0048513918579544,0.0054112449420301
P,S1,20,5,49.51745623041904,0.1835153782200541,0.0,1.0003927550604772,1.4,0.0487798971637928,0.4793306448430527,1.9178402232163,5.0,1.0,0.278096845551335,0.2000000000000001,9.0,0.0,0.6393410371602133,639,23004,18,1.0,0.0,0.4182613960357131,0.0003339777965228,0.0002252677612304,0.0045562272472281,0.0144057973118513
B0,S2,20,5,49.11678786974664,0.4310175357114717,0.0,1.9338898704416403,7.0,0.0741792007804779,0.5623419323824166,5.215336789611479,5.0,0.0,0.3856027946754292,16.0,0.0,0.0,0.0,0,0,0,0.0,0.0,0.2494294554474048,0.0,0.0,0.0,0.0
B1,S2,20,5,49.54856611399232,0.1715886690960408,0.0,1.0003927550604772,1.4,0.0618751216923142,0.4514338860076847,1.912544080034948,4.0,1.0,0.2795551478716351,16.0,0.0,0.0,0.0,18180,654480,180,0.2,0.0,0.4218439702985916,-0.0052946513235749,-0.0023386008299297,0.0322974457782976,0.1162642445258427
B2,S2,20,5,49.55797882133502,0.1670597307078355,0.0,1.0003927550604772,1.4,0.0521336592978268,0.4420211786649801,1.842093060223892,5.0,1.0,0.2639070683841236,16.0,0.0,0.0,0.0,1818,65448,18,0.2,0.0,0.385099524752906,-0.0017186971306448,-0.013336296134355,0.2837007631915398,0.5972028001835702
B3,S2,20,5,49.55175423881406,0.1730803183471642,4.0,1.0003927550604772,1.4,0.0509954491845831,0.4482457611859374,2.1603016018502115,5.0,1.0,0.262891834535927,16.0,0.0,0.0,0.0,1818,65448,18,0.2,0.0,0.4334427524752592,-3.6472341461812885e-05,-0.0045767055206695,0.0608259876745549,0.1438769154200507
B4,S2,20,5,49.55050772051115,0.1706088193972992,0.0,1.0003927550604772,1.4,0.0505776035781894,0.4494922794888509,1.9908090235560247,5.0,1.0,0.2647538061085449,0.0,0.0,0.0,0.0204094916035749,1818,65448,18,0.2,0.0,0.4225786435631787,0.0003876188306862,-0.0049539874409774,0.0889918323728693,0.2003120763559138
B5,S2,20,5,49.54650370718051,0.170574714934187,0.0,1.0003927550604772,1.4,0.0496674424481244,0.4534962928194872,1.9532288485690397,5.0,1.0,0.266396409717282,0.7999999999999998,5.0,0.0,0.6756766695811189,1818,65448,18,0.2,0.0,0.4430373069316383,0.0004586675334357,-0.0010777657566407,0.0337938730010023,0.0778111315562071
P,S2,20,5,49.5471976356355,0.1711591365584553,0.0,1.0003927550604772,1.4,0.0496501277217873,0.4528023643645014,1.9851741583972324,5.0,1.0,0.2652501416483266,1.0,5.0,0.0,0.6747749168102707,709,25524,18,1.0,0.0,0.4462299702981459,0.0005484037514479,-0.0008813943511185,0.0223140508698094,0.0528155904348594
B0,S3,20,5,49.065613232182116,0.4531547705448934,4.0,1.9338898704416405,7.0,0.07396767379343068,0.5882852693923724,5.481536310904408,5.0,0.0,0.4022673903376018,15.0,0.0,0.0,0.0,0,0,0,0.0,0.0,0.2440588316831324,0.0,0.0,0.0,0.0
B1,S3,20,5,49.51638131925583,0.19144895838769427,0.0,1.0003927550604772,1.4000000000000001,0.06035885718070775,0.4804575471617625,2.125822765255895,5.0,1.0,0.2946852915432856,0.20000000000000018,0.0,0.0,0.0,18180,654480,180,1.6,0.0,0.3615476930688169,0.0032251645117599703,0.0017087525133021586,0.017095834669191845,0.060522215028444744
B2,S3,20,5,49.516893538818515,0.18355838287693932,0.0,1.0003927550604772,1.4000000000000001,0.048860280911442004,0.4797424810336395,1.9094684569587324,5.0,1.0,0.28287615038336006,0.20000000000000018,0.0,0.0,0.0,1818,65448,18,1.6,0.0,0.36953504950541194,-0.0006856279325073711,-0.00037553258095351927,0.009206944355334201,0.020655302673855395
B3,S3,20,5,49.5181984511522,0.1835537923191881,0.0,1.0003927550604772,1.4000000000000001,0.04893151952576792,0.4787820739673663,2.0169613090743814,5.0,1.0,0.27988688745124374,0.20000000000000018,0.0,0.0,0.0,1818,65448,18,1.6,0.25742574257425743,0.3734630495048327,-8.59137580767888e-05,-0.00018589341377150959,0.003893533005609129,0.008406817166846277
B4,S3,20,5,49.516861347755224,0.18355576037666058,0.0,1.0003927550604772,1.4000000000000001,0.0488098940882167,0.47977914166471436,1.906230293443319,5.0,1.0,0.2822364863400413,0.0,0.0,0.0,0.0170430416455174,1818,65448,18,1.6,0.25742574257425743,0.40123354455146804,-0.0001343142387612295,-0.00019145408408854925,0.004343424919781569,0.00965597059664844
B5,S3,20,5,49.516620646996124,0.1836456547837941,0.0,1.0003927550604772,1.4000000000000001,0.04877557063421006,0.47995924498512466,1.9062422321254993,5.0,1.0,0.282770301796946,0.20000000000000018,0.0,0.0,0.0,1818,65448,18,1.6,0.25742574257425743,0.4181725049501537,-0.0001537983209858873,-0.00019145969802275564,0.0044342470402014555,0.010098060932340754
P,S3,20,5,49.517885762077086,0.18337458549447364,0.0,1.0003927550604794,1.4000000000000001,0.0489720945950031,0.4790135536531821,1.9228941134552002,5.0,1.0,0.28152014792536995,0.20000000000000018,0.0,0.0,0.0,586,21096,18,1.6,0.297029702970297,0.4064317722758019,2.7987936226547827e-05,-8.673797688629747e-05,0.003098473888570652,0.0050837097056103155
B0,S4,20,5,49.06561323218212,0.4531547705448934,4.0,1.9338898704416403,7.0,0.0739676737934306,0.5882852693923724,5.481536310904408,5.0,0.0,0.3989340570042684,0.0,0.0,0.0,0.0,0,0,0,0.0,0.0,0.225061207919959,0.0,0.0,0.0,0.0
B1,S4,20,5,49.51874729878174,0.1881184073357009,0.0,1.0003927550604772,1.4,0.0630729347897113,0.4786437494712743,2.076028022210548,4.199999999999999,1.0,0.2968397214585094,0.0,0.0,0.0,0.0,14170,510120,180,1.6,0.0,0.3778976039605971,-0.0005163833199389,-0.0003286864379035,0.0143825927112786,0.0185513394452193
B2,S4,20,5,49.51663043722079,0.1838605865756646,0.0,1.0003927550604772,1.4,0.0488787840560593,0.4798911935473384,1.9205016700309605,5.0,1.0,0.2798838570169835,0.0,0.0,0.0,0.0,1417,51012,18,1.6,0.0,0.3916619504959479,-0.0003827180106122,-0.0002246734810356,0.0037009884773127,0.0107633159097524
B3,S4,20,5,49.51825261191104,0.183499251983449,0.0,1.0003927550605,1.4,0.0490330719049577,0.4786611219041887,2.0136923271303275,5.0,1.0,0.277587651822726,0.0,0.0,0.0,0.0,1417,51012,18,1.6,0.3564356435643564,0.3769459603972791,-0.000160734360337,-0.0003453406529345,0.0064505011273539,0.0142582980648803
B4,S4,20,5,49.51702501828436,0.1834914276449432,0.0,1.0003927550605,1.4,0.049036072597694,0.4795722680247181,1.9025773337342768,5.0,1.0,0.2797902614053585,0.0,0.0,0.0,-0.0131974831362317,1417,51012,18,1.6,0.3564356435643564,0.4072683960423614,-0.0002384217719969,-0.000450388924591,0.0109968693249484,0.0240466355986278
B5,S4,20,5,49.5167844113732,0.183577544029508,0.0,1.0003927550605,1.4,0.0490196875069218,0.4797523011235682,1.91098772248108,5.0,1.0,0.2803430410128823,0.0,0.0,0.0,0.0,1417,51012,18,1.6,0.3564356435643564,0.4167147128712956,-0.0002695031962574,-0.0004579489357965,0.0108664262214048,0.0244638745127765
P,S4,20,5,49.516365588745366,0.183764458144462,0.0,1.0003927550608287,1.4,0.0488882050830082,0.4802006380181254,1.9064564929638892,5.0,1.0,0.2791344799163091,0.0,0.0,0.0,0.0,456,16416,18,1.6,0.396039603960396,0.4101908514865787,0.0005830577209307,0.001095260936303,0.0383564921709691,0.0745490860304748
B0,S5,20,5,49.06561323218212,0.4531547705448934,4.0,1.9338898704416403,7.0,0.0739676737934306,0.5882852693923724,5.481536310904408,5.0,0.0,0.3989340570042684,15.0,0.0,0.0,0.0,0,0,0,0.0,0.0,0.2291731881212957,0.0,0.0,0.0,0.0
B1,S5,20,5,49.51210693387701,0.1989989073658721,0.0,1.0003927550604772,1.4,0.0615157782057314,0.4837199630548099,2.25939176352376,5.0,1.0,0.2944982311030781,15.0,0.0,0.0,0.0,18180,654480,180,0.2,0.0,0.3633458217841012,0.0103641167102322,0.004747527145632,0.0513240576556057,0.1880605922291991
B2,S5,20,5,48.98164825367923,0.4609534843329395,0.0,1.0003927550604772,1.4,0.0561350549381956,0.5805366790358732,5.110341824650236,5.0,0.0,0.3859910937405102,15.0,0.0,0.0,0.0,1818,65448,18,0.2,0.0,0.3758386336641598,0.2767101797466625,0.1004208120074992,1.0160007734773515,3.1815973998269205
B3,S5,20,5,49.51582958982153,0.1847617445326769,0.0,1.0003927550604772,1.4,0.048655628133996,0.480569913132193,2.0192775449922014,5.0,1.0,0.2777762522686481,15.0,0.0,0.0,0.0,1818,65448,18,0.2,0.0,0.3882144455433668,0.0011017581888908,0.0015634505750696,0.0339749755402749,0.0698501377537496
B4,S5,20,5,49.51320242034316,0.1868795413740605,0.0,1.0003927550604772,1.4,0.0484513041873277,0.4826624123252188,1.931652863804299,5.0,1.0,0.2807950389901925,0.0,0.0,0.0,0.0170436617707406,1818,65448,18,0.2,0.0,0.4164890198024853,0.0031496919571202,0.0026397553759096,0.0540712552906228,0.1272144292366973
B5,S5,20,5,49.51632276157807,0.1839368625660031,0.0,1.0003927550604772,1.4,0.0487603080662533,0.4801792496491117,1.9103055027229865,5.0,1.0,0.2796865768030743,0.2000000000000001,6.0,0.0,0.697203492274563,1818,65448,18,0.2,0.0,0.4041809405916325,8.981534023766446e-05,-3.1000410253057e-05,0.0048513918579544,0.0054112449420301
P,S5,20,5,49.51745623041904,0.1835153782200541,0.0,1.0003927550604772,1.4,0.0487798971637928,0.4793306448430527,1.9178402232163,5.0,1.0,0.278096845551335,0.2000000000000001,6.0,0.0,0.6981539978919126,667,24012,18,1.0,0.0,0.3975014950504706,0.0003339777965228,0.0002252677612304,0.0045562272472281,0.0144057973118513
B0,S6,20,5,49.11678786974664,0.4310175357114717,0.0,1.9338898704416403,7.0,0.0741792007804779,0.5623419323824166,5.215336789611479,5.0,0.0,0.3856027946754292,16.0,0.0,0.0,0.0,0,0,0,0.0,0.0,0.2532932475251883,0.0,0.0,0.0,0.0
B1,S6,20,5,49.54604197501202,0.1770247634714681,0.0,1.0003927550604772,1.4,0.0619468241990045,0.4539580249879833,1.9917128875612229,4.199999999999999,1.0,0.2792067694736542,16.0,0.0,0.0,0.0,18180,654480,180,0.2,0.0,0.3874135247522393,0.0001414430518523,0.0001855381503688,0.0070991577787893,0.012160674408998
B2,S6,20,5,49.546369088667326,0.1664870588669102,0.0,1.0003927550604772,1.4,0.0487741531192378,0.4536309113326737,1.7636101695849042,3.6000000000000014,1.0,0.2638335208376327,16.0,0.0,0.0,0.0,1818,65448,18,0.2,0.0,0.4019844851508523,-0.0022913689715702,-0.0017265634666614,0.0430678408192974,0.1326293850097435
B3,S6,20,5,49.54824724100448,0.1736713955578677,4.0,1.0003927550604772,1.4,0.0499572801148614,0.4517527589955179,2.160774045964156,5.0,1.0,0.2627323256402857,16.0,0.0,0.0,0.0,1818,65448,18,0.2,0.0,0.3999085148495964,0.0005546048692416,-0.001069707711089,0.0195708311185995,0.0584416263291913
B4,S6,20,5,49.54620323711129,0.1703863375166439,0.0,1.0003927550604772,1.4,0.0492521336095564,0.4537967628887074,1.9638228652756984,5.0,1.0,0.2651007483127929,0.0,0.0,0.0,0.0204086344734411,1818,65448,18,0.2,0.0,0.4348124554492795,0.000165136950031,-0.0006495040411209,0.0179089238757157,0.0549850387394307
B5,S6,20,5,49.54610189184821,0.1702251497886143,0.0,1.0003927550604772,1.4,0.0492176865340641,0.4538981081517903,1.9458134326654664,5.0,1.0,0.2653323247755186,16.0,0.0,0.0,0.0,1818,65448,18,0.2,0.0,0.4767366435636618,0.0001091023878629,-0.0006759504243376,0.0181722482177946,0.0563060626130237
P,S6,20,5,49.54719749111648,0.1709117070645203,0.0,1.0003927550604772,1.4,0.0493867399757378,0.4528025088835221,1.9845618019948048,5.0,1.0,0.2644170607526375,16.0,0.0,0.0,0.0,653,23508,18,1.0,0.0,0.4492405841624036,0.0003009742575129,-0.0008812498320978,0.0185201362181999,0.056193970754343
B0,S7,20,5,49.11678786974664,0.4310175357114717,0.0,1.9338898704416403,7.0,0.0741792007804779,0.5623419323824166,5.215336789611479,5.0,0.0,0.3856027946754292,16.0,0.0,0.0,0.0,0,0,0,0.0,0.0,0.2805612376226299,0.0,0.0,0.0,0.0
B1,S7,20,5,48.83762172206506,0.5496590315560133,0.0,1.0003927550604772,1.4,0.0789153673039512,0.6386067428434572,6.60672289396801,5.0,0.0,0.4942235592977675,16.0,0.0,0.0,0.0,18180,654480,180,0.2,0.0,0.400238425745646,0.3727757111363975,0.1848342560058427,1.1872328724700552,4.619511893340818
B2,S7,20,5,48.83678882390505,0.5490546894862754,0.0,1.0003927550604772,1.4,0.0750201027817641,0.6386067428434572,6.53697144492401,5.0,0.0,0.4918245743586442,16.0,0.0,0.0,0.0,1818,65448,18,0.2,0.0,0.3888056435649145,0.380276261647795,0.183249268044122,1.1886042391691234,4.827544654568267
B3,S7,20,5,48.83678882390505,0.5444170707895576,4.0,1.0003927550604772,1.4,0.0740776731844897,0.6386067428434572,6.484644206141535,5.0,0.0,0.4856784151805866,16.0,0.0,0.0,0.0,1818,65448,18,0.2,0.0,0.4106892277215395,0.3713002801009315,0.1857842761368502,1.381343379015739,5.050129504917315
B4,S7,20,5,48.93925826301176,0.5174552927897161,0.0,1.0003927550604772,1.4,0.0747686024032436,0.6296611672240715,6.205780143749744,5.0,0.0,0.4684666234964904,0.0,5.0,0.2792079207920792,0.3607727189402608,1818,65448,18,0.2,0.0,0.4252480396032054,0.3472340922231032,0.1752149002942431,1.206939963383569,4.695521651543196
B5,S7,20,5,48.83678882390505,0.5468615736034466,0.0,1.0003927550604772,1.4,0.0739843114524763,0.6386067428434572,6.506345083088071,5.0,0.0,0.4893209754705101,3.0,0.0,0.0,0.0061683525101862,1818,65448,18,0.2,0.0,0.4478980495015535,0.3767455262026952,0.1840326842673292,1.342261105328312,4.996578835717703
P,S7,20,5,48.83678882390505,0.5415427048688688,0.0,1.0003927550604772,1.4,0.0730355337429805,0.6386067428434572,6.304636936694692,5.0,0.0,0.4728644813015014,3.0,0.0,0.0,0.0015297876424456,1295,46620,18,1.0,0.0,0.4384770198040575,0.3709319720618614,0.1849229841278372,1.3723651852648402,4.832807214460145
B0,S0,21,5,49.06561323218212,0.4531547705448934,4.0,1.9338898704416403,7.0,0.0739676737934306,0.5882852693923724,5.481536310904408,5.0,0.0,0.4022673903376018,0.0,0.0,0.0,0.0,0,0,0,0.0,0.0,0.2509561287108299,0.0,0.0,0.0,0.0
B1,S0,21,5,49.51864550614946,0.1881496718220631,0.0,1.0003927550604772,1.4,0.0600578343147989,0.4787232708100788,2.0702073481625765,4.199999999999999,1.0,0.2937388807592582,0.0,0.0,0.0,0.0,18180,654480,180,0.2,0.0,0.39318247524651,0.0,0.0,0.0,0.0
B2,S0,21,5,49.51653059248856,0.184240467681384,0.0,1.0003927550604772,1.4,0.0489085377146295,0.4799494008332985,1.932126390910739,5.0,1.0,0.2837460906608079,0.0,0.0,0.0,0.0,1818,65448,18,0.2,0.0,0.3936135247539202,0.0,0.0,0.0,0.0
B3,S0,21,5,49.51827661500006,0.1834816323168632,0.0,1.0003927550604772,1.4,0.0489748431189045,0.4786478618209742,2.011875684146251,5.0,1.0,0.2806092552265966,0.0,0.0,0.0,0.0,1818,65448,18,0.2,0.0,0.4239638118822695,0.0,0.0,0.0,0.0
B4,S0,21,5,49.51905832608426,0.1839158800265643,0.0,1.0003927550604772,1.4,0.0488832458355963,0.4780571684847814,2.096770312851478,5.0,1.0,0.279226033412621,0.0,0.0,0.0,-0.0125047459024401,1818,65448,18,0.2,0.0,0.4319947227729541,0.0,0.0,0.0,0.0
B5,S0,21,5,49.51896904386025,0.1838760314475611,0.0,1.0003927550604772,1.4,0.048838888606183,0.4781239735295983,2.0913517715709227,5.0,1.0,0.2793361365304695,0.0,0.0,0.0,0.0,1818,65448,18,0.2,0.0,0.4164186138635583,0.0,0.0,0.0,0.0
P,S0,21,5,49.5178246583388,0.1838782189617055,0.0,1.0003927550604772,1.4,0.0488133737080265,0.47898335216464,2.0574711866046056,5.0,1.0,0.2807599636554228,0.0,0.0,0.0,0.0,605,21780,18,1.0,0.0,0.408144673264639,0.0,0.0,0.0,0.0
B0,S1,21,5,49.06561323218212,0.4531547705448934,4.0,1.9338898704416403,7.0,0.0739676737934306,0.5882852693923724,5.481536310904408,5.0,0.0,0.3989340570042684,15.0,0.0,0.0,0.0,0,0,0,0.0,0.0,0.2338135940599296,0.0,0.0,0.0,0.0
B1,S1,21,5,49.52126134122408,0.1846274822696292,0.0,1.0003927550604772,1.4,0.0596630462425251,0.4767191793184153,2.013512177195771,4.0,1.0,0.2884153308136926,15.0,0.0,0.0,0.0,18180,654480,180,0.2,0.0,0.3775046237627399,-0.0039328132751702,-0.002227732752388,0.0219688382072718,0.0813174154813381
B2,S1,21,5,49.53567079928338,0.177721871914645,0.0,1.0003927550604772,1.4,0.0528629709687067,0.4643292007166195,1.9000839107018148,5.0,1.0,0.2708958756291389,15.0,0.0,0.0,0.0,1818,65448,18,0.2,0.0,0.3841587821769659,-0.0065179003700192,-0.0156180535304599,0.3128526773659814,0.6513501517619684
B3,S1,21,5,49.51918535115436,0.1831599808351967,0.0,1.0003927550604772,1.4,0.0491065313380233,0.4779678734759756,2.013917129282408,5.0,1.0,0.2769680382125516,15.0,0.0,0.0,0.0,1818,65448,18,0.2,0.0,0.4074896237623329,-0.000324280006499,-0.0006851275407981,0.0136742848250008,0.027102964118535
B4,S1,21,5,49.52020121967916,0.1835512701166948,0.0,1.0003927550604772,1.4,0.0490727286705019,0.4772015869832913,2.098005056611441,5.0,1.0,0.2756284014724294,0.0,0.0,0.0,-0.0027289438803626,1818,65448,18,0.2,0.0,0.4587358712837662,-0.000371478913796,-0.000871754407079,0.0149161350263113,0.031324974954883
B5,S1,21,5,49.518892144437885,0.1839094677184897,0.0,1.0003927550604772,1.4,0.0489197259590664,0.4781743639779421,2.091160145029444,5.0,1.0,0.276182944955498,0.2000000000000001,9.0,0.0,0.6375702723754797,1818,65448,18,0.2,0.0,0.4331908415872814,2.6639332860539652e-05,3.421753707755215e-05,0.0028912138694821,0.0070835203995706
P,S1,21,5,49.51863412728478,0.1837016669062562,0.0,1.0003927550604772,1.4,0.0489860784180047,0.4783635349806587,2.060246612786204,5.0,1.0,0.2771846042895534,0.6000000000000005,9.0,0.0,0.6239602059132076,636,22896,18,1.0,0.0,0.4287486732651039,-0.0001427960064877,-0.000626199098491,0.0184506378671258,0.0277698486212521
B0,S2,21,5,49.11678786974664,0.4310175357114717,0.0,1.9338898704416403,7.0,0.0741792007804779,0.5623419323824166,5.215336789611479,5.0,0.0,0.3856027946754292,16.0,0.0,0.0,0.0,0,0,0,0.0,0.0,0.2746729603969281,0.0,0.0,0.0,0.0
B1,S2,21,5,49.54856421184719,0.1725078828509198,0.0,1.0003927550604772,1.4,0.0621664098186529,0.451435788152807,1.9268367353469515,4.0,1.0,0.279889871205694,16.0,0.0,0.0,0.0,18180,654480,180,0.2,0.0,0.3914093267307144,-0.004306844108113,-0.0023111748464472,0.0252147632680674,0.0904368637228771
B2,S2,21,5,49.5554955007875,0.1658358773293685,0.0,1.0003927550604772,1.4,0.0511955475270183,0.4445044992124991,1.806948565928395,5.0,1.0,0.2654262604228254,16.0,0.0,0.0,0.0,1818,65448,18,0.2,0.0,0.3997643366346892,-0.0029585117567265,-0.0106798216152128,0.2415043648158317,0.4896141060235741
B3,S2,21,5,49.55132496850455,0.1730855658236768,4.0,1.0003927550604772,1.4,0.0509822085667567,0.4486750314954477,2.156664542740131,5.0,1.0,0.2635446793980908,16.0,0.0,0.0,0.0,1818,65448,18,0.2,0.0,0.4046526435621951,7.412129005818224e-06,-0.0037638600863303,0.0509446713921235,0.1168433811846277
B4,S2,21,5,49.55104744301364,0.1728823239628772,4.0,1.0003927550604772,1.4,0.0505114313241954,0.448952556986363,2.144056179907114,5.0,1.0,0.2633759653990529,0.0,0.0,0.0,-0.0040202456928617,1818,65448,18,0.2,0.0,0.4930892574241688,0.0003384228232605,-0.0038097517015529,0.056722216314867,0.1308151877053162
B5,S2,21,5,49.548247124964966,0.1724415518123775,4.0,1.0003927550604772,1.4,0.0496766747608813,0.4517528750350337,2.106601980396138,5.0,1.0,0.2640983758301427,4.0,5.0,0.0,0.5531718550519309,1818,65448,18,0.2,0.0,0.4391560495029204,0.0003181403158796,-0.0012061015638309,0.0211259853524126,0.0481192961415629
P,S2,21,5,49.54811167032713,0.1725742570814648,4.0,1.0003927550604772,1.4,0.0496722533955721,0.4518883296728688,2.111729785448111,5.0,1.0,0.2641165919343092,4.199999999999999,5.0,0.0,0.5535586289111514,641,23076,18,1.0,0.0,0.4287465841602764,5.580079326966692e-05,-0.0008202728922412,0.0112877961853996,0.0188718257525806
B0,S3,21,5,49.065613232182116,0.4531547705448934,4.0,1.9338898704416405,7.0,0.07396767379343068,0.5882852693923724,5.481536310904408,5.0,0.0,0.4022673903376018,15.0,0.0,0.0,0.0,0,0,0,0.0,0.0,0.226971029702993,0.0,0.0,0.0,0.0
B1,S3,21,5,49.51672024851471,0.19091753624666835,0.0,1.0003927550604772,1.4000000000000001,0.06005844059001687,0.48019849241767076,2.115252941825636,5.0,1.0,0.29403419276977705,0.20000000000000018,0.0,0.0,0.0,18180,654480,180,1.6,0.0,0.4497264653449261,0.0027678644246052486,0.0014752216075919478,0.014747626022078464,0.05213277698383294
B2,S3,21,5,49.51673591572665,0.18394038805775953,0.0,1.0003927550604772,1.4000000000000001,0.04893112478906077,0.4797957975733951,1.924068975145417,5.0,1.0,0.283708990553184,0.20000000000000018,0.0,0.0,0.0,1818,65448,18,1.6,0.0,0.43770169307181545,-0.0003000796236244663,-0.00015360325990343426,0.0038372748248889366,0.008207204401614375
B3,S3,21,5,49.518222257699314,0.18350137082903306,0.0,1.0003927550604772,1.4000000000000001,0.048978279954727214,0.47868853680780177,2.011831341077636,5.0,1.0,0.2806882964825697,0.20000000000000018,0.0,0.0,0.0,1818,65448,18,1.6,0.0,0.4117120891098941,1.973851216985345e-05,4.0674986827582416e-05,0.0008512226082331154,0.001760316872997691
B4,S3,21,5,49.519118915471786,0.1838967640643537,0.0,1.0003927550604772,1.4000000000000001,0.04889726471935347,0.47801185816367564,2.0968803095838675,5.0,1.0,0.2792770256526196,0.0,0.0,0.0,-0.0027289404357240254,1818,65448,18,1.6,0.0,0.4783889504945517,-1.9115962210602966e-05,-4.531032110577371e-05,0.0008825790571478365,0.0017843970782237754
B5,S3,21,5,49.519029572623154,0.1838569593442936,0.0,1.0003927550604772,1.4000000000000001,0.04885122282012895,0.47807870857060664,2.091450318068138,5.0,1.0,0.27938461488675487,0.20000000000000018,0.0,0.0,0.0,1818,65448,18,1.6,0.0,0.47010064356234776,-1.9072103267486762e-05,-4.526495899165317e-05,0.0008860632024791926,0.0017873092971250055
P,S3,21,5,49.517343892911875,0.1839871582786451,0.0,1.0003927550604772,1.4000000000000001,0.0486566418818164,0.4793574353859924,2.054868715845604,5.0,1.0,0.280681087273264,0.6000000000000005,0.0,0.0,0.0,609,21924,18,1.6,0.0,0.47022111880999157,0.00010893931693958803,0.0003740832213524059,0.015785790641821507,0.026031015469400377
B0,S4,21,5,49.06561323218212,0.4531547705448934,4.0,1.9338898704416403,7.0,0.0739676737934306,0.5882852693923724,5.481536310904408,5.0,0.0,0.3989340570042684,0.0,0.0,0.0,0.0,0,0,0,0.0,0.0,0.2248110098986613,0.0,0.0,0.0,0.0
B1,S4,21,5,49.51766429768584,0.1897072125655839,0.0,1.0003927550604772,1.4,0.0617270267726663,0.4794734851331554,2.1005147670932938,5.0,1.0,0.2941716240558373,0.0,0.0,0.0,0.0,14110,507960,180,1.6,0.0,0.3736027722762889,0.0011469170207845,0.000526573062352,0.0110710080295248,0.0272693836599607
B2,S4,21,5,49.51564854302847,0.1853695069378701,0.0,1.0003927550604772,1.4,0.0489373655648372,0.4807281113191877,1.9660371053372916,5.0,1.0,0.281180980813251,0.0,0.0,0.0,0.0,1411,50796,18,1.6,0.0,0.3813084653446291,0.0011297346532058,0.0007808570721081,0.0124568239564695,0.0339188028380064
B3,S4,21,5,49.51777326048187,0.1836911795620086,0.0,1.0003927550605,1.4,0.048953297119438,0.4791090235870854,2.011849257788461,5.0,1.0,0.2777326363548108,0.0,0.0,0.0,0.0,1411,50796,18,1.6,0.3564356435643564,0.4231343069288486,0.0002069187203128,0.0004560225703116,0.0038844500241737,0.0121757763583502
B4,S4,21,5,49.51859913325168,0.184071645442525,0.0,1.0003927550605,1.4,0.0488621693118998,0.4784974913284614,2.095422362610452,5.0,1.0,0.2764183189065896,0.0,0.0,0.0,-0.0127765284482043,1411,50796,18,1.6,0.3564356435643564,0.4620511188090183,0.0001488964120341,0.000424149938091,0.0029749221561203,0.0097439918015474
B5,S4,21,5,49.5185102383824,0.1840444291003223,0.0,1.0003927550605,1.4,0.0488295686397156,0.4785640065216086,2.0901944630367373,5.0,1.0,0.27658238507141,0.0,0.0,0.0,0.0,1411,50796,18,1.6,0.3564356435643564,0.4262601980173875,0.0001616007146931,0.000423860080744,0.0024796000559135,0.0093171625915914
P,S4,21,5,49.51860135579193,0.1837443058878422,0.0,1.0003927550594318,1.4,0.0489603975032474,0.4784873641658365,2.0606618238078744,5.0,1.0,0.2776080388678027,0.0,0.0,0.0,0.0,537,19332,18,1.6,0.4158415841584158,0.3892003861383813,-0.0001001570249018,-0.0005023699133133,0.0212885372910776,0.0353298910432421
B0,S5,21,5,49.06561323218212,0.4531547705448934,4.0,1.9338898704416403,7.0,0.0739676737934306,0.5882852693923724,5.481536310904408,5.0,0.0,0.3989340570042684,15.0,0.0,0.0,0.0,0,0,0,0.0,0.0,0.232401495048918,0.0,0.0,0.0,0.0
B1,S5,21,5,49.51301612716927,0.1963794178970831,0.0,1.0003927550604772,1.4,0.0604187497127431,0.4830900336790265,2.2106475221586908,5.0,1.0,0.2924876368524602,15.0,0.0,0.0,0.0,18180,654480,180,0.2,0.0,0.3825022772256453,0.0078191223522837,0.004143121608223,0.0392572029599236,0.1420060154179815
B2,S5,21,5,49.24950559403238,0.3676378957571147,0.0,1.0003927550604772,1.4,0.0517405298591001,0.5280325086232267,4.158721675375582,5.0,0.0,0.3428969617797604,15.0,0.0,0.0,0.0,1818,65448,18,0.2,0.0,0.373381534655432,0.1833981234724504,0.0480852543761471,0.7473879447764844,2.226603372876297
B3,S5,21,5,49.51671582048647,0.1842212540839912,0.0,1.0003927550604772,1.4,0.0487745731133814,0.4798164232155102,2.014055953469004,5.0,1.0,0.2778262896512065,15.0,0.0,0.0,0.0,1818,65448,18,0.2,0.0,0.3962789900974217,0.0007369932422955,0.0011634221987364,0.0255742412123538,0.0511010976904429
B4,S5,21,5,49.51716884157896,0.184628423832425,0.0,1.0003927550604772,1.4,0.048589322836076,0.4794682325116923,2.094907417431919,5.0,1.0,0.276541741330687,0.0,0.0,0.0,-0.0027289923369325,1818,65448,18,0.2,0.0,0.445681019804811,0.0007056748019342,0.0013948911213219,0.029692001073208,0.0584225315310767
B5,S5,21,5,49.518892144437885,0.1839094677184897,0.0,1.0003927550604772,1.4,0.0489197259590664,0.4781743639779421,2.091160145029444,5.0,1.0,0.276182944955498,0.2000000000000001,6.0,0.0,0.6984436538829644,1818,65448,18,0.2,0.0,0.4445742673275469,2.6639332860539652e-05,3.421753707755215e-05,0.0028912138694821,0.0070835203995706
P,S5,21,5,49.51863412728478,0.1837016669062562,0.0,1.0003927550604772,1.4,0.0489860784180047,0.4783635349806587,2.060246612786204,5.0,1.0,0.2771846042895534,0.6000000000000005,6.0,0.0,0.6815383042459783,639,23004,18,1.0,0.0,0.4328992079193778,-0.0001427960064877,-0.000626199098491,0.0184506378671258,0.0277698486212521
B0,S6,21,5,49.11678786974664,0.4310175357114717,0.0,1.9338898704416403,7.0,0.0741792007804779,0.5623419323824166,5.215336789611479,5.0,0.0,0.3856027946754292,16.0,0.0,0.0,0.0,0,0,0,0.0,0.0,0.2739883465356698,0.0,0.0,0.0,0.0
B1,S6,21,5,49.5461129839871,0.176963444470569,0.0,1.0003927550604772,1.4,0.0622818796140799,0.4538870160128994,1.9934474961285071,4.199999999999999,1.0,0.2798993342414907,16.0,0.0,0.0,0.0,18180,654480,180,0.2,0.0,0.3907329405907634,0.0001487175115361,0.000140053013645,0.0038434515287377,0.0073534747375944
B2,S6,21,5,49.546204950849216,0.1667280871467371,0.0,1.0003927550604772,1.4,0.0491252506295511,0.4537950491507843,1.7501714906605912,3.8000000000000007,1.0,0.2653121556930557,16.0,0.0,0.0,0.0,1818,65448,18,0.2,0.0,0.4229184257455206,-0.0020663019393579,-0.0013892716769277,0.033169497223902,0.0977520314316258
B3,S6,21,5,49.54860293039842,0.1734657861670588,4.0,1.0003927550604772,1.4,0.0500237411399463,0.4513970696015761,2.155595474679353,5.0,1.0,0.2633588144916457,16.0,0.0,0.0,0.0,1818,65448,18,0.2,0.0,0.402442613863464,0.0003876324723877,-0.0010418219802019,0.0171643271266148,0.0499454422656263
B4,S6,21,5,49.54782665580787,0.1729612993214872,4.0,1.0003927550604772,1.4,0.0494010831596659,0.4521733441921327,2.132309399905472,5.0,1.0,0.2635894485820951,0.0,0.0,0.0,-0.0040202505296033,1818,65448,18,0.2,0.0,0.5050923960375753,0.0004173981818705,-0.0005889644957832,0.0131190207287019,0.0390071032200218
B5,S6,21,5,49.54762958973498,0.1725636919164923,4.0,1.0003927550604772,1.4,0.0493733827552809,0.4523704102650185,2.1092973746975474,5.0,1.0,0.263877789777559,16.0,0.0,0.0,0.0,1818,65448,18,0.2,0.0,0.4557493564356948,0.0004402804199943,-0.000588566333846,0.0143143992069738,0.0412401548587311
P,S6,21,5,49.54656800071214,0.1721450389200232,4.0,1.0003927550604772,1.4,0.0492788180301227,0.4534319992878579,2.094553150168845,5.0,1.0,0.2643357208507387,16.0,0.0,0.0,0.0,581,20916,18,1.0,0.0,0.4348200891084585,-0.0003734173681719,0.0007233967227477,0.0221659026667282,0.0388108301832332
B0,S7,21,5,49.11678786974664,0.4310175357114717,0.0,1.9338898704416403,7.0,0.0741792007804779,0.5623419323824166,5.215336789611479,5.0,0.0,0.3856027946754292,16.0,0.0,0.0,0.0,0,0,0,0.0,0.0,0.2543790099048012,0.0,0.0,0.0,0.0
B1,S7,21,5,48.837581510245776,0.5496396691952289,0.0,1.0003927550604772,1.4,0.0789170814293067,0.6386067428434572,6.606599220950628,5.0,0.0,0.49423453156556,16.0,0.0,0.0,0.0,18180,654480,180,0.2,0.0,0.4865088910921961,0.372824942236196,0.1848597798442028,1.187451572793826,4.62125368412123
B2,S7,21,5,48.83678882390505,0.5489842502934713,0.0,1.0003927550604772,1.4,0.0751631614969316,0.6386067428434572,6.536090227142822,5.0,0.0,0.4916098524370249,16.0,0.0,0.0,0.0,1818,65448,18,0.2,0.0,0.4098616336615114,0.3801898612073762,0.1834224220157452,1.187778030883159,4.82350202625995
B3,S7,21,5,48.83678882390505,0.5443976260465817,4.0,1.0003927550604772,1.4,0.0742448727212862,0.6386067428434572,6.484413304647566,5.0,0.0,0.4855103883998208,16.0,0.0,0.0,0.0,1818,65448,18,0.2,0.0,0.4328507227748361,0.3713194723519106,0.1861678512616791,1.384742308808761,5.056509243775838
B4,S7,21,5,48.95562281842764,0.5040746781839663,4.0,1.0003927550604772,1.4,0.0755128634949794,0.6243595489254048,6.094070676806083,5.0,0.0,0.459573412980279,0.0,5.0,0.2792079207920792,0.3611617070599882,1818,65448,18,0.2,0.0,0.4460937326743672,0.3315307770443496,0.1715972402374888,1.1942503958058737,4.641301388043909
B5,S7,21,5,48.83678882390505,0.5454342281858107,4.0,1.0003927550604772,1.4,0.0743306360428024,0.6386067428434572,6.516638260919683,5.0,0.0,0.4877774514274566,3.0,0.0,0.0,0.0054295387920992,1818,65448,18,0.2,0.0,0.4366419901017063,0.3733108166893127,0.1856477662445925,1.3756770693183284,5.062455902900575
P,S7,21,5,48.83678882390505,0.5394035891029595,4.0,1.0003927550604772,1.4,0.0725293770987822,0.6386067428434572,6.270259985168618,5.0,0.0,0.4621080388838935,16.0,0.0,0.0,0.0,1263,45468,18,1.0,0.0,0.4596107425758157,0.3668851328147643,0.185898140278347,1.3846380562002878,4.754526529316533
B0,S0,22,5,49.06561323218212,0.4531547705448934,4.0,1.9338898704416403,7.0,0.0739676737934306,0.5882852693923724,5.481536310904408,5.0,0.0,0.4022673903376018,0.0,0.0,0.0,0.0,0,0,0,0.0,0.0,0.2396748316839713,0.0,0.0,0.0,0.0
B1,S0,22,5,49.51858440963216,0.1881968492767457,0.0,1.0003927550604772,1.4,0.0600491593072152,0.4787702279540724,2.071628532386642,4.199999999999999,1.0,0.2937393397767825,0.0,0.0,0.0,0.0,18180,654480,180,0.2,0.0,0.3803501584179054,0.0,0.0,0.0,0.0
B2,S0,22,5,49.51640186043673,0.1841880573473615,0.0,1.0003927550604772,1.4,0.0489426097909651,0.4800713963312333,1.9302426239790536,5.0,1.0,0.2839527014638437,0.0,0.0,0.0,0.0,1818,65448,18,0.2,0.0,0.3753391089129863,0.0,0.0,0.0,0.0
B3,S0,22,5,49.51820141105472,0.1834390544640131,0.0,1.0003927550604772,1.4,0.0489666104803768,0.4787399032147732,2.004195505761101,5.0,1.0,0.2805779436384728,0.0,0.0,0.0,0.0,1818,65448,18,0.2,0.0,0.4218852574274141,0.0,0.0,0.0,0.0
B4,S0,22,5,49.52008202968145,0.1847504334316524,0.2000000000000001,1.0003927550604772,1.4,0.0491839307863986,0.4773214602826954,2.1894635486591625,5.0,1.0,0.277962018548362,0.0,0.0,0.0,-0.0134073455261267,1818,65448,18,0.2,0.0,0.4695131881205027,0.0,0.0,0.0,0.0
B5,S0,22,5,49.5201755273031,0.18483616807671,0.2000000000000001,1.0003927550604772,1.4,0.0491973586980627,0.4772515010845026,2.1959024912584626,5.0,1.0,0.2778529592480038,0.0,0.0,0.0,0.0,1818,65448,18,0.2,0.0,0.4351499009911518,0.0,0.0,0.0,0.0
P,S0,22,5,49.520247708071786,0.1847039235956355,0.2000000000000001,1.0003927550604772,1.4,0.0491973878763376,0.4771888506152422,2.185947687362814,5.0,1.0,0.2776438423370304,0.0,0.0,0.0,0.0,548,19728,18,1.0,0.0,0.4253713069320469,0.0,0.0,0.0,0.0
B0,S1,22,5,49.06561323218212,0.4531547705448934,4.0,1.9338898704416403,7.0,0.0739676737934306,0.5882852693923724,5.481536310904408,5.0,0.0,0.3989340570042684,15.0,0.0,0.0,0.0,0,0,0,0.0,0.0,0.2431485940592616,0.0,0.0,0.0,0.0
B1,S1,22,5,49.52208703315865,0.1835463561004835,0.0,1.0003927550604772,1.4,0.0584599060313095,0.4760868529754916,1.9920702638441288,4.0,1.0,0.2855481705500671,15.0,0.0,0.0,0.0,18180,654480,180,0.2,0.0,0.3756478910899843,-0.005061397658597,-0.0029070162392912,0.0284698891618333,0.1105574140740991
B2,S1,22,5,49.53581006309707,0.1796079226394358,0.0,1.0003927550604772,1.4,0.0541629600509399,0.4641899369029332,1.9397306877443332,5.0,1.0,0.2693123432757153,15.0,0.0,0.0,0.0,1818,65448,18,0.2,0.0,0.3685959603953421,-0.0045794796017847,-0.0158793128420455,0.3381553728143345,0.7019429540321955
B3,S1,22,5,49.51959262607306,0.1829805130074298,0.0,1.0003927550604772,1.4,0.0491447776588292,0.4776989316937587,2.0082659338252538,5.0,1.0,0.2764594355111119,15.0,0.0,0.0,0.0,1818,65448,18,0.2,0.0,0.4626273564351529,-0.0004810777630091,-0.0010863695795677,0.0205345041639546,0.0424538192140452
B4,S1,22,5,49.5219117905332,0.1842441434966278,0.2000000000000001,1.0003927550604772,1.4,0.0496900124750118,0.4759522009423449,2.1904407467287283,5.0,1.0,0.2739759004901546,0.0,0.0,0.0,-0.0030961850855556,1818,65448,18,0.2,0.0,0.4406546930716437,-0.0005215600237391,-0.0014041575900165,0.0200855370524948,0.0459167409224917
B5,S1,22,5,49.52034668270702,0.18475495069401,0.2000000000000001,1.0003927550604772,1.4,0.049254329811865,0.4771233673113073,2.19500380578575,5.0,1.0,0.2744460155390434,0.2000000000000001,9.0,0.0,0.6345492474761014,1818,65448,18,0.2,0.0,0.5568165148532097,-9.58214141716096e-05,-0.0001630319986745,0.0023943351172164,0.0062238540525456
P,S1,22,5,49.51982732034036,0.184709180151866,0.2000000000000001,1.0003927550604772,1.4,0.0490979271131267,0.47750422265797,2.183367398711708,5.0,1.0,0.2740700290600144,0.2000000000000001,9.0,0.0,0.6391236547327266,611,21996,18,1.0,0.0,0.5177532871310195,-0.0001463212997916,-0.0002508963918685,0.0012506289056162,0.0043881048224264
B0,S2,22,5,49.11678786974664,0.4310175357114717,0.0,1.9338898704416403,7.0,0.0741792007804779,0.5623419323824166,5.215336789611479,5.0,0.0,0.3856027946754292,16.0,0.0,0.0,0.0,0,0,0,0.0,0.0,0.2572622574241382,0.0,0.0,0.0,0.0
B1,S2,22,5,49.548795170048365,0.1713681798515333,0.0,1.0003927550604772,1.4,0.0619130825571964,0.4512048299516351,1.909615789423644,4.0,1.0,0.2794261184644527,16.0,0.0,0.0,0.0,18180,654480,180,0.2,0.0,0.4147140495057678,-0.005504458657596,-0.0025890901915985,0.0327974801339152,0.1198020369711081
B2,S2,22,5,49.55792808852807,0.1670504430395653,0.0,1.0003927550604772,1.4,0.0522929709990931,0.4420719114719347,1.838203688594702,5.0,1.0,0.2644960576195114,16.0,0.0,0.0,0.0,1818,65448,18,0.2,0.0,0.3924328910909367,-0.0016682541903917,-0.0131706086423903,0.2841137872176631,0.5970656083718835
B3,S2,22,5,49.55164723163793,0.1728268123211405,4.0,1.0003927550604772,1.4,0.0510376562689528,0.4483527683620707,2.146878507124408,5.0,1.0,0.2632726748834219,16.0,0.0,0.0,0.0,1818,65448,18,0.2,0.0,0.4766717029720029,6.617619303261879e-06,-0.0044421199293154,0.0596620432897836,0.1407381090467289
B4,S2,22,5,49.552573767568376,0.1756864014674806,4.0,1.0003927550604772,1.4,0.0508855053402991,0.4474262324316242,2.2795603320197624,5.0,1.0,0.2616193856473467,0.0,0.0,0.0,-0.0045079621932344,1818,65448,18,0.2,0.0,0.5355181683130873,3.423854811215876e-05,-0.0044565527525222,0.0540465440985258,0.1332520774590832
B5,S2,22,5,49.54921309721461,0.1758115125199412,4.0,1.0003927550604772,1.4,0.0498826674993303,0.4507869027853886,2.2676495416461195,5.0,1.0,0.2622074093056317,1.0,5.0,0.0,0.5652102831262833,1818,65448,18,0.2,0.0,0.4857072079238884,0.0002101093529333,-0.0011259644374561,0.0148923128730089,0.0386238996646717
P,S2,22,5,49.54896973998844,0.1754942665205244,4.0,1.0003927550604772,1.4,0.0497582726726102,0.4510302600115565,2.2546358939742013,5.0,1.0,0.2621021952821415,1.0,5.0,0.0,0.5653559619606037,684,24624,18,1.0,0.0,0.4690560693072059,0.0002037737369274,-0.0006175843991087,0.0093506628892399,0.0250412502215844
B0,S3,22,5,49.065613232182116,0.4531547705448934,4.0,1.9338898704416405,7.0,0.07396767379343068,0.5882852693923724,5.481536310904408,5.0,0.0,0.4022673903376018,15.0,0.0,0.0,0.0,0,0,0,0.0,0.0,0.23136744554750915,0.0,0.0,0.0,0.0
B1,S3,22,5,49.52113779852111,0.1847949762047001,0.0,1.0003927550604772,1.4000000000000001,0.060101154075509367,0.4768139451529336,2.0197689354960726,4.0,1.0,0.2934574230790402,0.20000000000000018,0.0,0.0,0.0,18180,654480,180,1.6,0.0,0.41082194059409893,-0.003401873072045619,-0.001956282801138798,0.019282254768143048,0.06805445633910594
B2,S3,22,5,49.51565378505149,0.18534682566720373,0.0,1.0003927550604772,1.4000000000000001,0.04887379027831763,0.480648320920821,1.960042374700398,5.0,1.0,0.28420973986859505,0.20000000000000018,0.0,0.0,0.0,1818,65448,18,1.6,0.0,0.40048955445467305,0.0011587683198422405,0.0005769245895876907,0.013157387204252302,0.029827960330485577
B3,S3,22,5,49.518144770267995,0.1834643340485187,0.0,1.0003927550604772,1.4000000000000001,0.04892890552242457,0.4787823136399467,2.0045148646024558,5.0,1.0,0.28037728409605095,0.20000000000000018,0.0,0.0,0.0,1818,65448,18,1.6,0.25742574257425743,0.38307136633598515,2.527958450559975e-05,4.2410425173500244e-05,0.0008721010411747443,0.002118490668048167
B4,S3,22,5,49.5199987722259,0.1847749675099303,0.20000000000000018,1.0003927550604772,1.4000000000000001,0.04916068505565788,0.4773837683529578,2.1893331777382197,5.0,1.0,0.27797678606076864,0.0,0.0,0.0,-0.003096161796622421,1818,65448,18,1.6,0.25742574257425743,0.4393746237630946,2.453407827790466e-05,6.230807026241791e-05,0.0009287909513702175,0.002238689991538223
B5,S3,22,5,49.520092404125386,0.18485945556866715,0.20000000000000018,1.0003927550604772,1.4000000000000001,0.04917314468183374,0.47731370868195455,2.195773021155071,5.0,1.0,0.2778675898920025,0.20000000000000018,0.0,0.0,0.0,1818,65448,18,1.6,0.25742574257425743,0.41529566336669965,2.3287491957152406e-05,6.220759745195759e-05,0.0009221309881866091,0.0022195614847305475
P,S3,22,5,49.519957091487,0.18470049608650937,0.20000000000000018,1.0003927550604794,1.4000000000000001,0.04906866203138979,0.4774060509657829,2.1836708226162824,5.0,1.0,0.27756841119975817,0.20000000000000018,0.0,0.0,0.0,551,19836,18,1.6,0.31683168316831684,0.4528922673302131,-3.4275091261304347e-06,0.00021720035054073605,0.008327120795840415,0.01616700976361471
B0,S4,22,5,49.06561323218212,0.4531547705448934,4.0,1.9338898704416403,7.0,0.0739676737934306,0.5882852693923724,5.481536310904408,5.0,0.0,0.3989340570042684,0.0,0.0,0.0,0.0,0,0,0,0.0,0.0,0.2426362970308588,0.0,0.0,0.0,0.0
B1,S4,22,5,49.51748308147658,0.1898151772676619,0.0,1.0003927550604772,1.4,0.0606089560108932,0.4796122859951879,2.0976310355756507,5.0,1.0,0.2915957603491419,0.0,0.0,0.0,0.0,14220,511920,180,1.6,0.0,0.4975527524786032,0.0012074235085812,0.000618416780405,0.0065967373282447,0.0234679569620858
B2,S4,22,5,49.51628992535482,0.1844075651481147,0.0,1.0003927550604772,1.4,0.0490363289005721,0.4802755629324693,1.9410125554154416,5.0,1.0,0.280966756192028,0.0,0.0,0.0,0.0,1422,51192,18,1.6,0.0,0.4114235247524817,0.0002201629068941,0.0002063131874905,0.0047005320253035,0.0108046990558712
B3,S4,22,5,49.5178849938066,0.1835401133713733,0.0,1.0003927550604772,1.4,0.0490593960165258,0.4790714400479245,2.0013386958678208,5.0,1.0,0.2778577291643725,0.0,0.0,0.0,0.0,1422,51192,18,1.6,0.2475247524752475,0.4071334455426886,7.852260093435537e-05,0.000286138774598,0.0037729765000875,0.0073895080057567
B4,S4,22,5,49.51966386951967,0.1848510662834953,0.2000000000000001,1.0003927550604772,1.4,0.0490535766548504,0.4777443784895112,2.186455060420017,5.0,1.0,0.2746489810705226,0.0,0.0,0.0,-0.0131114451202429,1422,51192,18,1.6,0.2475247524752475,0.4534673168320908,8.53627631283993e-05,0.0003880199571497,0.0032382943154161,0.0101949080207283
B5,S4,22,5,49.51975672863112,0.1849118253558296,0.2000000000000001,1.0003927550604772,1.4,0.0490571528917679,0.4776748970517417,2.192411294292809,5.0,1.0,0.2745404314517182,0.0,0.0,0.0,0.0,1422,51192,18,1.6,0.2475247524752475,0.4448545346574542,6.10532476479353e-05,0.0003884977417598,0.0032387015050048,0.0109226969697246
P,S4,22,5,49.52029655544199,0.1846857479491187,0.2000000000000001,1.0003927550434446,1.4,0.0492295875385112,0.4771820539049116,2.187181188233111,5.0,1.0,0.2740935023868727,0.0,0.0,0.0,0.0,465,16740,18,1.6,0.4257425742574257,0.4122276237638397,-0.0001697535025388,-0.0005730651449269,0.0103887054858446,0.025651618696667
B0,S5,22,5,49.06561323218212,0.4531547705448934,4.0,1.9338898704416403,7.0,0.0739676737934306,0.5882852693923724,5.481536310904408,5.0,0.0,0.3989340570042684,15.0,0.0,0.0,0.0,0,0,0,0.0,0.0,0.2377623564366376,0.0,0.0,0.0,0.0
B1,S5,22,5,49.51152121057728,0.1991946245360382,0.0,1.0003927550604772,1.4,0.0614219992157706,0.484238879390297,2.261765833070987,5.0,1.0,0.2948023302324716,15.0,0.0,0.0,0.0,18180,654480,180,0.2,0.0,0.3969461683149041,0.0105868707769576,0.0052450101755141,0.0516797580982597,0.1915795126623663
B2,S5,22,5,48.98114429077268,0.4608232632691285,0.0,1.0003927550604772,1.4,0.056054968660851,0.5809842675836308,5.113988410234257,5.0,0.0,0.3867384855007562,15.0,0.0,0.0,0.0,1818,65448,18,0.2,0.0,0.3841747821743501,0.2766358610279079,0.1009150178386519,1.0159952481339332,3.183753242651425
B3,S5,22,5,49.51623455574375,0.1844120081865304,0.0,1.0003927550604772,1.4,0.0486949127210007,0.4802008262896109,2.006604313287188,5.0,1.0,0.2780164997076195,15.0,0.0,0.0,0.0,1818,65448,18,0.2,0.0,0.4054461287118516,0.0009504174160915,0.0014155250162843,0.0319793078737973,0.0643484158646714
B4,S5,22,5,49.51745963214935,0.1856226017534999,0.2000000000000001,1.0003927550604772,1.4,0.0486708179312753,0.4792728948657228,2.1855729179674643,5.0,1.0,0.2754040390918236,0.0,0.0,0.0,-0.003096100400558,1818,65448,18,0.2,0.0,0.4209286633673706,0.000856898233133,0.0019165363333613,0.0368816332274519,0.0747623802723012
B5,S5,22,5,49.52034668270702,0.18475495069401,0.2000000000000001,1.0003927550604772,1.4,0.049254329811865,0.4771233673113073,2.19500380578575,5.0,1.0,0.2744460155390434,0.2000000000000001,6.0,0.0,0.6949270677645186,1818,65448,18,0.2,0.0,0.4567218811869247,-9.58214141716096e-05,-0.0001630319986745,0.0023943351172164,0.0062238540525456
P,S5,22,5,49.51982732034036,0.184709180151866,0.2000000000000001,1.0003927550604772,1.4,0.0490979271131267,0.47750422265797,2.183367398711708,5.0,1.0,0.2740700290600144,0.2000000000000001,6.0,0.0,0.6972236763165911,623,22428,18,1.0,0.0,0.4217968217825827,-0.0001463212997916,-0.0002508963918685,0.0012506289056162,0.0043881048224264
B0,S6,22,5,49.11678786974664,0.4310175357114717,0.0,1.9338898704416403,7.0,0.0741792007804779,0.5623419323824166,5.215336789611479,5.0,0.0,0.3856027946754292,16.0,0.0,0.0,0.0,0,0,0,0.0,0.0,0.2436047029732435,0.0,0.0,0.0,0.0
B1,S6,22,5,49.54602731675972,0.1769896250420631,0.0,1.0003927550604772,1.4,0.0619546820409576,0.4539726832402806,1.990407285288844,4.199999999999999,1.0,0.2790709000498315,16.0,0.0,0.0,0.0,18180,654480,180,0.2,0.0,0.3918636930663551,0.0001169865329337,0.0001787630970468,0.0078284137834288,0.0129098562774657
B2,S6,22,5,49.54644789448012,0.1664212747634145,0.0,1.0003927550604772,1.4,0.0488951563588576,0.4535521055198828,1.758647597557926,3.6000000000000014,1.0,0.2641853467812963,16.0,0.0,0.0,0.0,1818,65448,18,0.2,0.0,0.3917058316792553,-0.0022974224665425,-0.0016904145944423,0.0430397786716056,0.1340524202968133
B3,S6,22,5,49.54833456510369,0.1734305342561727,4.0,1.0003927550604772,1.4,0.050031921060917,0.4516654348963129,2.149723187858624,5.0,1.0,0.2631149533774248,16.0,0.0,0.0,0.0,1818,65448,18,0.2,0.0,0.4054091386123137,0.0006103395543354,-0.0011294533950731,0.0202192765989011,0.0629014000537644
B4,S6,22,5,49.5486232286079,0.1760319366926835,4.0,1.0003927550604772,1.4,0.0496602317410227,0.4513767713920984,2.272767212804936,5.0,1.0,0.2618468683436507,0.0,0.0,0.0,-0.0045079393397922,1818,65448,18,0.2,0.0,0.453624287125998,0.000379773773315,-0.000506013792048,0.0105017767520365,0.0298754780937393
B5,S6,22,5,49.54859231176188,0.1759831176844245,4.0,1.0003927550604772,1.4,0.0496021617280782,0.4514076882381204,2.2693824439573347,5.0,1.0,0.2618895499158673,16.0,0.0,0.0,0.0,1818,65448,18,0.2,0.0,0.440612247525723,0.0003817145174166,-0.0005051789847243,0.0104922720304401,0.0298788028177682
P,S6,22,5,49.5480671437835,0.1756936514106689,4.0,1.0003927550604772,1.4,0.0494403827076954,0.4519328562165015,2.254140388711674,5.0,1.0,0.2620825634683128,16.0,0.0,0.0,0.0,569,20484,18,1.0,0.0,0.6270988415818997,0.000403158627072,0.0002850118058361,0.0082712550220875,0.0111196919100244
B0,S7,22,5,49.11678786974664,0.4310175357114717,0.0,1.9338898704416403,7.0,0.0741792007804779,0.5623419323824166,5.215336789611479,5.0,0.0,0.3856027946754292,16.0,0.0,0.0,0.0,0,0,0,0.0,0.0,0.2587600098996689,0.0,0.0,0.0,0.0
B1,S7,22,5,48.84695831532046,0.5488485360591635,0.0,1.0003927550604772,1.4,0.079814789235139,0.6386067428434572,6.593719105378944,5.0,0.0,0.4921094847472949,16.0,0.0,0.0,0.0,18180,654480,180,0.2,0.0,0.4049546831687045,0.3719758975500341,0.1848128227002234,1.1766242282145498,4.606624653530385
B2,S7,22,5,48.83678882390505,0.5489526598504809,0.0,1.0003927550604772,1.4,0.0753283432799671,0.6386067428434572,6.532636641734898,5.0,0.0,0.4914132139283724,16.0,0.0,0.0,0.0,1818,65448,18,0.2,0.0,0.423502178215707,0.3802339626205239,0.1833642227291321,1.1881771999191884,4.8259488088243
B3,S7,22,5,48.83678882390505,0.5415084631929767,4.0,1.0003927550604772,1.4,0.076092479062996,0.6386067428434572,6.368221597433682,5.0,0.0,0.473534051471583,16.0,0.0,0.0,0.0,1818,65448,18,0.2,0.0,0.4733989009881691,0.3686882684911394,0.185811854552071,1.3806349468536323,4.91838464308669
B4,S7,22,5,49.41363557589102,0.2801035413320526,4.0,1.0003927550604772,1.4,0.0575023406129586,0.4833071757819525,3.640319264984451,5.0,0.0,0.3511997675017045,0.0,5.0,0.0,0.7410438537711446,1818,65448,18,0.2,0.0,0.4603744554479268,0.1044513784126841,0.0314243905978059,0.635216275002783,2.15436144496214
B5,S7,22,5,48.83678882390505,0.5416162051854314,4.0,1.0003927550604772,1.4,0.0764342238463771,0.6386067428434572,6.4342241189155365,5.0,0.0,0.4741938803908685,3.0,0.0,0.0,0.000562382061467,1818,65448,18,0.2,0.0,0.4298728514852585,0.3660148020184235,0.1866938756206124,1.3966583472838463,4.971281396090415
P,S7,22,5,48.83678882390505,0.5402714317266589,4.0,1.0003927550604772,1.4,0.0755639615909724,0.6386067428434572,6.369889476044052,5.0,0.0,0.4663709553553385,16.0,0.0,0.0,0.0,1274,45864,18,1.0,0.0,0.437081841586279,0.3649809389430619,0.1869588984327919,1.39818361316064,4.878897319764205
B0,S0,23,5,49.06561323218212,0.4531547705448934,4.0,1.9338898704416403,7.0,0.0739676737934306,0.5882852693923724,5.481536310904408,5.0,0.0,0.4022673903376018,0.0,0.0,0.0,0.0,0,0,0,0.0,0.0,0.2346413762367801,0.0,0.0,0.0,0.0
B1,S0,23,5,49.518612954463,0.1882116052038855,0.0,1.0003927550604772,1.4,0.060078744204693,0.4787492488310576,2.0723662548056647,4.199999999999999,1.0,0.2937972061755717,0.0,0.0,0.0,0.0,18180,654480,180,0.2,0.0,0.381363544550881,0.0,0.0,0.0,0.0
B2,S0,23,5,49.51646091228045,0.1842670046489159,0.0,1.0003927550604772,1.4,0.0488659954372934,0.4800865557379978,1.9336813291079893,5.0,1.0,0.2832127053232812,0.0,0.0,0.0,0.0,1818,65448,18,0.2,0.0,0.3989248316834659,0.0,0.0,0.0,0.0
B3,S0,23,5,49.51824448464244,0.1835072906692164,0.0,1.0003927550604772,1.4,0.0489559892578175,0.4787554670841771,2.0107507890980862,5.0,1.0,0.2802623738634207,0.0,0.0,0.0,0.0,1818,65448,18,0.2,0.0,0.3866048910858448,0.0,0.0,0.0,0.0
B4,S0,23,5,49.5174182358138,0.1834247108156852,0.0,1.0003927550604772,1.4,0.0488295742026563,0.479361026738772,1.9441583827128512,5.0,1.0,0.2815599892614718,0.0,0.0,0.0,-0.0130256980756738,1818,65448,18,0.2,0.0,0.4336600495032081,0.0,0.0,0.0,0.0
B5,S0,23,5,49.51748738607505,0.1833957156697848,0.0,1.0003927550604772,1.4,0.0487943592434591,0.4793092853495651,1.9480386424104537,5.0,1.0,0.2814307424711699,0.0,0.0,0.0,0.0,1818,65448,18,0.2,0.0,0.4284829999978503,0.0,0.0,0.0,0.0
P,S0,23,5,49.5175463703237,0.1834221699029994,0.0,1.0003927550604772,1.4,0.0487304961265596,0.4792682648382964,1.9498952699640408,5.0,1.0,0.2808133683396869,0.0,0.0,0.0,0.0,636,22896,18,1.0,0.0,0.4348671683137671,0.0,0.0,0.0,0.0
B0,S1,23,5,49.06561323218212,0.4531547705448934,4.0,1.9338898704416403,7.0,0.0739676737934306,0.5882852693923724,5.481536310904408,5.0,0.0,0.3989340570042684,15.0,0.0,0.0,0.0,0,0,0,0.0,0.0,0.2579466435650325,0.0,0.0,0.0,0.0
B1,S1,23,5,49.52122878953761,0.1846792600665215,0.0,1.0003927550604772,1.4,0.0596849501359133,0.476745157339387,2.015418326551864,4.0,1.0,0.2884728229581408,15.0,0.0,0.0,0.0,18180,654480,180,0.2,0.0,0.3931828217820012,-0.0039434253157035,-0.0022277327523809,0.0219833495567129,0.0814024824307182
B2,S1,23,5,49.53561711881824,0.177727105651607,0.0,1.0003927550604772,1.4,0.0529209038401574,0.4643828811817556,1.9011544065268755,5.0,1.0,0.2706010905804837,15.0,0.0,0.0,0.0,1818,65448,18,0.2,0.0,0.3868355445567683,-0.0065402933610348,-0.0157046983123478,0.3131703316802827,0.6518805647076773
B3,S1,23,5,49.51925990282437,0.1831691147072792,0.0,1.0003927550604772,1.4,0.0490973269824529,0.4779957575547584,2.0134731767389864,5.0,1.0,0.2765284328599123,15.0,0.0,0.0,0.0,1818,65448,18,0.2,0.0,0.4088731584128218,-0.0003635866767448,-0.000811562357633,0.0162410287455756,0.0317373274844761
B4,S1,23,5,49.51860777264522,0.1829850465404134,0.0,1.0003927550604772,1.4,0.0489927172131872,0.4784709210285953,1.945853807235543,5.0,1.0,0.2776597171540668,0.0,0.0,0.0,-0.0032022406336036,1818,65448,18,0.2,0.0,0.422519267327642,-0.0004735455069153,-0.0009477371993966,0.0202218524623702,0.0394906396515949
B5,S1,23,5,49.51707700328584,0.1835747304460957,0.0,1.0003927550604772,1.4,0.0488411788625165,0.4796148058237648,1.9488515355931908,5.0,1.0,0.2784444120146285,0.2000000000000001,9.0,0.0,0.6372300733884672,1818,65448,18,0.2,0.0,0.4556922475254252,0.0001467389752307,0.0002478889881629,0.0070989122303046,0.0153140295551594
P,S1,23,5,49.51702340466276,0.1835967112218268,0.0,1.0003927550604772,1.4,0.0487666054649105,0.4796374544841697,1.949390125232481,5.0,1.0,0.2778804498202619,0.4000000000000003,9.0,0.0,0.6373047010202506,668,24048,18,1.0,0.0,0.4737785940582542,0.0002156287048672,0.0004370934396433,0.0146525104854973,0.027447624029363
B0,S2,23,5,49.11678786974664,0.4310175357114717,0.0,1.9338898704416403,7.0,0.0741792007804779,0.5623419323824166,5.215336789611479,5.0,0.0,0.3856027946754292,16.0,0.0,0.0,0.0,0,0,0,0.0,0.0,0.2538092673270206,0.0,0.0,0.0,0.0
B1,S2,23,5,49.54853823382621,0.1725589609820175,0.0,1.0003927550604772,1.4,0.0621891734407249,0.4514617661737858,1.9281630511803536,4.0,1.0,0.2799619524306352,16.0,0.0,0.0,0.0,18180,654480,180,0.2,0.0,0.400618000000604,-0.0043217909998,-0.002311174846433,0.0252643850051015,0.090567987383325
B2,S2,23,5,49.55543376593773,0.165802276604355,0.0,1.0003927550604772,1.4,0.0510895071390472,0.4445662340622718,1.8018836520201715,5.0,1.0,0.264849523306599,16.0,0.0,0.0,0.0,1818,65448,18,0.2,0.0,0.3917363663384832,-0.0030013641849764,-0.0107699647336048,0.2413199776405079,0.4882260943421747
B3,S2,23,5,49.55096700046513,0.1729940326676504,4.0,1.0003927550604772,1.4,0.0509091021903155,0.4490329995348716,2.1487831259528463,5.0,1.0,0.2635754906502615,16.0,0.0,0.0,0.0,1818,65448,18,0.2,0.0,0.4160696435650211,4.227800414188798e-05,-0.0036266122395502,0.0506761098534482,0.1147267545576873
B4,S2,23,5,49.54931885224142,0.1703625715932687,0.0,1.0003927550604772,1.4,0.0502706935100702,0.4506811477585799,1.969904361864566,5.0,1.0,0.2657724073221479,0.0,0.0,0.0,-0.0044007888085124,1818,65448,18,0.2,0.0,0.4623140198013475,0.0002006070780187,-0.0035899249886881,0.0663825918484022,0.1439565420822113
B5,S2,23,5,49.546340724699576,0.1700281888909264,0.0,1.0003927550604772,1.4,0.0495772477979081,0.4536592753004242,1.9259666048613493,5.0,1.0,0.2666003009952475,1.0,5.0,0.0,0.5924779474138231,1818,65448,18,0.2,0.0,0.4860179207915478,3.321263893268922e-06,-0.000784835869183,0.0149215141514105,0.03389009292855
P,S2,23,5,49.54588057023573,0.1702018983709897,0.0,1.0003927550604772,1.4,0.0494759414803262,0.4541194297642761,1.9386837168375115,5.0,1.0,0.2665444987747469,1.0,5.0,0.0,0.6052575139694101,720,25920,18,1.0,0.0,0.4680764455446082,-8.049862944808917e-05,-0.000160274849712,0.0066525056370778,0.0228734599190246
B0,S3,23,5,49.065613232182116,0.4531547705448934,4.0,1.9338898704416405,7.0,0.07396767379343068,0.5882852693923724,5.481536310904408,5.0,0.0,0.4022673903376018,15.0,0.0,0.0,0.0,0,0,0,0.0,0.0,0.23793488118808634,0.0,0.0,0.0,0.0
B1,S3,23,5,49.5166872417126,0.19098310269300156,0.0,1.0003927550604772,1.4000000000000001,0.06007918472048515,0.48022481908814996,2.1176117544963433,5.0,1.0,0.2940942174745952,0.20000000000000018,0.0,0.0,0.0,18180,654480,180,1.6,0.0,0.43898244554595905,0.002771497489116065,0.001475570257092329,0.014762698045593936,0.052148023777460396
B2,S3,23,5,49.51637227514215,0.1843868076859441,0.0,1.0003927550604772,1.4000000000000001,0.04890786919424651,0.4801571152727533,1.9374307781474644,5.0,1.0,0.28358030907246706,0.20000000000000018,0.0,0.0,0.0,1818,65448,18,1.6,0.0,0.3931988019776147,0.00011980303702818773,7.055953475548771e-05,0.001403015056595791,0.003749449039474938
B3,S3,23,5,49.51802828952711,0.18358225185879704,0.0,1.0003927550604772,1.4000000000000001,0.04897967647461708,0.47891722990554797,2.010389602809373,5.0,1.0,0.28065218583216267,0.20000000000000018,0.0,0.0,0.0,1818,65448,18,1.6,0.0,0.4038873366340286,7.496118958064124e-05,0.00016176282137086995,0.003415028795721753,0.007127385022646846
B4,S3,23,5,49.51713053026184,0.18355003873286646,0.0,1.0003927550604772,1.4000000000000001,0.04886429942542769,0.47957631451755844,1.9435750293909944,5.0,1.0,0.282161236819418,0.0,0.0,0.0,-0.0032022359507641873,1818,65448,18,1.6,0.0,0.39726287128576243,0.00012532791718125602,0.00021528777878643268,0.004685567909909594,0.01015006713934596
B5,S3,23,5,49.51719963204225,0.1835146498201439,0.0,1.0003927550604772,1.4000000000000001,0.048828600834319634,0.4795246094039314,1.9474458449053536,5.0,1.0,0.28203206254652696,0.20000000000000018,0.0,0.0,0.0,1818,65448,18,1.6,0.0,0.4673864554440502,0.00011893415035910126,0.00021532405436630597,0.004676279013658302,0.010116749015403312
P,S3,23,5,49.51885784719898,0.18292092424634238,0.0,1.0003927550604772,1.4000000000000001,0.04906833498764351,0.4783234968893382,1.9521432628477782,5.0,1.0,0.2810086460031515,0.40000000000000036,0.0,0.0,0.0,629,22644,18,1.6,0.0,0.4830042079186452,-0.0005012456566570178,-0.0009447679489582028,0.021288639798520137,0.04353180913081401
B0,S4,23,5,49.06561323218212,0.4531547705448934,4.0,1.9338898704416403,7.0,0.0739676737934306,0.5882852693923724,5.481536310904408,5.0,0.0,0.3989340570042684,0.0,0.0,0.0,0.0,0,0,0,0.0,0.0,0.2394430297013374,0.0,0.0,0.0,0.0
B1,S4,23,5,49.51851438182891,0.1883961467664318,0.0,1.0003927550604772,1.4,0.0603603412683,0.4788201339532349,2.0754065955038223,4.199999999999999,1.0,0.2911023837567704,0.0,0.0,0.0,0.0,14070,506520,180,1.6,0.0,0.3877715148519201,-0.0002265386157932,-0.000152756138533,0.0014329297973674,0.0047333069287596
B2,S4,23,5,49.51642362933141,0.1840381679327506,0.0,1.0003927550604772,1.4,0.0488475892894583,0.4801346046593551,1.9232101979651737,5.0,1.0,0.2798491075469835,0.0,0.0,0.0,0.0,1407,50652,18,1.6,0.0,0.4114124554455497,-0.0002292310798912,4.702516525156853e-05,0.0039469379026968,0.0106012881287227
B3,S4,23,5,49.51818987099706,0.1835219140433552,0.0,1.0003927550604772,1.4,0.0489793746260799,0.4787763020125339,2.0133154853797426,5.0,1.0,0.2769422839133114,0.0,0.0,0.0,0.0,1407,50652,18,1.6,0.3267326732673267,0.3784471287097872,-1.0787340668783065e-05,-3.1017899857488374e-05,0.0055721155863892,0.0104962296837498
B4,S4,23,5,49.51734768800466,0.1834127055884011,0.0,1.0003927550604772,1.4,0.0489107349729526,0.4794233612853276,1.944687379380813,5.0,1.0,0.2786389941242825,0.0,0.0,0.0,-0.0128716917011484,1407,50652,18,1.6,0.3267326732673267,0.4410960198016471,-4.588645892777965e-05,4.703057335575522e-06,0.0059311723695287,0.0110460733136505
B5,S4,23,5,49.51741725217341,0.1833876516622866,0.0,1.0003927550604772,1.4,0.0488700793896711,0.4793713101908494,1.9485406381404624,5.0,1.0,0.2785090340258865,0.0,0.0,0.0,0.0,1407,50652,18,1.6,0.3267326732673267,0.474157138616629,-4.033980857831576e-05,4.393355247600539e-06,0.0058717362772782,0.0110517735352296
P,S4,23,5,49.51747423112697,0.1833038887230912,0.0,1.0003927550434446,1.4,0.048977963514534,0.4793195810933,1.9424499479334565,5.0,1.0,0.2791472083503924,0.0,0.0,0.0,0.0,499,17964,18,1.6,0.4356435643564356,0.4062258514867347,-7.71937938683076e-05,0.0001192200487736,0.0102896014405828,0.0189318220768861
B0,S5,23,5,49.06561323218212,0.4531547705448934,4.0,1.9338898704416403,7.0,0.0739676737934306,0.5882852693923724,5.481536310904408,5.0,0.0,0.3989340570042684,15.0,0.0,0.0,0.0,0,0,0,0.0,0.0,0.2471476336632795,0.0,0.0,0.0,0.0
B1,S5,23,5,49.51298096867633,0.196460233743293,0.0,1.0003927550604772,1.4,0.0604417323001051,0.4831187333936384,2.2132312728355594,5.0,1.0,0.2925492724353654,15.0,0.0,0.0,0.0,18180,654480,180,0.2,0.0,0.3802612673233411,0.0078375483610679,0.0041458433018704,0.0393033636616664,0.1421451994981815
B2,S5,23,5,49.24885818632052,0.3679149592256235,0.0,1.0003927550604772,1.4,0.0516938504559168,0.5290173528050133,4.162809563931605,5.0,0.0,0.3423543755617569,15.0,0.0,0.0,0.0,1818,65448,18,0.2,0.0,0.3885302970335789,0.1836475602129816,0.0489297733109097,0.7475962866719001,2.2291238397866624
B3,S5,23,5,49.51637823962556,0.1843443267761207,0.0,1.0003927550604772,1.4,0.0487408783417221,0.4801905860877866,2.012956767559697,5.0,1.0,0.2776611896313373,15.0,0.0,0.0,0.0,1818,65448,18,0.2,0.0,0.3941829603952488,0.0008116253920966,0.0013832661753951,0.027142179057698,0.0543806551375574
B4,S5,23,5,49.51491252939661,0.185090809267706,0.0,1.0003927550604772,1.4,0.0485542163832673,0.4813436191230167,1.9529445762639492,5.0,1.0,0.2794129443525665,0.0,0.0,0.0,-0.003202248555487,1818,65448,18,0.2,0.0,0.4233519207941348,0.0016322172203771,0.0019249608950246,0.0368397193101728,0.0812662138604359
B5,S5,23,5,49.51707700328584,0.1835747304460957,0.0,1.0003927550604772,1.4,0.0488411788625165,0.4796148058237648,1.9488515355931908,5.0,1.0,0.2784444120146285,0.2000000000000001,6.0,0.0,0.6981354763471213,1818,65448,18,0.2,0.0,0.4841217623744333,0.0001467389752307,0.0002478889881629,0.0070989122303046,0.0153140295551594
P,S5,23,5,49.51702340466276,0.1835967112218268,0.0,1.0003927550604772,1.4,0.0487666054649105,0.4796374544841697,1.949390125232481,5.0,1.0,0.2778804498202619,0.4000000000000003,6.0,0.0,0.6931955284188338,674,24264,18,1.0,0.0,0.4357250197992273,0.0002156287048672,0.0004370934396433,0.0146525104854973,0.027447624029363
B0,S6,23,5,49.11678786974664,0.4310175357114717,0.0,1.9338898704416403,7.0,0.0741792007804779,0.5623419323824166,5.215336789611479,5.0,0.0,0.3856027946754292,16.0,0.0,0.0,0.0,0,0,0,0.0,0.0,0.2449771089114881,0.0,0.0,0.0,0.0
B1,S6,23,5,49.5460870059661,0.1770292037670075,0.0,1.0003927550604772,1.4,0.0623063566969157,0.4539129940338995,1.995245306999247,4.199999999999999,1.0,0.2799714154664301,16.0,0.0,0.0,0.0,18180,654480,180,0.2,0.0,0.3824760396047069,0.0001484517851899,0.0001400530136805,0.0038434515287306,0.0073534747378964
B2,S6,23,5,49.54614321599942,0.1667265621525731,0.0,1.0003927550604772,1.4,0.049058377789272,0.4538567840005783,1.7457824963154471,3.8000000000000007,1.0,0.2650379626032118,16.0,0.0,0.0,0.0,1818,65448,18,0.2,0.0,0.3828082277224065,-0.0020770786367583,-0.0014794147952983,0.0329684000018914,0.0971759311595079
B3,S6,23,5,49.54826827343496,0.1733249225995251,4.0,1.0003927550604772,1.4,0.0500004482287772,0.4517317265650433,2.1459003097231584,5.0,1.0,0.2634723724661087,16.0,0.0,0.0,0.0,1818,65448,18,0.2,0.0,0.4302670990099533,0.0003731679360165,-0.0009278852093785,0.0166391378636134,0.0460548599307749
B4,S6,23,5,49.546478534615126,0.1702678022077384,0.0,1.0003927550604772,1.4,0.0494342198849675,0.453521465384874,1.956451066748568,5.0,1.0,0.2654954370516706,0.0,0.0,0.0,-0.0044007709707933,1818,65448,18,0.2,0.0,0.4693373663381989,0.0001058376924884,-0.000749607362394,0.0173658115667976,0.050753018961253
B5,S6,23,5,49.54634174607492,0.1700694601670641,0.0,1.0003927550604772,1.4,0.0494012008540553,0.4536582539250773,1.9336938285975016,5.0,1.0,0.2658288302180701,16.0,0.0,0.0,0.0,1818,65448,18,0.2,0.0,0.4469162079226182,4.459254003102986e-05,-0.00078585724453,0.0176535434071425,0.0520694501423101
P,S6,23,5,49.54704812266642,0.1705703435477174,0.0,1.0003927550604772,1.4,0.049561203452542,0.4529518773335823,1.961834268617728,5.0,1.0,0.2655117727737094,16.0,0.0,0.0,0.0,603,21708,18,1.0,0.0,0.4555668118801705,0.0002879465472795,-0.0013278272804058,0.0304615034950899,0.0712251424925128
B0,S7,23,5,49.11678786974664,0.4310175357114717,0.0,1.9338898704416403,7.0,0.0741792007804779,0.5623419323824166,5.215336789611479,5.0,0.0,0.3856027946754292,16.0,0.0,0.0,0.0,0,0,0,0.0,0.0,0.2515936138623525,0.0,0.0,0.0,0.0
B1,S7,23,5,48.83753957294351,0.5496565070092503,0.0,1.0003927550604772,1.4,0.078917254829475,0.6386067428434572,6.607079218193084,5.0,0.0,0.4942574323918298,16.0,0.0,0.0,0.0,18180,654480,180,0.2,0.0,0.3989374257402557,0.3727757550274327,0.1848338018232382,1.1869681141906625,4.619629882582628
B2,S7,23,5,48.83678882390505,0.5490863715821823,0.0,1.0003927550604772,1.4,0.0751471481108552,0.6386067428434572,6.536518589904528,5.0,0.0,0.4917334298630963,16.0,0.0,0.0,0.0,1818,65448,18,0.2,0.0,0.3827569504921647,0.3802827307928508,0.1832705440475805,1.1876455749714625,4.826308612904313
B3,S7,23,5,48.83678882390505,0.5445209037936452,4.0,1.0003927550604772,1.4,0.0742031331874674,0.6386067428434572,6.4859595097862925,5.0,0.0,0.4858422566951324,16.0,0.0,0.0,0.0,1818,65448,18,0.2,0.0,0.4279018118839952,0.3715691491301366,0.1859471310690352,1.382878080796793,5.054291387268442
B4,S7,23,5,48.942788557131074,0.5153577680329826,0.0,1.0003927550604772,1.4,0.0750830880735456,0.6286934437939706,6.184235247082175,5.0,0.0,0.4672059508868826,0.0,5.0,0.2792079207920792,0.3617434764083652,1818,65448,18,0.2,0.0,0.4459147920816477,0.3451958035177326,0.1744223710467025,1.2048323818859288,4.67872242351782
B5,S7,23,5,48.83678882390505,0.546955586553513,0.0,1.0003927550604772,1.4,0.074111675341737,0.6386067428434572,6.508204834097025,5.0,0.0,0.489283989562071,3.0,0.0,0.0,0.0076689444614971,1818,65448,18,0.2,0.0,0.4394693861412282,0.3769307189264798,0.1841626316738498,1.3453433940082675,5.0009602295269335
P,S7,23,5,48.83678882390505,0.541572547369324,0.0,1.0003927550604772,1.4,0.0728053937342528,0.6386067428434572,6.303457932889356,5.0,0.0,0.4727865922022888,3.0,0.0,0.0,0.0022171612224491,1263,45468,18,1.0,0.0,0.4295067425740097,0.3712901503688862,0.184327038229469,1.354693744108225,4.792475735031528
B0,S0,24,5,49.06561323218212,0.4531547705448934,4.0,1.9338898704416403,7.0,0.0739676737934306,0.5882852693923724,5.481536310904408,5.0,0.0,0.4022673903376018,0.0,0.0,0.0,0.0,0,0,0,0.0,0.0,0.2435008910913101,0.0,0.0,0.0,0.0
B1,S0,24,5,49.5186099486454,0.1882103278878522,0.0,1.0003927550604772,1.4,0.0600545563319284,0.4787528603637199,2.0710089136440097,4.199999999999999,1.0,0.2936792446129067,0.0,0.0,0.0,0.0,18180,654480,180,0.2,0.0,0.3681025643597629,0.0,0.0,0.0,0.0
B2,S0,24,5,49.51643250746329,0.1842817002632752,0.0,1.0003927550604772,1.4,0.0489771142044996,0.4800948765024202,1.9303933014219576,5.0,1.0,0.2837192723492476,0.0,0.0,0.0,0.0,1818,65448,18,0.2,0.0,0.3959249108924952,0.0,0.0,0.0,0.0
B3,S0,24,5,49.51816724839631,0.1835659547516942,0.0,1.0003927550604772,1.4,0.0490152523604736,0.4787985273306816,2.010851902392821,5.0,1.0,0.2805957571351292,0.0,0.0,0.0,0.0,1818,65448,18,0.2,0.0,0.3802759504939633,0.0,0.0,0.0,0.0
B4,S0,24,5,49.51967444846199,0.1846273888053273,0.2000000000000001,1.0003927550604772,1.4,0.0490526115961991,0.4776727944362093,2.1656304462677443,5.0,1.0,0.2779087426067982,0.0,0.0,0.0,-0.012695355925726,1818,65448,18,0.2,0.0,0.5387983168304237,0.0,0.0,0.0,0.0
B5,S0,24,5,49.51968171186263,0.1846371648436873,0.2000000000000001,1.0003927550604772,1.4,0.0490262413103845,0.4776673596275387,2.165648093080949,5.0,1.0,0.2778990512499251,0.0,0.0,0.0,0.0,1818,65448,18,0.2,0.0,0.4316949207890556,0.0,0.0,0.0,0.0
P,S0,24,5,49.52144335700817,0.184336679443827,0.2000000000000001,1.0003927550604772,1.4,0.0496106272503286,0.476327797321467,2.174760526580805,5.0,1.0,0.2773213953812596,0.0,0.0,0.0,0.0,588,21168,18,1.0,0.0,0.4125466534652773,0.0,0.0,0.0,0.0
B0,S1,24,5,49.06561323218212,0.4531547705448934,4.0,1.9338898704416403,7.0,0.0739676737934306,0.5882852693923724,5.481536310904408,5.0,0.0,0.3989340570042684,15.0,0.0,0.0,0.0,0,0,0,0.0,0.0,0.2870293465318832,0.0,0.0,0.0,0.0
B1,S1,24,5,49.52211257217191,0.1835537493822561,0.0,1.0003927550604772,1.4,0.0584652227742538,0.4760694853850964,1.9912453577984732,4.0,1.0,0.2854890561303823,15.0,0.0,0.0,0.0,18180,654480,180,0.2,0.0,0.3801358316825889,-0.0050680307651254,-0.0029070162393054,0.0284746949277945,0.1105695265747883
B2,S1,24,5,49.53581006309707,0.1796063980972139,0.0,1.0003927550604772,1.4,0.0541903218019477,0.4641899369029332,1.9389232029804016,5.0,1.0,0.2693223238306042,15.0,0.0,0.0,0.0,1818,65448,18,0.2,0.0,0.4121528019805007,-0.0046746174066848,-0.0159027930132893,0.3387916538913487,0.7049745967664888
B3,S1,24,5,49.51966407169115,0.1830424498633933,0.0,1.0003927550604772,1.4,0.0492416069684339,0.4776785768857863,2.0134923411650383,5.0,1.0,0.2765940409764403,15.0,0.0,0.0,0.0,1818,65448,18,0.2,0.0,0.3768490495045031,-0.0004725790675328,-0.0010155184492361,0.0180365554323387,0.0376860467961456
B4,S1,24,5,49.5218312320448,0.1840000380804557,0.2000000000000001,1.0003927550604772,1.4,0.0496455895740471,0.4760589926743819,2.1658416819969584,5.0,1.0,0.273882361925543,0.0,0.0,0.0,-0.0040584745067809,1818,65448,18,0.2,0.0,0.4103384554438511,-0.0005695749073044,-0.0014847339303329,0.0213066615979542,0.0480229852267448
B5,S1,24,5,49.51987130011881,0.1845364265362996,0.2000000000000001,1.0003927550604772,1.4,0.0491195552996471,0.4775225655469199,2.164826955135302,5.0,1.0,0.2745623913699447,0.2000000000000001,9.0,0.0,0.6347915309835832,1818,65448,18,0.2,0.0,0.4235487623767461,-4.4644010875921625e-05,-1.5726249500858103e-05,0.0031171433179935,0.0073537999707809
P,S1,24,5,49.52026839825908,0.1846509615042573,0.2000000000000001,1.0003927550604772,1.4,0.0493266571281866,0.4772186055771215,2.174828516393071,5.0,1.0,0.2742245216426754,0.6000000000000005,9.0,0.0,0.6197211728032204,607,21852,18,1.0,0.0,0.4141494950504644,0.0003365194100663,0.0009356438442509,0.0132042508623158,0.0325537524573277
B0,S2,24,5,49.11678786974664,0.4310175357114717,0.0,1.9338898704416403,7.0,0.0741792007804779,0.5623419323824166,5.215336789611479,5.0,0.0,0.3856027946754292,16.0,0.0,0.0,0.0,0,0,0,0.0,0.0,0.2471281089101737,0.0,0.0,0.0,0.0
B1,S2,24,5,49.54881253763876,0.1713715301282727,0.0,1.0003927550604772,1.4,0.0619199805519913,0.4511874623612399,1.9088139683347167,4.0,1.0,0.2793536458421496,16.0,0.0,0.0,0.0,18180,654480,180,0.2,0.0,0.3985446534654941,-0.005513371699937,-0.0025890901915985,0.0327864987917081,0.119806972220833
B2,S2,24,5,49.55796908586623,0.1670626516652037,0.0,1.0003927550604772,1.4,0.0522630903360272,0.4420309141337739,1.845102188085245,5.0,1.0,0.2642056772318698,16.0,0.0,0.0,0.0,1818,65448,18,0.2,0.0,0.4222775148516328,-0.0017676819775644,-0.0132065503352407,0.2844894635589909,0.5997058260211635
B3,S2,24,5,49.55193274510721,0.1729645955614772,4.0,1.0003927550604772,1.4,0.051102613435036,0.4480672548927913,2.156243274138057,5.0,1.0,0.2630473934920537,16.0,0.0,0.0,0.0,1818,65448,18,0.2,0.0,0.4317549207893769,-5.7528946235785305e-05,-0.0045776984428655,0.0580710607266468,0.1430784903102633
B4,S2,24,5,49.55314075621187,0.1760863307329377,4.0,1.0003927550604772,1.4,0.0510157101188677,0.4468592437881327,2.2966683411266025,5.0,1.0,0.2609391924509099,0.0,0.0,0.0,-0.0054346858899478,1818,65448,18,0.2,0.0,0.4363622277259589,-0.0001531507354682,-0.0046694050252753,0.0508318355495021,0.1329700654932537
B5,S2,24,5,49.54971289018278,0.1762240164746724,4.0,1.0003927550604772,1.4,0.0500713947699106,0.4502871098172178,2.2834282490515108,5.0,1.0,0.2616207800928792,1.0,5.0,0.0,0.5657098112655179,1818,65448,18,0.2,0.0,0.4319011683163457,0.0001707991961562,-0.0013332167559383,0.016269464817455,0.0420407531742924
P,S2,24,5,49.549270819369895,0.1762593432369338,4.0,1.0003927550604772,1.4,0.0498903372141493,0.4507291806301055,2.2833120654330443,5.0,1.0,0.2619322827581435,1.4000000000000004,5.0,0.0,0.563553282699383,657,23652,18,1.0,0.0,0.4954166831681721,5.22054635412883e-06,-0.0002133820882548,0.0053358074876754,0.0121515480153931
B0,S3,24,5,49.065613232182116,0.4531547705448934,4.0,1.9338898704416405,7.0,0.07396767379343068,0.5882852693923724,5.481536310904408,5.0,0.0,0.4022673903376018,15.0,0.0,0.0,0.0,0,0,0,0.0,0.0,0.23959828712856443,0.0,0.0,0.0,0.0
B1,S3,24,5,49.52115900378232,0.18480872310872706,0.0,1.0003927550604772,1.4000000000000001,0.06011059966318416,0.47679989771717146,2.0190623461045805,4.0,1.0,0.2934110627550569,0.20000000000000018,0.0,0.0,0.0,18180,654480,180,1.6,0.0,0.4319515247507387,-0.003401604779125128,-0.0019529626465484284,0.019253762085291726,0.06795611500577578
B2,S3,24,5,49.51578491707284,0.18533402657250828,0.0,1.0003927550604772,1.4000000000000001,0.0489216198132178,0.4805850306318149,1.9577366448962612,5.0,1.0,0.2840271766939408,0.20000000000000018,0.0,0.0,0.0,1818,65448,18,1.6,0.0,0.4110982277230541,0.001052326309233076,0.0004901541293946821,0.011990784339872107,0.02734334347430404
B3,S3,24,5,49.51794187583996,0.18364618922538745,0.0,1.0003927550604772,1.4000000000000001,0.04898138394347543,0.47896717371105524,2.01057262132897,5.0,1.0,0.28069248823256415,0.20000000000000018,0.0,0.0,0.0,1818,65448,18,1.6,0.25742574257425743,0.37757222771958393,8.023447369323589e-05,0.000168646380373616,0.0035161099086309378,0.007230051691769287
B4,S3,24,5,49.51936769663691,0.18472470773897265,0.20000000000000018,1.0003927550604772,1.4000000000000001,0.04898954396023798,0.4779023186468052,2.1651602331260817,5.0,1.0,0.2780691381351022,0.0,0.0,0.0,-0.004058478507233287,1818,65448,18,1.6,0.25742574257425743,0.4571950099029936,9.731893364534061e-05,0.00022952421059591055,0.0034444413768852655,0.008262860175065608
B5,S3,24,5,49.51937499621475,0.18473163982257257,0.20000000000000018,1.0003927550604772,1.4000000000000001,0.04896120991440829,0.47789685676869453,2.165184272050364,5.0,1.0,0.27805940999846207,0.20000000000000018,0.0,0.0,0.0,1818,65448,18,1.6,0.25742574257425743,0.5853789603942559,9.447497888526168e-05,0.0002294971411558322,0.0034412299076365116,0.008261537970217602
P,S3,24,5,49.51986798631892,0.18480245773869855,0.20000000000000018,1.0003927550604772,1.4000000000000001,0.04919218563936125,0.4775089173547826,2.175329792035286,5.0,1.0,0.2777929914577539,0.6000000000000005,0.0,0.0,0.0,602,21672,18,1.6,0.297029702970297,0.5215779900990497,0.0004657782948715439,0.001181120033315608,0.015190810638003427,0.0356945360450041
B0,S4,24,5,49.06561323218212,0.4531547705448934,4.0,1.9338898704416403,7.0,0.0739676737934306,0.5882852693923724,5.481536310904408,5.0,0.0,0.3989340570042684,0.0,0.0,0.0,0.0,0,0,0,0.0,0.0,0.2637920792048954,0.0,0.0,0.0,0.0
B1,S4,24,5,49.51806122485415,0.1890484569556909,0.0,1.0003927550604772,1.4,0.0606938418064062,0.4791687394381938,2.086539700787749,5.0,1.0,0.2918549779664613,0.0,0.0,0.0,0.0,14080,506880,180,1.6,0.0,0.4023635247534966,0.0004266768083093,0.0001922378137919,0.0042698310338451,0.0102251452787896
B2,S4,24,5,49.51641127227303,0.1841836258268684,0.0,1.0003927550604772,1.4,0.0489602019338522,0.4801755822725155,1.9312804825207848,5.0,1.0,0.2807317521140743,0.0,0.0,0.0,0.0,1408,50688,18,1.6,0.0,0.4044751683140209,-9.7389677030435e-05,8.285235629301724e-05,0.0025423836866025,0.0085654362117125
B3,S4,24,5,49.51799624236295,0.1835534285900429,0.0,1.0003927550605,1.4,0.049003052873955,0.4789594008484101,2.006094725527143,5.0,1.0,0.2774965558561439,0.0,0.0,0.0,0.0,1408,50688,18,1.6,0.3267326732673267,0.3998600297005522,3.839965911664467e-05,0.0002653055133876,0.0037797795518912,0.0114465562199612
B4,S4,24,5,49.51974634453082,0.1845121952372077,0.2000000000000001,1.0003927550605,1.4,0.0490600075335275,0.4776584698479666,2.1616342352641933,5.0,1.0,0.2751143196445164,0.0,0.0,0.0,-0.0128448356195217,1408,50688,18,1.6,0.3267326732673267,0.4461003069298043,-5.7417750552485325e-05,0.0001147432432517,0.0024323093977471,0.0049642566015044
B5,S4,24,5,49.51975352157644,0.1845060662545551,0.2000000000000001,1.0003927550605,1.4,0.0490274258239023,0.4776530996552282,2.161272526525413,5.0,1.0,0.2751048001865236,0.0,0.0,0.0,0.0,1408,50688,18,1.6,0.3267326732673267,0.4729761782199251,-7.500429262044528e-05,0.0001148078588073,0.0024299746609628,0.0054121518997767
P,S4,24,5,49.52060498131383,0.1844040342348539,0.2000000000000001,1.0003927550608287,1.4,0.0491921453697339,0.4769676056713905,2.169410303624302,5.0,1.0,0.2745550535270949,0.0,0.0,0.0,0.0,487,17532,18,1.6,0.4059405940594059,0.407640970299308,8.959214066295296e-05,0.0006846439385199,0.0140803232934629,0.0303118728291757
B0,S5,24,5,49.06561323218212,0.4531547705448934,4.0,1.9338898704416403,7.0,0.0739676737934306,0.5882852693923724,5.481536310904408,5.0,0.0,0.3989340570042684,15.0,0.0,0.0,0.0,0,0,0,0.0,0.0,0.2334014653471139,0.0,0.0,0.0,0.0
B1,S5,24,5,49.51154799191733,0.1992197054208417,0.0,1.0003927550604772,1.4,0.0614314272027861,0.4842202147213044,2.261460861523521,5.0,1.0,0.294742235490126,15.0,0.0,0.0,0.0,18180,654480,180,0.2,0.0,0.3752257821766347,0.0105979252734601,0.0052437130969025,0.0516635730160999,0.191576346988225
B2,S5,24,5,48.98024792100867,0.4613377754730297,0.0,1.0003927550604772,1.4,0.0561166330225694,0.5813754134643006,5.116151335588765,5.0,0.0,0.3867890357983592,15.0,0.0,0.0,0.0,1818,65448,18,0.2,0.0,0.4292701386124337,0.2770567599691309,0.101282683548078,1.0161493082597983,3.185765943819204
B3,S5,24,5,49.51592608475823,0.1847419591978079,0.0,1.0003927550604772,1.4,0.0487541935659836,0.4804802943373119,2.0135646232559328,5.0,1.0,0.2783978499893067,15.0,0.0,0.0,0.0,1818,65448,18,0.2,0.0,0.3786695346531301,0.0012269302668816,0.0017861990022893,0.0396440591001407,0.0817355681066686
B4,S5,24,5,49.516941680125065,0.1855744449601252,0.2000000000000001,1.0003927550604772,1.4,0.0485657582113958,0.4797107092589954,2.162088883663029,5.0,1.0,0.2756958295170126,0.0,0.0,0.0,-0.0040585327055978,1818,65448,18,0.2,0.0,0.414163683167812,0.001004831972365,0.0021669826542805,0.0416090966977193,0.0852761693386277
B5,S5,24,5,49.51987130011881,0.1845364265362996,0.2000000000000001,1.0003927550604772,1.4,0.0491195552996471,0.4775225655469199,2.164826955135302,5.0,1.0,0.2745623913699447,0.2000000000000001,6.0,0.0,0.6948817254422563,1818,65448,18,0.2,0.0,0.449193643564988,-4.4644010875921625e-05,-1.5726249500858103e-05,0.0031171433179935,0.0073537999707809
P,S5,24,5,49.52026839825908,0.1846509615042573,0.2000000000000001,1.0003927550604772,1.4,0.0493266571281866,0.4772186055771215,2.174828516393071,5.0,1.0,0.2742245216426754,0.6000000000000005,6.0,0.0,0.6781047466974479,611,21996,18,1.0,0.0,0.4241657326731163,0.0003365194100663,0.0009356438442509,0.0132042508623158,0.0325537524573277
B0,S6,24,5,49.11678786974664,0.4310175357114717,0.0,1.9338898704416403,7.0,0.0741792007804779,0.5623419323824166,5.215336789611479,5.0,0.0,0.3856027946754292,16.0,0.0,0.0,0.0,0,0,0,0.0,0.0,0.2487046633699954,0.0,0.0,0.0,0.0
B1,S6,24,5,49.54604468435007,0.1770031097860629,0.0,1.0003927550604772,1.4,0.0619643338934881,0.4539553156499281,1.9899985526034671,4.199999999999999,1.0,0.278998427427527,16.0,0.0,0.0,0.0,18180,654480,180,0.2,0.0,0.4121603366353282,0.0001182079578532,0.0001787630970895,0.0078284137834003,0.012910242193417
B2,S6,24,5,49.54642441430888,0.166494563121373,0.0,1.0003927550604772,1.4,0.0489164265991279,0.4535755856911194,1.7667771243147654,3.6000000000000014,1.0,0.2639058411240391,16.0,0.0,0.0,0.0,1818,65448,18,0.2,0.0,0.3897632673260436,-0.0023357705213951,-0.0016618787778952,0.0431968964698867,0.1352117294496373
B3,S6,24,5,49.54860596577573,0.1736383351030017,4.0,1.0003927550604772,1.4,0.050092765734947,0.4513940342242719,2.1607086757106018,5.0,1.0,0.2628771260560713,16.0,0.0,0.0,0.0,1818,65448,18,0.2,0.0,0.4147409009861029,0.0006162105952887,-0.0012509191113849,0.0204483160467745,0.066630000363262
B4,S6,24,5,49.549260930108645,0.176673679349165,4.0,1.0003927550604772,1.4,0.0499529406289699,0.4507390698913553,2.296945033252662,5.0,1.0,0.2610555126585815,0.0,0.0,0.0,-0.0054345553736431,1818,65448,18,0.2,0.0,0.4488235841599456,0.0004341978807591,-0.0007895789220526,0.0119078135173822,0.0394245513907549
B5,S6,24,5,49.54916872127535,0.1764902282723312,4.0,1.0003927550604772,1.4,0.0498667357314513,0.4508312787246495,2.2880993763438653,5.0,1.0,0.2611872883719718,16.0,0.0,0.0,0.0,1818,65448,18,0.2,0.0,0.4339017821774465,0.000437010993815,-0.0007890478485066,0.0120044859139838,0.0396980267748737
P,S6,24,5,49.54947454199642,0.1763994163958219,4.0,1.0003927550604772,1.4,0.0499581538255441,0.4505254580035824,2.287124566579564,5.0,1.0,0.2619051921571342,16.0,0.0,0.0,0.0,576,20736,18,1.0,0.0,0.4145499901013783,0.0001452937052421,-0.0004171047147778,0.0064728478222164,0.0208354566492126
B0,S7,24,5,49.11678786974664,0.4310175357114717,0.0,1.9338898704416403,7.0,0.0741792007804779,0.5623419323824166,5.215336789611479,5.0,0.0,0.3856027946754292,16.0,0.0,0.0,0.0,0,0,0,0.0,0.0,0.3127743960402146,0.0,0.0,0.0,0.0
B1,S7,24,5,48.84693180033751,0.5488207199239757,0.0,1.0003927550604772,1.4,0.079834982670192,0.6386067428434572,6.592413786188476,5.0,0.0,0.4920409920608649,16.0,0.0,0.0,0.0,18180,654480,180,0.2,0.0,0.4351726732706858,0.371935818095766,0.1848301902906186,1.176126006432746,4.6054188608653766
B2,S7,24,5,48.83678882390505,0.5488665651542362,0.0,1.0003927550604772,1.4,0.0752320621417839,0.6386067428434572,6.532583598732984,5.0,0.0,0.4913961260113,16.0,0.0,0.0,0.0,1818,65448,18,0.2,0.0,0.3835681584202782,0.380036231511468,0.1833692783744425,1.1876774429482635,4.822340079329638
B3,S7,24,5,48.83678882390505,0.5415132809442523,4.0,1.0003927550604772,1.4,0.0759651195019271,0.6386067428434572,6.372586767707787,5.0,0.0,0.4736037658593694,16.0,0.0,0.0,0.0,1818,65448,18,0.2,0.0,0.4005167920785434,0.3684911564365393,0.1859617895078003,1.3846687592564422,4.923949685159217
B4,S7,24,5,49.41188695337213,0.2799714975091523,4.0,1.0003927550604772,1.4,0.0574706920939206,0.4835167408406207,3.643084223961398,5.0,0.0,0.3513171526613851,0.0,5.0,0.0,0.7408070359497652,1818,65448,18,0.2,0.0,0.4447899108896254,0.1037320160407463,0.0319880920272126,0.6377940866804295,2.1659421551023383
B5,S7,24,5,48.83678882390505,0.5416306645851939,4.0,1.0003927550604772,1.4,0.0763793623349105,0.6386067428434572,6.438365108838355,5.0,0.0,0.4743447782039633,3.0,0.0,0.0,0.0020919466669349,1818,65448,18,0.2,0.0,0.4570686336646218,0.3655774473066778,0.186986416270301,1.403324415788077,4.985413304678014
P,S7,24,5,48.83678882390505,0.5385268232466706,4.0,1.0003927550604772,1.4,0.0727035287789049,0.6386067428434572,6.278060059759413,5.0,0.0,0.4421939603579407,16.0,0.0,0.0,0.0,1219,43884,18,1.0,0.0,0.4362686336613064,0.3622727005560908,0.1876641801250969,1.4135619578461345,4.680946207713216
B0,S0,25,5,49.06561323218212,0.4531547705448934,4.0,1.9338898704416403,7.0,0.0739676737934306,0.5882852693923724,5.481536310904408,5.0,0.0,0.4022673903376018,0.0,0.0,0.0,0.0,0,0,0,0.0,0.0,0.2370621782169524,0.0,0.0,0.0,0.0
B1,S0,25,5,49.51856019060926,0.1883140002309283,0.0,1.0003927550604772,1.4,0.0600764027187197,0.4787886527347282,2.074674415707394,4.199999999999999,1.0,0.2937881092685701,0.0,0.0,0.0,0.0,18180,654480,180,0.2,0.0,0.3834226831668725,0.0,0.0,0.0,0.0
B2,S0,25,5,49.5163772779414,0.1842766315478942,0.0,1.0003927550604772,1.4,0.0488995381045493,0.480124163313576,1.9313109064169305,5.0,1.0,0.2838347516484202,0.0,0.0,0.0,0.0,1818,65448,18,0.2,0.0,0.3907680198014108,0.0,0.0,0.0,0.0
B3,S0,25,5,49.51833565725613,0.1834602858020891,0.0,1.0003927550604772,1.4,0.0490083738884203,0.478659754282404,2.00606795899976,5.0,1.0,0.280640141269304,0.0,0.0,0.0,0.0,1818,65448,18,0.2,0.0,0.4326690693034996,0.0,0.0,0.0,0.0
B4,S0,25,5,49.51977746709344,0.1844620689443667,0.2000000000000001,1.0003927550604772,1.4,0.0490093383316772,0.4775636178135514,2.1576995545972504,5.0,1.0,0.2781831589724244,0.0,0.0,0.0,-0.0131467195721955,1818,65448,18,0.2,0.0,0.4363845643575308,0.0,0.0,0.0,0.0
B5,S0,25,5,49.51975083310736,0.1844520883914237,0.2000000000000001,1.0003927550604772,1.4,0.0489654931758659,0.4775835465804903,2.155858133566088,5.0,1.0,0.2782139034236879,0.0,0.0,0.0,0.0,1818,65448,18,0.2,0.0,0.4162219009924571,0.0,0.0,0.0,0.0
P,S0,25,5,49.51906743201665,0.1848873893645453,0.2000000000000001,1.0003927550604772,1.4,0.0489080340537413,0.4781040506786311,2.1634027790443797,5.0,1.0,0.2783327124635439,0.0,0.0,0.0,0.0,594,21384,18,1.0,0.0,0.4086330297045291,0.0,0.0,0.0,0.0
B0,S1,25,5,49.06561323218212,0.4531547705448934,4.0,1.9338898704416403,7.0,0.0739676737934306,0.5882852693923724,5.481536310904408,5.0,0.0,0.3989340570042684,15.0,0.0,0.0,0.0,0,0,0,0.0,0.0,0.229813841587661,0.0,0.0,0.0,0.0
B1,S1,25,5,49.522062153779714,0.1836580788471077,0.0,1.0003927550604772,1.4,0.0584312659335387,0.4761056433644199,1.9960965031217264,4.0,1.0,0.285869663939406,15.0,0.0,0.0,0.0,18180,654480,180,0.2,0.0,0.400580663365575,-0.0050677075639493,-0.0029066506309902,0.0284911730038217,0.1093065721733857
B2,S1,25,5,49.53581006309707,0.1795720129565458,0.0,1.0003927550604772,1.4,0.0541977899789522,0.4641899369029332,1.9367492972735296,5.0,1.0,0.26948995545681,15.0,0.0,0.0,0.0,1818,65448,18,0.2,0.0,0.3756228910887249,-0.0047050596170772,-0.01593525016672,0.3380666652489381,0.7007485279024995
B3,S1,25,5,49.519915539665,0.1829239010002051,0.0,1.0003927550604772,1.4,0.0492183504321188,0.4774776263821749,2.009858816242426,5.0,1.0,0.2764451262961381,15.0,0.0,0.0,0.0,1818,65448,18,0.2,0.0,0.3950314059405326,-0.0005701178200782,-0.0012524797277535,0.0228102479399154,0.0474713205773667
B4,S1,25,5,49.52207509028008,0.1838153191636327,0.2000000000000001,1.0003927550604772,1.4,0.0496346329446583,0.4758442614089233,2.1592327279357124,5.0,1.0,0.274020270771445,0.0,0.0,0.0,0.0177296299225452,1818,65448,18,0.2,0.0,0.4194531881226019,-0.0006457934473355,-0.0017172630851973,0.0247567468072915,0.0569854726445704
B5,S1,25,5,49.51993735213591,0.1844863468313012,0.2000000000000001,1.0003927550604772,1.4,0.0490419346211582,0.4774581272543159,2.158232472102836,5.0,1.0,0.2747552281965618,0.2000000000000001,9.0,0.0,0.6364555270291192,1818,65448,18,0.2,0.0,0.4321298019796345,3.519521459616204e-05,-0.0001233260031767,0.0046543796651405,0.0075581999533966
P,S1,25,5,49.520450922875774,0.1844360303887276,0.2000000000000001,1.0003927550604772,1.4,0.0492691596283321,0.4770719597480948,2.1633415541065792,5.0,1.0,0.2746491563153418,0.4000000000000003,9.0,0.0,0.6307746628706088,616,22176,18,1.0,0.0,0.4317204455462458,-0.0002010895414981,-0.0006310725162919,0.0096093116983979,0.0209019429238423
B0,S2,25,5,49.11678786974664,0.4310175357114717,0.0,1.9338898704416403,7.0,0.0741792007804779,0.5623419323824166,5.215336789611479,5.0,0.0,0.3856027946754292,16.0,0.0,0.0,0.0,0,0,0,0.0,0.0,0.2583046435655987,0.0,0.0,0.0,0.0
B1,S2,25,5,49.54852625590606,0.1716659829684742,0.0,1.0003927550604772,1.4,0.061887360390443,0.4514737440939385,1.914029210682353,4.0,1.0,0.2795850243399165,16.0,0.0,0.0,0.0,18180,654480,180,0.2,0.0,0.3999100099013004,-0.0053133969850509,-0.0023386008299368,0.0324176676299288,0.1163725035165583
B2,S2,25,5,49.55786750542639,0.1670891513100581,0.0,1.0003927550604772,1.4,0.0522455521371102,0.4421324945736131,1.8393588379190344,5.0,1.0,0.2642489455852601,16.0,0.0,0.0,0.0,1818,65448,18,0.2,0.0,0.3986387227726455,-0.0016892703616849,-0.013241311797806,0.2836857145075413,0.5958931118680311
B3,S2,25,5,49.55185324923156,0.1730264618520321,4.0,1.0003927550604772,1.4,0.0510822749675742,0.4481467507684442,2.1571214914839314,5.0,1.0,0.2630666014682246,16.0,0.0,0.0,0.0,1818,65448,18,0.2,0.0,0.4169301485147809,-2.972194488629065e-05,-0.0044802285593945,0.0587574778166555,0.1422527513244375
B4,S2,25,5,49.55323205696993,0.1759093998870864,4.0,1.0003927550604772,1.4,0.0510562586959608,0.4467679430300677,2.2892775283855293,5.0,1.0,0.2610924985766931,0.0,0.0,0.0,0.0215571275327498,1818,65448,18,0.2,0.0,0.4334773564389054,-0.0001125159129253,-0.0047329491881669,0.0527567424127823,0.1383023341295455
B5,S2,25,5,49.54961234915899,0.176326934682468,4.0,1.0003927550604772,1.4,0.0500462718126341,0.4503876508410087,2.278417197245549,5.0,1.0,0.261861573394616,1.2000000000000002,5.0,0.0,0.5601155525565003,1818,65448,18,0.2,0.0,0.4376388910894111,0.0005901560520043,-0.0012507938074293,0.0230116542576368,0.0533406846277777
P,S2,25,5,49.54987812065619,0.1766154126280032,4.0,1.0003927550604772,1.4,0.0500452425730403,0.4501218793438113,2.294257645457314,5.0,1.0,0.2612558438601461,4.800000000000001,5.0,0.0,0.5396543070739293,682,24552,18,1.0,0.0,0.4820458316812214,-3.2276176463647e-05,-0.0003090395967078,0.0022120846490594,0.0041398750952893
B0,S3,25,5,49.065613232182116,0.4531547705448934,4.0,1.9338898704416405,7.0,0.07396767379343068,0.5882852693923724,5.481536310904408,5.0,0.0,0.4022673903376018,15.0,0.0,0.0,0.0,0,0,0,0.0,0.0,0.23366556435558047,0.0,0.0,0.0,0.0
B1,S3,25,5,49.51633082315971,0.19154406493695628,0.0,1.0003927550604772,1.4000000000000001,0.06037071383403958,0.4804968634564588,2.127990171832199,5.0,1.0,0.29471799674056404,0.20000000000000018,0.0,0.0,0.0,18180,654480,180,1.6,0.0,0.39619550494931577,0.003230064706027963,0.0017082107217306075,0.01711321776503638,0.06050850211655287
B2,S3,25,5,49.5166605377252,0.183901962127962,0.0,1.0003927550604772,1.4000000000000001,0.048936070741250524,0.47989864380548397,1.921708296116679,5.0,1.0,0.283781487792158,0.20000000000000018,0.0,0.0,0.0,1818,65448,18,1.6,0.0,0.37263258415652384,-0.00037466941993219427,-0.00022551950809202026,0.0044730130402115265,0.009916486772603147
B3,S3,25,5,49.518612437128034,0.183370774878125,0.0,1.0003927550604772,1.4000000000000001,0.049042985892835775,0.47845265388593816,2.0074868895791376,5.0,1.0,0.2804475209266241,0.20000000000000018,0.0,0.0,0.0,1818,65448,18,1.6,0.25742574257425743,0.39508968316878584,-8.951092396408677e-05,-0.00020710039646582024,0.004298092627038841,0.008826557065502524
B4,S3,25,5,49.51995965346614,0.1844024732796953,0.20000000000000018,1.0003927550604772,1.4000000000000001,0.04904652101851532,0.47742730595592775,2.1578176210754445,5.0,1.0,0.27812775463891665,0.0,0.0,0.0,0.017729625397254756,1818,65448,18,1.6,0.25742574257425743,0.48605457426098236,-5.9595664671396875e-05,-0.00013631185762363884,0.002020113666389989,0.00466580681598998
B5,S3,25,5,49.519932867119905,0.18439392634502255,0.20000000000000018,1.0003927550604772,1.4000000000000001,0.04900395659636844,0.47744734872570405,2.155974998472698,5.0,1.0,0.2781586649643351,0.20000000000000018,0.0,0.0,0.0,1818,65448,18,1.6,0.25742574257425743,0.4488229603996635,-5.816204640116118e-05,-0.00013619785478624635,0.0020219045216904874,0.004672886231892192
P,S3,25,5,49.52077881337144,0.1843176223049952,0.20000000000000018,1.0003927550604772,1.4000000000000001,0.04934427838849454,0.4768610378552296,2.163510043537022,5.0,1.0,0.27772498615504465,0.40000000000000036,0.0,0.0,0.0,581,20916,18,1.6,0.297029702970297,0.40144919802343687,-0.0005697670595500859,-0.0012430128234015014,0.016240405215334874,0.04098233870677389
B0,S4,25,5,49.06561323218212,0.4531547705448934,4.0,1.9338898704416403,7.0,0.0739676737934306,0.5882852693923724,5.481536310904408,5.0,0.0,0.3989340570042684,0.0,0.0,0.0,0.0,0,0,0,0.0,0.0,0.2333726633653418,0.0,0.0,0.0,0.0
B1,S4,25,5,49.51908099815798,0.1876330781901742,0.0,1.0003927550604772,1.4,0.060296247133847,0.4783880254053585,2.064971711680694,4.199999999999999,1.0,0.2907147803615154,0.0,0.0,0.0,0.0,14070,506520,180,1.6,0.0,0.3856840000012333,-0.0010927082208829,-0.0006242685900517,0.0059850297460855,0.0227884123444418
B2,S4,25,5,49.51581595187139,0.1850677796002997,0.0,1.0003927550604772,1.4,0.0489827274797405,0.4804945255127464,1.9566190089755109,5.0,1.0,0.2813366962994147,0.0,0.0,0.0,0.0,1407,50652,18,1.6,0.0,0.3971521386129008,0.0007907070266766,0.0003693384430931,0.0096116064533475,0.0253462327821537
B3,S4,25,5,49.51774615835751,0.183630824752158,0.0,1.0003927550605,1.4,0.0489948560152563,0.4790487858268193,2.0043079719786063,5.0,1.0,0.2778012577333129,0.0,0.0,0.0,0.0,1407,50652,18,1.6,0.297029702970297,0.396470287130184,0.0001368059318746,0.0003186797168908,0.0040819694247886,0.011279619066795
B4,S4,25,5,49.51918742755112,0.1845746991388245,0.2000000000000001,1.0003927550605,1.4,0.0489386138101584,0.4779718245031432,2.155158534369644,5.0,1.0,0.2752665522740151,0.0,0.0,0.0,-0.0128736951913603,1407,50652,18,1.6,0.297029702970297,0.4652674554446355,0.0001135865278562,0.0004103000090225,0.004145802438586,0.0114046255146988
B5,S4,25,5,49.519159974339736,0.184556791499173,0.2000000000000001,1.0003927550605,1.4,0.0488962391107441,0.4779923662469016,2.153167883351484,5.0,1.0,0.2752978272408804,0.0,0.0,0.0,0.0,1407,50652,18,1.6,0.297029702970297,0.4521801584175618,0.0001056398824679,0.0004109129894089,0.0044060665383227,0.0117098671787516
P,S4,25,5,49.51974847134361,0.1846020894497475,0.2000000000000001,1.0003927550608287,1.4,0.0490925457886492,0.4776624743607058,2.163745569807009,5.0,1.0,0.2748788835891948,0.0,0.0,0.0,0.0,464,16704,18,1.6,0.4059405940594059,0.4277599009898526,-3.5030480478231985e-05,-4.0557903680849e-05,0.0026080668101258,0.0080050802046955
B0,S5,25,5,49.06561323218212,0.4531547705448934,4.0,1.9338898704416403,7.0,0.0739676737934306,0.5882852693923724,5.481536310904408,5.0,0.0,0.3989340570042684,15.0,0.0,0.0,0.0,0,0,0,0.0,0.0,0.2352260495073177,0.0,0.0,0.0,0.0
B1,S5,25,5,49.51203808671747,0.1991196498147424,0.0,1.0003927550604772,1.4,0.061526684759892,0.4837782421581593,2.261885944655468,5.0,1.0,0.2945283648968568,15.0,0.0,0.0,0.0,18180,654480,180,0.2,0.0,0.3738064851499039,0.0103938634036852,0.0047659481627491,0.0514132623190946,0.1882288500036828
B2,S5,25,5,48.981005679091474,0.4611355456134546,0.0,1.0003927550604772,1.4,0.0561836866260637,0.5812630050824197,5.114744409066102,5.0,0.0,0.3863927642214432,15.0,0.0,0.0,0.0,1818,65448,18,0.2,0.0,0.4795325049545312,0.2768584730398314,0.1011378180127664,1.016090244319663,3.1834283953245723
B3,S5,25,5,49.515795409912094,0.1847960148727722,0.0,1.0003927550604772,1.4,0.0486588967978981,0.4806088580176677,2.010644623213218,5.0,1.0,0.2781173068958966,15.0,0.0,0.0,0.0,1818,65448,18,0.2,0.0,0.3807593267344717,0.0013019960524888,0.0018787519077392,0.0390529569708704,0.0803639177254261
B4,S5,25,5,49.51651133887299,0.1857273697596878,0.2000000000000001,1.0003927550604772,1.4,0.0484369138900667,0.4800088645833895,2.156107123738124,5.0,1.0,0.2757622351802626,0.0,0.0,0.0,0.0177297827968655,1818,65448,18,0.2,0.0,0.424496099009894,0.0012662571487195,0.0024473400892688,0.050127054062365,0.1004845143837975
B5,S5,25,5,49.51993735213591,0.1844863468313012,0.2000000000000001,1.0003927550604772,1.4,0.0490419346211582,0.4774581272543159,2.158232472102836,5.0,1.0,0.2747552281965618,0.2000000000000001,6.0,0.0,0.6971753740260664,1818,65448,18,0.2,0.0,0.4012527029718143,3.519521459616204e-05,-0.0001233260031767,0.0046543796651405,0.0075581999533966
P,S5,25,5,49.520450922875774,0.1844360303887276,0.2000000000000001,1.0003927550604772,1.4,0.0492691596283321,0.4770719597480948,2.1633415541065792,5.0,1.0,0.2746491563153418,0.4000000000000003,6.0,0.0,0.692631632773242,628,22608,18,1.0,0.0,0.4362956039612711,-0.0002010895414981,-0.0006310725162919,0.0096093116983979,0.0209019429238423
B0,S6,25,5,49.11678786974664,0.4310175357114717,0.0,1.9338898704416403,7.0,0.0741792007804779,0.5623419323824166,5.215336789611479,5.0,0.0,0.3856027946754292,16.0,0.0,0.0,0.0,0,0,0,0.0,0.0,0.2556182673225242,0.0,0.0,0.0,0.0
B1,S6,25,5,49.54600211692579,0.1771213170630419,0.0,1.0003927550604772,1.4,0.0619593978415465,0.4539978830742086,1.993765605379716,4.199999999999999,1.0,0.2792366459419363,16.0,0.0,0.0,0.0,18180,654480,180,0.2,0.0,0.4200998316831612,0.0001419371095166,0.0001855381503332,0.007099157778839,0.012161258208637
B2,S6,25,5,49.54650661676889,0.1664669969150074,0.0,1.0003927550604772,1.4,0.0488840424839902,0.4534933832311125,1.7599459044123178,3.6000000000000014,1.0,0.2641150870926385,16.0,0.0,0.0,0.0,1818,65448,18,0.2,0.0,0.380388445546937,-0.0023114247567356,-0.0018804231403066,0.0428756630806503,0.1324803204222945
B3,S6,25,5,49.5485255218418,0.1736750185199936,4.0,1.0003927550604772,1.4,0.0500801445335677,0.4514744781581967,2.160335228639084,5.0,1.0,0.262776030288855,16.0,0.0,0.0,0.0,1818,65448,18,0.2,0.0,0.3944155940612606,0.0006188347230751,-0.001152501169642,0.0204244851026373,0.0637070798505618
B4,S6,25,5,49.54898081073974,0.1764631505112705,4.0,1.0003927550604772,1.4,0.049834042914219,0.4510191892602577,2.286554353719448,5.0,1.0,0.2613494180452578,0.0,0.0,0.0,0.0215579059693517,1818,65448,18,0.2,0.0,0.4445050594047571,0.0004412347112587,-0.0004817029579768,0.0113119722779728,0.0313851282778365
B5,S6,25,5,49.54884123974042,0.176170566286136,4.0,1.0003927550604772,1.4,0.0497058679114608,0.451158760259581,2.2738558282181804,5.0,1.0,0.2615496284681382,16.0,0.0,0.0,0.0,1818,65448,18,0.2,0.0,0.427722623760136,0.0004337876556723,-0.000479684388857,0.0112897472978374,0.0314684829705633
P,S6,25,5,49.549479412679,0.1764994267148417,4.0,1.0003927550604772,1.4,0.0498679150200855,0.4505205873210016,2.290238820503407,5.0,1.0,0.261185516171715,16.0,0.0,0.0,0.0,622,22392,18,1.0,0.0,0.4132338712864085,-0.0001482620896251,8.966838048252157e-05,0.0072630393217281,0.0129158786436022
B0,S7,25,5,49.11678786974664,0.4310175357114717,0.0,1.9338898704416403,7.0,0.0741792007804779,0.5623419323824166,5.215336789611479,5.0,0.0,0.3856027946754292,16.0,0.0,0.0,0.0,0,0,0,0.0,0.0,0.2573552376248915,0.0,0.0,0.0,0.0
B1,S7,25,5,48.83754521646868,0.5496763074237822,0.0,1.0003927550604772,1.4,0.0789381143659758,0.6386067428434572,6.607614138989922,5.0,0.0,0.4942756126920491,16.0,0.0,0.0,0.0,18180,654480,180,0.2,0.0,0.3982117128714998,0.3726969274702569,0.1847943979195818,1.1865454884719568,4.617916785054182
B2,S7,25,5,48.83678882390505,0.5489392512415299,0.0,1.0003927550604772,1.4,0.075096944902681,0.6386067428434572,6.531579580329581,5.0,0.0,0.4914833352253778,16.0,0.0,0.0,0.0,1818,65448,18,0.2,0.0,0.3828011485128096,0.3801608295697868,0.1832329364720379,1.1886038925904074,4.824848911000322
B3,S7,25,5,48.83678882390505,0.5443435565130983,4.0,1.0003927550604772,1.4,0.0742097747549641,0.6386067428434572,6.479469098378988,5.0,0.0,0.4853182956986017,16.0,0.0,0.0,0.0,1818,65448,18,0.2,0.0,0.3896179702975799,0.3712873727161798,0.1859797635156184,1.3834049895816491,5.050659759878547
B4,S7,25,5,48.96929224527615,0.4929757449726996,4.0,1.0003927550604772,1.4,0.0758131605400128,0.6182346473923985,6.01468279258135,5.0,0.0,0.4527532428731053,0.0,5.0,0.2792079207920792,0.3616753984057815,1818,65448,18,0.2,0.0,0.4506561881183611,0.3169538291726879,0.1667337551741639,1.1781445481132238,4.585433456126927
B5,S7,25,5,48.83678882390505,0.5444837338687748,4.0,1.0003927550604772,1.4,0.0746589829866547,0.6386067428434572,6.5420021079545725,5.0,0.0,0.4866527017332724,3.0,0.0,0.0,0.0043223983465627,1818,65448,18,0.2,0.0,0.5317755742565862,0.3687469552383111,0.1869682981950191,1.401102818186324,5.1163765291873045
P,S7,25,5,48.83678882390505,0.5389126422059084,4.0,1.0003927550604772,1.4,0.0720550371481561,0.6386067428434572,6.307621181167236,5.0,0.0,0.4530799354948414,16.0,0.0,0.0,0.0,1259,45324,18,1.0,0.0,0.4295383762360186,0.3622649534014415,0.188175823902938,1.4218688999078637,4.757246240232738
B0,S0,26,5,49.06561323218212,0.4531547705448934,4.0,1.9338898704416403,7.0,0.0739676737934306,0.5882852693923724,5.481536310904408,5.0,0.0,0.4022673903376018,0.0,0.0,0.0,0.0,0,0,0,0.0,0.0,0.2317907524769961,0.0,0.0,0.0,0.0
B1,S0,26,5,49.51855992892296,0.1882550505505021,0.0,1.0003927550604772,1.4,0.0600694074156256,0.4787884238180524,2.073586648759912,4.199999999999999,1.0,0.2937814183367643,0.0,0.0,0.0,0.0,18180,654480,180,0.2,0.0,0.3627128415804564,0.0,0.0,0.0,0.0
B2,S0,26,5,49.51646861684152,0.1842068635136543,0.0,1.0003927550604772,1.4,0.0489315894773274,0.4801145768766943,1.9322840860695136,5.0,1.0,0.2841620396302733,0.0,0.0,0.0,0.0,1818,65448,18,0.2,0.0,0.3708167623744434,0.0,0.0,0.0,0.0
B3,S0,26,5,49.51826180327584,0.1835232127723829,0.0,1.0003927550604772,1.4,0.0489569524566889,0.4787627968879704,2.010333301191196,5.0,1.0,0.2805440392881991,0.0,0.0,0.0,0.0,1818,65448,18,0.2,0.0,0.3767069207953844,0.0,0.0,0.0,0.0
B4,S0,26,5,49.51863744237975,0.18377284636628,0.0,1.0003927550604772,1.4,0.048874389886948,0.4784852449003551,2.0654983501501523,5.0,1.0,0.2800265599089945,0.0,0.0,0.0,-0.0131794754574632,1818,65448,18,0.2,0.0,0.4027542079189282,0.0,0.0,0.0,0.0
B5,S0,26,5,49.51870772249399,0.1837895564070467,0.0,1.0003927550604772,1.4,0.0488410354860702,0.4784326581034364,2.0701373450001923,5.0,1.0,0.2799046486922957,0.0,0.0,0.0,0.0,1818,65448,18,0.2,0.0,0.4356403465313669,0.0,0.0,0.0,0.0
P,S0,26,5,49.51846184528814,0.1838436369252427,0.0,1.0003927550604772,1.4,0.0488029505491257,0.4786218114538982,2.0642658886775616,5.0,1.0,0.2801102742174683,0.0,0.0,0.0,0.0,582,20952,18,1.0,0.0,0.4873056732637028,0.0,0.0,0.0,0.0
B0,S1,26,5,49.06561323218212,0.4531547705448934,4.0,1.9338898704416403,7.0,0.0739676737934306,0.5882852693923724,5.481536310904408,5.0,0.0,0.3989340570042684,15.0,0.0,0.0,0.0,0,0,0,0.0,0.0,0.2966645148523756,0.0,0.0,0.0,0.0
B1,S1,26,5,49.522063957048665,0.1835936803063006,0.0,1.0003927550604772,1.4,0.0584599589202013,0.4761036985715208,1.9933582330827904,4.0,1.0,0.2855433499111952,15.0,0.0,0.0,0.0,18180,654480,180,0.2,0.0,0.3910645247544542,-0.0050727336843667,-0.0029083665072278,0.0284693582860739,0.1110470543349428
B2,S1,26,5,49.53581006309707,0.1796268435901038,0.0,1.0003927550604772,1.4,0.0541486931401293,0.4641899369029332,1.9420678935642672,5.0,1.0,0.2694373739878372,15.0,0.0,0.0,0.0,1818,65448,18,0.2,0.0,0.4050725049520485,-0.0045803679281323,-0.0159256637298099,0.3379090030880931,0.7028729605398673
B3,S1,26,5,49.51971298241278,0.183009735958815,0.0,1.0003927550604772,1.4,0.0491467583361228,0.4776770334720055,2.012893776734045,5.0,1.0,0.2764844089202642,15.0,0.0,0.0,0.0,1818,65448,18,0.2,0.0,0.3808749504942441,-0.0005188024555038,-0.0010965779445157,0.0200034152598433,0.0411308822404272
B4,S1,26,5,49.52071602246595,0.1831027087845423,0.0,1.0003927550604772,1.4,0.049249340865261,0.4769291827440156,2.067719101991705,5.0,1.0,0.275833244888314,12.2,0.0,0.0,-0.0090668362499856,1818,65448,18,0.2,0.0,0.4167364059408145,-0.0006748556078341,-0.0015660926246781,0.0255137713723456,0.0557207065766746
B5,S1,26,5,49.5189429962639,0.1836992082921208,0.0,1.0003927550604772,1.4,0.0489245937508559,0.4782424693972018,2.069831349510191,5.0,1.0,0.2763660186476339,0.2000000000000001,9.0,0.0,0.6435577673984957,1818,65448,18,0.2,0.0,0.4235891188088344,-9.481729016794228e-05,-0.0002002191547276,0.0014881460982465,0.0035249351659601
P,S1,26,5,49.51823173450432,0.1840248852733336,0.0,1.0003927550604772,1.4,0.048880733091924,0.4787777081253423,2.067584871968253,5.0,1.0,0.2768181311093133,0.7999999999999998,9.0,0.0,0.6163430554869986,639,23004,18,1.0,0.0,0.411635465347404,0.0002618102241234,2.773554104607001e-05,0.0118983865220982,0.0114661028996131
B0,S2,26,5,49.11678786974664,0.4310175357114717,0.0,1.9338898704416403,7.0,0.0741792007804779,0.5623419323824166,5.215336789611479,5.0,0.0,0.3856027946754292,16.0,0.0,0.0,0.0,0,0,0,0.0,0.0,0.254644178217895,0.0,0.0,0.0,0.0
B1,S2,26,5,49.54904118577507,0.1712727771042971,0.0,1.0003927550604772,1.4,0.061957485912324,0.4509588142249328,1.9089794044540775,4.0,1.0,0.279415940777063,16.0,0.0,0.0,0.0,18180,654480,180,0.2,0.0,0.4019349405935638,-0.0056440236181135,-0.0028533017822951,0.0329358048987344,0.1216970259264648
B2,S2,26,5,49.55821801514503,0.1669743980054611,0.0,1.0003927550604772,1.4,0.0523492399227972,0.4417819848549698,1.837885814934187,5.0,1.0,0.2645640708692097,16.0,0.0,0.0,0.0,1818,65448,18,0.2,0.0,0.3991868019835634,-0.0017982506216183,-0.0135822350795962,0.2840665610333985,0.600090300722806
B3,S2,26,5,49.55192630637206,0.1728461101018787,4.0,1.0003927550604772,1.4,0.0511247380786968,0.4480736936279399,2.150975123886253,5.0,1.0,0.2633741391265947,16.0,0.0,0.0,0.0,1818,65448,18,0.2,0.0,0.4047514158394346,-0.0001135282297396,-0.0044709516208172,0.0561694464829471,0.1380478698797964
B4,S2,26,5,49.55179882109852,0.1725481298532249,4.0,1.0003927550604772,1.4,0.0507709433617273,0.4482011789014777,2.132163221063477,5.0,1.0,0.2634421770008497,0.0,0.0,0.0,-0.0105191850117655,1818,65448,18,0.2,0.0,0.4492273762372122,0.0002630621829278,-0.0045323375169701,0.0637123292363881,0.1502228833988617
B5,S2,26,5,49.54817748742016,0.1723955610857007,4.0,1.0003927550604772,1.4,0.049711479077181,0.4518225125798452,2.1036979812635237,5.0,1.0,0.2641077697803465,1.2000000000000002,5.0,0.0,0.5596918443978565,1818,65448,18,0.2,0.0,0.4552217524763877,0.0003005406630669,-0.0009740990974052,0.0167598918147078,0.0427439390305359
P,S2,26,5,49.54743327547104,0.1724411813683535,4.0,1.0003927550604772,1.4,0.0495262593777301,0.4525667245289639,2.1080855652034,5.0,1.0,0.264126271626868,4.199999999999999,5.0,0.0,0.559279567547836,666,23976,18,1.0,0.0,0.4392031980189293,3.425426809094967e-05,-0.0004199972710026,0.0072034784055858,0.0108032296811309
B0,S3,26,5,49.065613232182116,0.4531547705448934,4.0,1.9338898704416405,7.0,0.07396767379343068,0.5882852693923724,5.481536310904408,5.0,0.0,0.4022673903376018,15.0,0.0,0.0,0.0,0,0,0,0.0,0.0,0.22351061386078722,0.0,0.0,0.0,0.0
B1,S3,26,5,49.517905204192346,0.18918784334987535,0.0,1.0003927550604772,1.4000000000000001,0.06028865437027611,0.479290158209551,2.0884420128305456,5.0,1.0,0.29432555280390904,0.20000000000000018,0.0,0.0,0.0,18180,654480,180,1.6,0.0,0.4001226435627026,0.0009327927993732499,0.0005017343914985872,0.005008047421156903,0.017857107380571332
B2,S3,26,5,49.516308675575125,0.1844171513799654,0.0,1.0003927550604772,1.4000000000000001,0.0489747581357394,0.4802419118255443,1.939679055945036,5.0,1.0,0.2845258450428334,0.20000000000000018,0.0,0.0,0.0,1818,65448,18,1.6,0.0,0.4143128910910302,0.00021028786631108187,0.00012733494885003305,0.002513377171460718,0.007394969875522149
B3,S3,26,5,49.51808876996476,0.18357843567970467,0.0,1.0003927550604772,1.4000000000000001,0.04895357096365414,0.4788922621246243,2.0094953263156605,5.0,1.0,0.280730489375753,0.20000000000000018,0.0,0.0,0.0,1818,65448,18,1.6,0.25742574257425743,0.4319340198007651,5.5222907321766934e-05,0.00012946523665391396,0.002687749224534741,0.006230523943138166
B4,S3,26,5,49.518589636437326,0.18376819169326716,0.0,1.0003927550604772,1.4000000000000001,0.04891367784845411,0.478521011249633,2.0637660283064205,5.0,1.0,0.2803194191274371,0.20000000000000018,0.0,0.0,-0.009066824150610331,1818,65448,18,1.6,0.25742574257425743,0.5546162871300706,-4.654673012832733e-06,3.576634927787703e-05,0.002025970146220857,0.003013594454798606
B5,S3,26,5,49.5186599198365,0.18378406932011612,0.0,1.0003927550604772,1.4000000000000001,0.048880090679238986,0.47846842199478345,2.068451338202285,5.0,1.0,0.2801881980096373,0.20000000000000018,0.0,0.0,0.0,1818,65448,18,1.6,0.25742574257425743,0.5028121683185103,-5.487086930572316e-06,3.5763891347073695e-05,0.0019610013031226003,0.002959961244928165
P,S3,26,5,49.518174811992,0.18393095965109027,0.0,1.0003927550604772,1.4000000000000001,0.048773342795219915,0.47881634129782213,2.064807132806563,5.0,1.0,0.28013503499944725,0.8000000000000007,0.0,0.0,0.0,573,20628,18,1.6,0.26732673267326734,0.42407398020016146,8.732272584757728e-05,0.00019452984392392958,0.0019511722799734343,0.004250379171688221
B0,S4,26,5,49.06561323218212,0.4531547705448934,4.0,1.9338898704416403,7.0,0.0739676737934306,0.5882852693923724,5.481536310904408,5.0,0.0,0.3989340570042684,0.0,0.0,0.0,0.0,0,0,0,0.0,0.0,0.2343152970284016,0.0,0.0,0.0,0.0
B1,S4,26,5,49.51718259712949,0.1902575119042333,0.0,1.0003927550604772,1.4,0.0601161194582891,0.4798445430736819,2.1053267527604915,5.0,1.0,0.2907885626894705,0.0,0.0,0.0,0.0,13970,502920,180,1.6,0.0,0.3784976732700076,0.0015910979135659,0.0008324779949333,0.0083411499880199,0.0299760133281829
B2,S4,26,5,49.51659871589935,0.1839676405948909,0.0,1.0003927550604772,1.4,0.0489747887375535,0.4799810545906879,1.924225448559267,5.0,1.0,0.2806892600157146,0.0,0.0,0.0,0.0,1397,50292,18,1.6,0.0,0.3803535643539975,-0.0002395709233451,-0.0001345460420552,0.0028389657913976,0.0081430141648453
B3,S4,26,5,49.51847939896834,0.1834018089561266,0.0,1.0003927550604794,1.4,0.0490072575521453,0.4785438992496864,2.012025800973775,5.0,1.0,0.2767872107428511,0.0,0.0,0.0,0.0,1397,50292,18,1.6,0.3465346534653465,0.3924913564360124,-0.0001267294581921,-0.0002297121668348,0.0040739064257309,0.0110844083594741
B4,S4,26,5,49.51892806360134,0.1836660580571504,0.0,1.0003927550604794,1.4,0.0489510279618008,0.4782077476020063,2.067598746520482,5.0,1.0,0.2761679220080076,0.0,0.0,0.0,-0.0131835520842991,1397,50292,18,1.6,0.3465346534653465,0.4236768712880713,-0.0001115063352261,-0.0002875277666873,0.006233025397897,0.0145785569965944
B5,S4,26,5,49.51899840597375,0.1837128849675563,0.0,1.0003927550604794,1.4,0.0489159279073037,0.4781551142384046,2.072734741940533,5.0,1.0,0.2760310277007651,0.0,0.0,0.0,0.0,1397,50292,18,1.6,0.3465346534653465,0.4320245346540411,-8.11406147324667e-05,-0.0002875743135248,0.0070349307044921,0.0152217254181124
P,S4,26,5,49.519041744509806,0.183643038644323,0.0,1.0003927550434446,1.4,0.0488989325251828,0.4781820237366858,2.065808949968463,5.0,1.0,0.276602299390648,0.0,0.0,0.0,0.0,486,17496,18,1.6,0.4257425742574257,0.4156150891125579,-0.0001200364048871,-0.0005679488476104,0.0203154174200648,0.0347055312023925
B0,S5,26,5,49.06561323218212,0.4531547705448934,4.0,1.9338898704416403,7.0,0.0739676737934306,0.5882852693923724,5.481536310904408,5.0,0.0,0.3989340570042684,15.0,0.0,0.0,0.0,0,0,0,0.0,0.0,0.3446895841602106,0.0,0.0,0.0,0.0
B1,S5,26,5,49.51116295233447,0.1993899701524232,0.0,1.0003927550604772,1.4,0.061440452706821,0.484574260084301,2.2657319228764323,5.0,1.0,0.2949485775056111,15.0,0.0,0.0,0.0,18180,654480,180,0.2,0.0,0.3877013861377839,0.0107235561617558,0.0055621950055524,0.0517620173881212,0.1933273149321401
B2,S5,26,5,48.981046538601326,0.4612949715250966,0.0,1.0003927550604772,1.4,0.0560322370243321,0.5818588854667084,5.121571472630269,5.0,0.0,0.38705604363109,15.0,0.0,0.0,0.0,1818,65448,18,0.2,0.0,0.3842967920772395,0.2770877600068605,0.1017432848339652,1.0164040622792,3.1892837179553086
B3,S5,26,5,49.51592112909107,0.184726904324915,0.0,1.0003927550604772,1.4,0.0486507127597931,0.4805454398574369,2.0138032544534803,5.0,1.0,0.2780730124062572,15.0,0.0,0.0,0.0,1818,65448,18,0.2,0.0,0.3950648811852342,0.0011983659105962,0.0017718284409156,0.0372339705957998,0.0767517828529171
B4,S5,26,5,49.51556175251634,0.1853087737973763,0.0,1.0003927550604772,1.4,0.0484263971945937,0.4808301105315919,2.067991055461998,5.0,1.0,0.2778358316643266,12.2,0.0,0.0,-0.0090670479836707,1818,65448,18,0.2,0.0,0.4328485841565768,0.0015312094049998,0.0023348351628982,0.0484279517120214,0.1002736106631921
B5,S5,26,5,49.5189429962639,0.1836992082921208,0.0,1.0003927550604772,1.4,0.0489245937508559,0.4782424693972018,2.069831349510191,5.0,1.0,0.2763660186476339,0.2000000000000001,6.0,0.0,0.7027801169611112,1818,65448,18,0.2,0.0,0.4024845643606127,-9.481729016794228e-05,-0.0002002191547276,0.0014881460982465,0.0035249351659601
P,S5,26,5,49.51823173450432,0.1840248852733336,0.0,1.0003927550604772,1.4,0.048880733091924,0.4787777081253423,2.067584871968253,5.0,1.0,0.2768181311093133,0.7999999999999998,6.0,0.0,0.6744243445679277,643,23148,18,1.0,0.0,0.4089127029678055,0.0002618102241234,2.773554104607001e-05,0.0118983865220982,0.0114661028996131
B0,S6,26,5,49.11678786974664,0.4310175357114717,0.0,1.9338898704416403,7.0,0.0741792007804779,0.5623419323824166,5.215336789611479,5.0,0.0,0.3856027946754292,16.0,0.0,0.0,0.0,0,0,0,0.0,0.0,0.249420554456886,0.0,0.0,0.0,0.0
B1,S6,26,5,49.54600095979005,0.1770265705716656,0.0,1.0003927550604772,1.4,0.0619729032820053,0.4539990402099505,1.991317892686012,4.199999999999999,1.0,0.279082958123402,16.0,0.0,0.0,0.0,18180,654480,180,0.2,0.0,0.3941718415838898,0.000109769849255,0.0001869242027225,0.0081018847851552,0.0132303932663731
B2,S6,26,5,49.546431722439785,0.1664080630291854,0.0,1.0003927550604772,1.4,0.0488954665107683,0.4535682775602154,1.7594762564334436,3.6000000000000014,1.0,0.2644285688394369,16.0,0.0,0.0,0.0,1818,65448,18,0.2,0.0,0.3912564257412254,-0.0023645855978941,-0.0017959423743505,0.0432080979325064,0.1358271284500971
B3,S6,26,5,49.548397011778576,0.1735127332433834,4.0,1.0003927550604772,1.4,0.0500451198323635,0.4516029882214241,2.1540979656183854,5.0,1.0,0.2631681907470328,16.0,0.0,0.0,0.0,1818,65448,18,0.2,0.0,0.4200103564363588,0.000553094911765,-0.000941657027333,0.0186732754675347,0.0552111182924249
B4,S6,26,5,49.54750834255678,0.1727093691257333,4.0,1.0003927550604772,1.4,0.0493344035171794,0.4524916574432183,2.1195669449619507,5.0,1.0,0.2637392142008208,0.0,0.0,0.0,-0.0105192661989966,1818,65448,18,0.2,0.0,0.4543188415842487,0.0004243014554362,-0.0002418589752295,0.0142149401976823,0.028884441399964
B5,S6,26,5,49.54744435279433,0.1725225410833029,4.0,1.0003927550604772,1.4,0.0492858382302893,0.4525556472056706,2.106558485610302,5.0,1.0,0.2638226945835809,16.0,0.0,0.0,0.0,1818,65448,18,0.2,0.0,0.4732146336605768,0.0004275206606691,-0.0002409644715797,0.0146252585123249,0.0294436632475743
P,S6,26,5,49.54680005654756,0.1728449428187214,4.0,1.0003927550604772,1.4,0.0493296670249908,0.4531999434524394,2.1128702928237444,5.0,1.0,0.2642237918575831,16.0,0.0,0.0,0.0,584,21024,18,1.0,0.0,0.4256165940601607,0.0004380157184588,0.0002132216524728,0.0072034784055858,0.012481371594724
B0,S7,26,5,49.11678786974664,0.4310175357114717,0.0,1.9338898704416403,7.0,0.0741792007804779,0.5623419323824166,5.215336789611479,5.0,0.0,0.3856027946754292,16.0,0.0,0.0,0.0,0,0,0,0.0,0.0,0.2589692970302914,0.0,0.0,0.0,0.0
B1,S7,26,5,48.83760105620518,0.5499190274644828,0.0,1.0003927550604772,1.4,0.079109792695223,0.6386067428434572,6.61609745926386,5.0,0.0,0.4947650148568971,16.0,0.0,0.0,0.0,18180,654480,180,0.2,0.0,0.4021761485118716,0.3730022267420722,0.1847946268362292,1.18683568296548,4.627459505528228
B2,S7,26,5,48.83678882390505,0.5490109328230862,0.0,1.0003927550604772,1.4,0.0752714081136875,0.6386067428434572,6.53516683628795,5.0,0.0,0.4915511365269463,16.0,0.0,0.0,0.0,1818,65448,18,0.2,0.0,0.4475267623732152,0.3802382841960066,0.1832425229088912,1.1883689058735245,4.827043052520707
B3,S7,26,5,48.83678882390505,0.544637610122336,4.0,1.0003927550604772,1.4,0.0745206118974099,0.6386067428434572,6.488676630393222,5.0,0.0,0.486083437139409,16.0,0.0,0.0,0.0,1818,65448,18,0.2,0.0,0.3970595049476386,0.3716779717907176,0.1860620975947,1.3863383251592791,5.070845213273749
B4,S7,26,5,48.93468504588483,0.5177919517785553,4.0,1.0003927550604772,1.4,0.0795656539630469,0.6247154363748066,6.222868857257512,5.0,0.0,0.4685368038533909,0.0,5.0,0.2742574257425743,0.4066204954701001,1818,65448,18,0.2,0.0,0.4255040297054917,0.3455068841082582,0.1719819199563588,1.266687109849947,4.780280903444647
B5,S7,26,5,48.83678882390505,0.5455544948695676,4.0,1.0003927550604772,1.4,0.0745124936517975,0.6386067428434572,6.517976811569614,5.0,0.0,0.4880378094570334,3.0,0.0,0.0,0.037087028828862,1818,65448,18,0.2,0.0,0.42927587128811,0.3734594744469338,0.1858101311662068,1.380592605552465,5.08258481700988
P,S7,26,5,48.83678882390505,0.5396162927643848,4.0,1.0003927550604772,1.4,0.0726420226685459,0.6386067428434572,6.28086791817989,5.0,0.0,0.4635657278063009,3.0,0.0,0.0,0.0026726800959903,1251,45036,18,1.0,0.0,0.4684375247520485,0.3672093656641222,0.1856200210434906,1.3774988106387696,4.761122877892737
B0,S0,27,5,49.06561323218212,0.4531547705448934,4.0,1.9338898704416403,7.0,0.0739676737934306,0.5882852693923724,5.481536310904408,5.0,0.0,0.4022673903376018,0.0,0.0,0.0,0.0,0,0,0,0.0,0.0,0.2526446930667337,0.0,0.0,0.0,0.0
B1,S0,27,5,49.518579745808616,0.1882612766964453,0.0,1.0003927550604772,1.4,0.0600784412861517,0.4787733455914136,2.072903163610395,4.199999999999999,1.0,0.293761996146345,0.0,0.0,0.0,0.0,18180,654480,180,0.2,0.0,0.3820674653457666,0.0,0.0,0.0,0.0
B2,S0,27,5,49.516495529019934,0.1841787641568376,0.0,1.0003927550604772,1.4,0.0488713521649884,0.4799824400548331,1.930409328489708,5.0,1.0,0.2835276127919326,0.0,0.0,0.0,0.0,1818,65448,18,0.2,0.0,0.3645575445513921,0.0,0.0,0.0,0.0
B3,S0,27,5,49.518037597159214,0.1835297616134528,0.0,1.0003927550604772,1.4,0.0489120058179628,0.478829113287766,2.009421868996518,5.0,1.0,0.280597664287771,0.0,0.0,0.0,0.0,1818,65448,18,0.2,0.0,0.3789143366333573,0.0,0.0,0.0,0.0
B4,S0,27,5,49.51805455556631,0.1835249025985062,0.0,1.0003927550604772,1.4,0.0487706529942673,0.4788131452662938,2.020710881199941,5.0,1.0,0.2803149537767294,0.0,0.0,0.0,-0.0130578281448757,1818,65448,18,0.2,0.0,0.4444742376243553,0.0,0.0,0.0,0.0
B5,S0,27,5,49.51813159583901,0.1835390437709612,0.0,1.0003927550604772,1.4,0.048735921387945,0.4787555002095445,2.0271853327395903,5.0,1.0,0.2801757619103925,0.0,0.0,0.0,0.0,1818,65448,18,0.2,0.0,0.4336615544557974,0.0,0.0,0.0,0.0
P,S0,27,5,49.51831580537865,0.1837887046922303,0.0,1.0003927550604772,1.4,0.0487589256642601,0.4786497934066318,2.064755550392359,5.0,1.0,0.2795960355745377,0.0,0.0,0.0,0.0,642,23112,18,1.0,0.0,0.4368427524754549,0.0,0.0,0.0,0.0
B0,S1,27,5,49.06561323218212,0.4531547705448934,4.0,1.9338898704416403,7.0,0.0739676737934306,0.5882852693923724,5.481536310904408,5.0,0.0,0.3989340570042684,15.0,0.0,0.0,0.0,0,0,0,0.0,0.0,0.2432727623776787,0.0,0.0,0.0,0.0
B1,S1,27,5,49.522083773934334,0.1835915728950577,0.0,1.0003927550604772,1.4,0.058471648557651,0.4760886203448748,1.9925460247003628,4.0,1.0,0.285518083507662,15.0,0.0,0.0,0.0,18180,654480,180,0.2,0.0,0.3963921584151045,-0.0050811874626571,-0.0029083665072349,0.0284858233107598,0.1111508420646956
B2,S1,27,5,49.53581006309707,0.1796059614282903,0.0,1.0003927550604772,1.4,0.0541733824199767,0.4641899369029332,1.939706488226072,5.0,1.0,0.269314438450346,15.0,0.0,0.0,0.0,1818,65448,18,0.2,0.0,0.3724273762357073,-0.004573151917861,-0.0157935269079843,0.3382638406984739,0.7036124603442216
B3,S1,27,5,49.51961764466847,0.1829973037113356,0.0,1.0003927550604772,1.4,0.0491033705268035,0.4776467515866969,2.013497197026003,5.0,1.0,0.2764152252970415,15.0,0.0,0.0,0.0,1818,65448,18,0.2,0.0,0.4002817623757545,-0.0004929838556109,-0.0011066120895364,0.0217522365513644,0.0445222987960505
B4,S1,27,5,49.52017645784637,0.1828678043272566,0.0,1.0003927550604772,1.4,0.049084886221879,0.4772255435454724,2.0274883688090557,5.0,1.0,0.2760192124409563,12.2,0.0,0.0,-0.0088893061688734,1818,65448,18,0.2,0.0,0.6298396435637853,-0.0006398759846081,-0.0015525193349859,0.0294301710182693,0.0612607709435657
B5,S1,27,5,49.51843611115304,0.1834979326827212,0.0,1.0003927550604772,1.4,0.0488751440443238,0.4785188954469319,2.028673632108309,5.0,1.0,0.2769372502054206,0.2000000000000001,9.0,0.0,0.64354982277875,1818,65448,18,0.2,0.0,0.4566830000002672,-2.475718438613161e-05,-0.0002015223542883,0.001900856468751,0.003971457355206
P,S1,27,5,49.51880124611649,0.1837009777759843,0.0,1.0003927550604772,1.4,0.0488756738107205,0.4782628419112669,2.064125219604977,5.0,1.0,0.2763440030957911,0.6000000000000005,9.0,0.0,0.631903149996262,689,24804,18,1.0,0.0,0.456401455442637,-2.549309556956758e-05,-0.0003026920211297,0.004648448808382,0.0069802376357074
B0,S2,27,5,49.11678786974664,0.4310175357114717,0.0,1.9338898704416403,7.0,0.0741792007804779,0.5623419323824166,5.215336789611479,5.0,0.0,0.3856027946754292,16.0,0.0,0.0,0.0,0,0,0,0.0,0.0,0.254236524750301,0.0,0.0,0.0,0.0
B1,S2,27,5,49.54905626400171,0.1712669308708818,0.0,1.0003927550604772,1.4,0.0619673727479104,0.4509437359982868,1.9078007905541132,4.0,1.0,0.279385642094876,16.0,0.0,0.0,0.0,18180,654480,180,0.2,0.0,0.4402727524735599,-0.0056601903705284,-0.0028533017822596,0.03306342975538,0.121913645074985
B2,S2,27,5,49.55819274112855,0.1669679353825498,0.0,1.0003927550604772,1.4,0.0522549327426535,0.4418072588714494,1.8399330876435,5.0,1.0,0.2639757836007276,16.0,0.0,0.0,0.0,1818,65448,18,0.2,0.0,0.4130009900982619,-0.0017707643084673,-0.013424824241234,0.2843212449160859,0.5998472687346532
B3,S2,27,5,49.55226617139611,0.1730369396506383,4.0,1.0003927550604772,1.4,0.0511271266014901,0.4477338286038872,2.162568193991135,5.0,1.0,0.2629960120334414,16.0,0.0,0.0,0.0,1818,65448,18,0.2,0.0,0.4349982277249588,-0.0001068674122015,-0.004622284924558,0.0571836872926709,0.1418960514091857
B4,S2,27,5,49.552191502281765,0.1729250447968343,4.0,1.0003927550604772,1.4,0.0507291834127452,0.4478084977182348,2.15207384822363,5.0,1.0,0.262727709633654,0.0,0.0,0.0,-0.0101143027905654,1818,65448,18,0.2,0.0,0.4587713762369879,0.000250365503514,-0.004853432772343,0.0665064848677374,0.1604703634144989
B5,S2,27,5,49.54836062431725,0.1727135218818412,4.0,1.0003927550604772,1.4,0.0496355350830405,0.4516393756827526,2.120406425750248,5.0,1.0,0.2635536095329116,1.2000000000000002,5.0,0.0,0.559725868100007,1818,65448,18,0.2,0.0,0.465875871285978,0.0003534698608918,-0.0011773251139359,0.0198662289302404,0.0512255203314083
P,S2,27,5,49.54958006968069,0.1734173759320245,4.0,1.0003927550604772,1.4,0.0499153873857347,0.4504199303193132,2.161635959131163,5.0,1.0,0.2627502841803482,4.0,5.0,0.0,0.5603500121623632,726,26136,18,1.0,0.0,0.434077693067719,0.0004242415729991,-0.0022843793937425,0.0408071584862312,0.0873448710148011
B0,S3,27,5,49.065613232182116,0.4531547705448934,4.0,1.9338898704416405,7.0,0.07396767379343068,0.5882852693923724,5.481536310904408,5.0,0.0,0.4022673903376018,15.0,0.0,0.0,0.0,0,0,0,0.0,0.0,0.24265438613757298,0.0,0.0,0.0,0.0
B1,S3,27,5,49.51792255262044,0.18919728301371277,0.0,1.0003927550604772,1.4000000000000001,0.060291020950258706,0.47927697159401816,2.0877692709280904,5.0,1.0,0.29428748326499843,0.20000000000000018,0.0,0.0,0.0,18180,654480,180,1.6,0.0,0.408375792077176,0.0009360063172674793,0.0005036260026045625,0.005027271502562769,0.01791795301677794
B2,S3,27,5,49.51624442757953,0.18451391168534062,0.0,1.0003927550604772,1.4000000000000001,0.048949439842634536,0.48018236029437134,1.9416184001160235,5.0,1.0,0.2842842063825228,0.20000000000000018,0.0,0.0,0.0,1818,65448,18,1.6,0.0,0.4592958118814524,0.000335147528503027,0.00019992023953824267,0.003953482248235218,0.011209071626315388
B3,S3,27,5,49.51792094454559,0.1835701527860586,0.0,1.0003927550604772,1.4000000000000001,0.04892525491515445,0.47891639989666146,2.0088288535033896,5.0,1.0,0.28083306907103184,0.20000000000000018,0.0,0.0,0.0,1818,65448,18,1.6,0.25742574257425743,0.4559782178238502,4.03911726057915e-05,8.728660889545381e-05,0.001876596290124155,0.004342255721203257
B4,S3,27,5,49.5179078132202,0.18356861971681962,0.0,1.0003927550604772,1.4000000000000001,0.0488035121011311,0.47892295353865677,2.0196645553006833,5.0,1.0,0.2807490158701816,0.20000000000000018,0.0,0.0,-0.008889305577722606,1818,65448,18,1.6,0.25742574257425743,0.5063460693110198,4.3717118313413295e-05,0.00010980827236295454,0.0023731271781102237,0.005759484318650009
B5,S3,27,5,49.517984777207175,0.18357934585906485,0.0,1.0003927550604772,1.4000000000000001,0.04876817916252166,0.47886536556236337,2.0255429029437786,5.0,1.0,0.28061003407330354,0.20000000000000018,0.0,0.0,0.0,1818,65448,18,1.6,0.25742574257425743,0.44853966336280665,4.030208810365532e-05,0.000109865352818872,0.0023591714728965485,0.005721416698268198
P,S3,27,5,49.51837605743989,0.18387636641319013,0.0,1.0003927550604772,1.4000000000000001,0.04876067818724159,0.4785416008996677,2.0653950866193984,5.0,1.0,0.27971112386754354,0.6000000000000005,0.0,0.0,0.0,650,23400,18,1.6,0.297029702970297,0.43907971287060915,8.766172095983626e-05,-0.00010819250696408877,0.0013055109126938191,0.004018757408604045
B0,S4,27,5,49.06561323218212,0.4531547705448934,4.0,1.9338898704416403,7.0,0.0739676737934306,0.5882852693923724,5.481536310904408,5.0,0.0,0.3989340570042684,0.0,0.0,0.0,0.0,0,0,0,0.0,0.0,0.2356369603977228,0.0,0.0,0.0,0.0
B1,S4,27,5,49.518965104218616,0.1877307133391002,0.0,1.0003927550604772,1.4,0.0603072622647888,0.4784776071229402,2.0643340811568933,4.199999999999999,1.0,0.2908786504573349,0.0,0.0,0.0,0.0,13930,501480,180,1.6,0.0,0.4063650990066871,-0.0009420470186146,-0.0005193797291696,0.0055319764002916,0.0189287635944452
B2,S4,27,5,49.51648226873649,0.1840726123327946,0.0,1.0003927550604772,1.4,0.048813183270668,0.4801356229764693,1.9252354538608611,5.0,1.0,0.279815478269977,0.0,0.0,0.0,0.0,1393,50148,18,1.6,0.0,0.3816525148535994,-0.0001065010133567,0.0001521591655517,0.0026677933338703,0.0061573718300564
B3,S4,27,5,49.51814410242009,0.183529602491564,0.0,1.0003927550604772,1.4,0.0489625717982892,0.478898538691773,2.0137858617411983,5.0,1.0,0.2768032855278196,0.0,0.0,0.0,0.0,1393,50148,18,1.6,0.3168316831683168,0.418148376240316,3.931492461745068e-05,0.0001451750155396,0.0067943705923454,0.013564470009966
B4,S4,27,5,49.51832100361592,0.1834838508931601,0.0,1.0003927550604772,1.4,0.048853649577287,0.478782903448625,2.0261777520587825,5.0,1.0,0.2765644160485923,0.0,0.0,0.0,-0.0128023758048463,1393,50148,18,1.6,0.3168316831683168,0.4244157821766307,-2.3829418704629516e-05,4.840568166741832e-06,0.0086298020688104,0.016704355109185
B5,S4,27,5,49.51839947881349,0.1834897040650382,0.0,1.0003927550604772,1.4,0.0488183223461178,0.4787241847139114,2.0323655239397387,5.0,1.0,0.2764228222726581,0.0,0.0,0.0,0.0,1393,50148,18,1.6,0.3168316831683168,0.4511154554463003,-3.298580206917423e-05,3.766912691105517e-06,0.0078283158233176,0.0160696842282774
P,S4,27,5,49.51907709617621,0.183740080197875,0.0,1.0003927550608287,1.4,0.0489338892709019,0.4781779253196916,2.074403352680875,5.0,1.0,0.275899033288281,0.0,0.0,0.0,0.0,492,17712,18,1.6,0.3861386138613861,0.6052697029703592,1.360932632113454e-05,-0.000387608612705,0.0208390005389418,0.0419381867747176
B0,S5,27,5,49.06561323218212,0.4531547705448934,4.0,1.9338898704416403,7.0,0.0739676737934306,0.5882852693923724,5.481536310904408,5.0,0.0,0.3989340570042684,15.0,0.0,0.0,0.0,0,0,0,0.0,0.0,0.2963841485136144,0.0,0.0,0.0,0.0
B1,S5,27,5,49.51118509546504,0.1994138321133745,0.0,1.0003927550604772,1.4,0.0614490832470147,0.4845567530905157,2.2653398747944027,5.0,1.0,0.2949336327786355,15.0,0.0,0.0,0.0,18180,654480,180,0.2,0.0,0.4848893267314839,0.0107410717556595,0.0055597662384059,0.0518693902319569,0.1935322459438111
B2,S5,27,5,48.98050500719074,0.4612829647282163,0.0,1.0003927550604772,1.4,0.0559462925637497,0.581625663444882,5.119016836800652,5.0,0.0,0.3867115942080311,15.0,0.0,0.0,0.0,1818,65448,18,0.2,0.0,0.4148156534677465,0.2771038513820649,0.1016421996339644,1.016403255479645,3.1886038167184645
B3,S5,27,5,49.515897253248,0.1847053426473248,0.0,1.0003927550604772,1.4,0.0486404304441434,0.4804707469682867,2.0130748548789787,5.0,1.0,0.2780495981130427,15.0,0.0,0.0,0.0,1818,65448,18,0.2,0.0,0.5109901683159244,0.0012150550803783,0.0017173832920533,0.0359134556013174,0.0741316601436608
B4,S5,27,5,49.51516724748318,0.1852877151506253,0.0,1.0003927550604772,1.4,0.0483895561069761,0.4810510978133209,2.029085488510648,5.0,1.0,0.2781236572734912,12.2,0.0,0.0,-0.0088893780174562,1818,65448,18,0.2,0.0,0.4766282673285381,0.0017800348387606,0.0022730349328625,0.0469198871204525,0.0999570864784217
B5,S5,27,5,49.51843611115304,0.1834979326827212,0.0,1.0003927550604772,1.4,0.0488751440443238,0.4785188954469319,2.028673632108309,5.0,1.0,0.2769372502054206,0.2000000000000001,6.0,0.0,0.7026683206377939,1818,65448,18,0.2,0.0,0.5893100693077093,-2.475718438613161e-05,-0.0002015223542883,0.001900856468751,0.003971457355206
P,S5,27,5,49.51880124611649,0.1837009777759843,0.0,1.0003927550604772,1.4,0.0488756738107205,0.4782628419112669,2.064125219604977,5.0,1.0,0.2763440030957911,0.6000000000000005,6.0,0.0,0.6848195831232475,693,24948,18,1.0,0.0,0.4089584554454668,-2.549309556956758e-05,-0.0003026920211297,0.004648448808382,0.0069802376357074
B0,S6,27,5,49.11678786974664,0.4310175357114717,0.0,1.9338898704416403,7.0,0.0741792007804779,0.5623419323824166,5.215336789611479,5.0,0.0,0.3856027946754292,16.0,0.0,0.0,0.0,0,0,0,0.0,0.0,0.2621191782207749,0.0,0.0,0.0,0.0
B1,S6,27,5,49.54601603801674,0.1770369244015396,0.0,1.0003927550604772,1.4,0.0619802579088408,0.4539839619832619,1.9903826219788616,4.199999999999999,1.0,0.2790526594412164,16.0,0.0,0.0,0.0,18180,654480,180,0.2,0.0,0.3819195544520421,0.0001098031601292,0.0001869242027154,0.0081018847851481,0.0132312944369822
B2,S6,27,5,49.54657389704472,0.1663889856406313,0.0,1.0003927550604772,1.4,0.0488729099024863,0.4534261029552837,1.7613397195994418,3.6000000000000014,1.0,0.2641087673394145,16.0,0.0,0.0,0.0,1818,65448,18,0.2,0.0,0.3805275247518378,-0.0023497140503859,-0.0018059801573997,0.0431122330075837,0.1356705817117152
B3,S6,27,5,49.54857417172041,0.1737622659551222,4.0,1.0003927550604772,1.4,0.0500624857224678,0.4514258282795893,2.166266992139336,5.0,1.0,0.2629017763769213,16.0,0.0,0.0,0.0,1818,65448,18,0.2,0.0,0.4386446831712518,0.0006184588922824,-0.0009302852488559,0.0182386086828785,0.0560640209682247
B4,S6,27,5,49.547760403678645,0.173173583625684,4.0,1.0003927550604772,1.4,0.0493105352835558,0.4522395963213554,2.14030296528973,5.0,1.0,0.2630863415769346,0.0,0.0,0.0,-0.0101144108814368,1818,65448,18,0.2,0.0,0.4306977722747136,0.0004989043323638,-0.0004223341692224,0.0145667314655639,0.0368303841663134
B5,S6,27,5,49.547605502597584,0.1728626470317509,4.0,1.0003927550604772,1.4,0.0492446425046499,0.4523944974024161,2.122497322322149,5.0,1.0,0.2633107122046857,16.0,0.0,0.0,0.0,1818,65448,18,0.2,0.0,0.4307323762383597,0.0005025950108015,-0.0004222033942724,0.0152677588002987,0.0379310486189879
P,S6,27,5,49.54848501515978,0.1736736867512924,4.0,1.0003927550604772,1.4,0.0495732458359365,0.4515149848402231,2.1607363634097543,5.0,1.0,0.26282502466463,16.0,0.0,0.0,0.0,632,22752,18,1.0,0.0,0.4336205643580392,0.0006805523922671,-0.0011893248728327,0.0343154405982701,0.0696831597239572
B0,S7,27,5,49.11678786974664,0.4310175357114717,0.0,1.9338898704416403,7.0,0.0741792007804779,0.5623419323824166,5.215336789611479,5.0,0.0,0.3856027946754292,16.0,0.0,0.0,0.0,0,0,0,0.0,0.0,0.258470029702138,0.0,0.0,0.0,0.0
B1,S7,27,5,48.84690804884081,0.549145770484172,0.0,1.0003927550604772,1.4,0.0798266867824083,0.6386067428434572,6.601618406463836,5.0,0.0,0.492610970071696,16.0,0.0,0.0,0.0,18180,654480,180,0.2,0.0,0.3991336237653164,0.3722186492427617,0.1848097050629107,1.176066295911859,4.613775168672908
B2,S7,27,5,48.83678882390505,0.5492934612493604,0.0,1.0003927550604772,1.4,0.0754415199675193,0.6386067428434572,6.546354060963463,5.0,0.0,0.4921940719839346,16.0,0.0,0.0,0.0,1818,65448,18,0.2,0.0,0.3925607920791663,0.3805547615583431,0.1833746597307737,1.187973008014069,4.837435675412328
B3,S7,27,5,48.83678882390505,0.5416756970596118,4.0,1.0003927550604772,1.4,0.0766788713185291,0.6386067428434572,6.381731712767779,5.0,0.0,0.4742807962085955,16.0,0.0,0.0,0.0,1818,65448,18,0.2,0.0,0.4293517524751907,0.368531889996772,0.1862506293150119,1.3868510505557623,4.947133976604595
B4,S7,27,5,49.396665424988974,0.2877317905849468,4.0,1.0003927550604772,1.4,0.0580216407749201,0.4864090926668183,3.683496119704642,5.0,0.0,0.3562201164877802,0.0,5.0,0.0,0.7375353677321503,1818,65448,18,0.2,0.0,0.4280129702994312,0.1150571112916265,0.0337471621762404,0.64389278550928,2.2131505867822088
B5,S7,27,5,48.83678882390505,0.5421092656524926,4.0,1.0003927550604772,1.4,0.0763897668015449,0.6386067428434572,6.397778777387403,5.0,0.0,0.4756235498287284,3.0,0.0,0.0,0.0300239428675184,1818,65448,18,0.2,0.0,0.4529121683169638,0.3697492136315432,0.1857900420467686,1.3788911665872805,4.939701475831766
P,S7,27,5,48.83678882390505,0.5380203205928404,4.0,1.0003927550604772,1.4,0.0729746421016158,0.6386067428434572,6.194459363837009,5.0,0.0,0.4432980265437661,16.0,0.0,0.0,0.0,1250,45000,18,1.0,0.0,0.4199995148497908,0.3650271862338151,0.1859024331304013,1.3767168582647713,4.615510522982278
B0,S0,28,5,49.06561323218212,0.4531547705448934,4.0,1.9338898704416403,7.0,0.0739676737934306,0.5882852693923724,5.481536310904408,5.0,0.0,0.4022673903376018,0.0,0.0,0.0,0.0,0,0,0,0.0,0.0,0.2332253564346312,0.0,0.0,0.0,0.0
B1,S0,28,5,49.51856607517528,0.1882346943402496,0.0,1.0003927550604772,1.4,0.0600669187180799,0.4787839421841937,2.071595221622254,4.199999999999999,1.0,0.2937651433651683,0.0,0.0,0.0,0.0,18180,654480,180,0.2,0.0,0.3752337722811951,0.0,0.0,0.0,0.0
B2,S0,28,5,49.5163923398086,0.1842861066373341,0.0,1.0003927550604772,1.4,0.0489045220088697,0.4802078154335589,1.934215290529276,5.0,1.0,0.2836371773513751,0.0,0.0,0.0,0.0,1818,65448,18,0.2,0.0,0.4199769108898109,0.0,0.0,0.0,0.0
B3,S0,28,5,49.51816365189806,0.183508575779637,0.0,1.0003927550604772,1.4,0.0490437323886503,0.4788871987684757,2.0085134217039897,5.0,1.0,0.2807582552320519,0.0,0.0,0.0,0.0,1818,65448,18,0.2,0.0,0.4317673267338466,0.0,0.0,0.0,0.0
B4,S0,28,5,49.51982177850265,0.1847842373706734,0.2000000000000001,1.0003927550604772,1.4,0.0491076148685839,0.4776518237346749,2.1859046706696708,5.0,1.0,0.278180408815637,0.0,0.0,0.0,-0.0128104790730398,1818,65448,18,0.2,0.0,0.4212167227706231,0.0,0.0,0.0,0.0
B5,S0,28,5,49.52001467541421,0.1849405199126798,4.0,1.0003927550604772,1.4,0.0491543208950227,0.4775074894401001,2.199702989693824,5.0,1.0,0.2779573617600616,0.0,0.0,0.0,0.0,1818,65448,18,0.2,0.0,0.4119951881200382,0.0,0.0,0.0,0.0
P,S0,28,5,49.5208736506933,0.1852074662282579,4.0,1.0003927550604772,1.4,0.0494394030593299,0.4768137373842123,2.225398100994504,5.0,1.0,0.2773815814863286,0.0,0.0,0.0,0.0,590,21240,18,1.0,0.0,0.4203617623752146,0.0,0.0,0.0,0.0
B0,S1,28,5,49.06561323218212,0.4531547705448934,4.0,1.9338898704416403,7.0,0.0739676737934306,0.5882852693923724,5.481536310904408,5.0,0.0,0.3989340570042684,15.0,0.0,0.0,0.0,0,0,0,0.0,0.0,0.2328410990113559,0.0,0.0,0.0,0.0
B1,S1,28,5,49.5211819102499,0.1847017148462227,0.0,1.0003927550604772,1.4,0.0596737211964249,0.4767798506925018,2.0146213197218024,4.0,1.0,0.2884397219135475,15.0,0.0,0.0,0.0,18180,654480,180,0.2,0.0,0.4343678910892308,-0.00394433782133,-0.002227732752388,0.0219807598496046,0.0813838650010744
B2,S1,28,5,49.5356147566602,0.1777322805962543,0.0,1.0003927550604772,1.4,0.052908413194564,0.4643852433398052,1.9014719545945815,5.0,1.0,0.2706369946187611,15.0,0.0,0.0,0.0,1818,65448,18,0.2,0.0,0.4072930396027419,-0.006553131172599,-0.0158204255075133,0.3132210931734533,0.651049108070215
B3,S1,28,5,49.51919920297595,0.183155319870801,0.0,1.0003927550604772,1.4,0.0491736867088156,0.4781124081634189,2.010972130849209,5.0,1.0,0.2769380452749955,15.0,0.0,0.0,0.0,1818,65448,18,0.2,0.0,0.3797615940588867,-0.0003723611972406,-0.000813250420343,0.0158137004607752,0.0317211122824993
B4,S1,28,5,49.52113617977984,0.184392740535976,0.2000000000000001,1.0003927550604772,1.4,0.0494334315540624,0.4766681428230868,2.186416965028267,5.0,1.0,0.2743795867307058,0.0,0.0,0.0,-0.0030491877705186,1818,65448,18,0.2,0.0,0.4186354455470953,-0.0003991362524631,-0.0010005400518409,0.0143984480455614,0.0327225016175667
B5,S1,28,5,49.52016002235272,0.1849132614704451,4.0,1.0003927550604772,1.4,0.0492522262484786,0.4773923329229745,2.2003984672490517,5.0,1.0,0.2745295636297948,0.2000000000000001,9.0,0.0,0.6376187700483384,1818,65448,18,0.2,0.0,0.439954920792762,-3.45106422057484e-05,-0.0001320156610375,0.0023248836014531,0.0046127684014876
P,S1,28,5,49.52061012729532,0.1853814608177219,4.0,1.0003927550604772,1.4,0.0495255073177248,0.4770173083526288,2.228297731108053,5.0,1.0,0.2740670060265175,0.7999999999999998,9.0,0.0,0.6191214803545846,593,21348,18,1.0,0.0,0.4390129702997991,-0.0001263235661775,-0.0005445966435289,0.0027118182224938,0.005245120746224
B0,S2,28,5,49.11678786974664,0.4310175357114717,0.0,1.9338898704416403,7.0,0.0741792007804779,0.5623419323824166,5.215336789611479,5.0,0.0,0.3856027946754292,16.0,0.0,0.0,0.0,0,0,0,0.0,0.0,0.2466355742561261,0.0,0.0,0.0,0.0
B1,S2,28,5,49.54850354047309,0.172586577315572,0.0,1.0003927550604772,1.4,0.062178617488087,0.4514964595269077,1.9279477446581863,4.0,1.0,0.279920705377707,16.0,0.0,0.0,0.0,18180,654480,180,0.2,0.0,0.4243397227736128,-0.00432387984275,-0.0023111748464472,0.0252758293205914,0.0905601384518846
B2,S2,28,5,49.55523708618727,0.1658455317811507,0.0,1.0003927550604772,1.4,0.0510980905868694,0.4447629138127311,1.8046751064016184,5.0,1.0,0.2653284385179987,16.0,0.0,0.0,0.0,1818,65448,18,0.2,0.0,0.4355790099025128,-0.0029865807732985,-0.0105990919671157,0.2414362459230545,0.4890413563015526
B3,S2,28,5,49.55085686084155,0.1730228746049514,4.0,1.0003927550604772,1.4,0.050867918082634,0.4491431391584513,2.1494938702229827,5.0,1.0,0.2635139150835138,16.0,0.0,0.0,0.0,1818,65448,18,0.2,0.0,0.453401425741927,1.5979059063142564e-06,-0.0036695096939709,0.0499726376950988,0.1150643228283349
B4,S2,28,5,49.55177263676571,0.1759465155198684,4.0,1.0003927550604772,1.4,0.0506733689197883,0.4482273632342881,2.2831766876051334,5.0,1.0,0.2616684031387015,0.0,0.0,0.0,-0.0043972559842926,1818,65448,18,0.2,0.0,0.4305687722746982,8.79628744127059e-05,-0.0038445240178504,0.0490768550499609,0.1164533465063342
B5,S2,28,5,49.54893553559912,0.1758162198239941,4.0,1.0003927550604772,1.4,0.0497815553905176,0.4510644644008863,2.2633239933612828,5.0,1.0,0.2622704482667652,4.0,5.0,0.0,0.5536322294038467,1818,65448,18,0.2,0.0,0.4266933267332422,0.0002063415957459,-0.0011179005951476,0.0161214866028487,0.0354872065178717
P,S2,28,5,49.54845919727202,0.1755805907798279,4.0,1.0003927550604772,1.4,0.0495380812718398,0.4515408027279761,2.252169419988108,5.0,1.0,0.2625533086065797,4.6,5.0,0.0,0.5397277980135818,625,22500,18,1.0,0.0,0.4286589009917397,1.020818396749168e-05,-0.0006886482847789,0.0054186312035682,0.0118724681216335
B0,S3,28,5,49.065613232182116,0.4531547705448934,4.0,1.9338898704416405,7.0,0.07396767379343068,0.5882852693923724,5.481536310904408,5.0,0.0,0.4022673903376018,15.0,0.0,0.0,0.0,0,0,0,0.0,0.0,0.23874442574043936,0.0,0.0,0.0,0.0
B1,S3,28,5,49.516636354796475,0.19101392165294037,0.0,1.0003927550604772,1.4000000000000001,0.06006759827243731,0.48026258285391776,2.116983820550036,5.0,1.0,0.2940613862606698,0.20000000000000018,0.0,0.0,0.0,18180,654480,180,1.6,0.0,0.6129303465374082,0.002779227312690785,0.001478640669724085,0.014793802452395255,0.05225472477116212
B2,S3,28,5,49.516709562672816,0.18383744580878308,0.0,1.0003927550604772,1.4000000000000001,0.04892420918864394,0.4799704747550493,1.921816952313462,5.0,1.0,0.2834984522869863,0.20000000000000018,0.0,0.0,0.0,1818,65448,18,1.6,0.0,0.43696007920552443,-0.00044866082855102296,-0.00023734067850961216,0.005863786614575872,0.01284715761006154
B3,S3,28,5,49.518395958240006,0.18342772635673746,0.0,1.0003927550604772,1.4000000000000001,0.049058432365327496,0.47871337417170423,2.0093330263367135,5.0,1.0,0.2805826998387454,0.20000000000000018,0.0,0.0,0.0,1818,65448,18,1.6,0.0,0.44375529702874433,-8.084942289954267e-05,-0.00017382459677145468,0.003607262174064374,0.007212416536327025
B4,S3,28,5,49.52005866914683,0.18471345472682746,0.20000000000000018,1.0003927550604772,1.4000000000000001,0.04915043201800049,0.4774745721324791,2.1862517877221586,5.0,1.0,0.27799381523326644,0.0,0.0,0.0,-0.0030491891093143986,1818,65448,18,1.6,0.0,0.5125097821805281,-7.078264384594024e-05,-0.00017725160219578262,0.002602307259593317,0.006191249307894962
B5,S3,28,5,49.520251485080706,0.18487391837548936,4.0,1.0003927550604772,1.4000000000000001,0.04920590189421036,0.47733029842910213,2.2000463277650275,5.0,1.0,0.2777708445956484,0.20000000000000018,0.0,0.0,0.0,1818,65448,18,1.6,0.0,0.5028867326743266,-6.660153719043049e-05,-0.00017719101099794576,0.0025821863122246214,0.006133297512658941
P,S3,28,5,49.52078429625747,0.18525979512544113,4.0,1.0003927550604772,1.4000000000000001,0.04945504503434532,0.476916274999013,2.226337926829266,5.0,1.0,0.2774208984150066,0.8000000000000007,0.0,0.0,0.0,599,21564,18,1.6,0.0,0.46040352475360447,5.2328897183234746e-05,0.00010253761480072399,0.0008493216867222486,0.0015010494765384395
B0,S4,28,5,49.06561323218212,0.4531547705448934,4.0,1.9338898704416403,7.0,0.0739676737934306,0.5882852693923724,5.481536310904408,5.0,0.0,0.3989340570042684,0.0,0.0,0.0,0.0,0,0,0,0.0,0.0,0.2373530495031734,0.0,0.0,0.0,0.0
B1,S4,28,5,49.5222407562764,0.1835594968315115,0.0,1.0003927550604772,1.4,0.0605688656976427,0.4759689109339575,2.0009863286785063,4.0,1.0,0.291033085956989,0.0,0.0,0.0,0.0,14000,504000,180,1.6,0.0,0.4021402673295075,-0.0050865558360411,-0.0030386725109323,0.0293845154409595,0.1044627131556168
B2,S4,28,5,49.51647076396189,0.1841139960141094,0.0,1.0003927550604772,1.4,0.0490116871852594,0.4800845598142516,1.9230642585601223,5.0,1.0,0.2805814200921169,0.0,0.0,0.0,0.0,1400,50400,18,1.6,0.0,0.3922520396048243,-0.0001714157547439,-0.000121109033067,0.0034129894752581,0.0111502332530974
B3,S4,28,5,49.5180971669644,0.1835116978880886,0.0,1.0003927550605,1.4,0.048957536023326,0.4788601251690281,2.010981666277714,5.0,1.0,0.2772066760330123,0.0,0.0,0.0,0.0,1400,50400,18,1.6,0.3564356435643564,0.3866058613861206,-1.598317995307741e-05,-6.553341473392038e-05,0.0033237655213795,0.0090104619310345
B4,S4,28,5,49.52002552249337,0.1847498732920539,0.2000000000000001,1.0003927550605,1.4,0.0491553126546321,0.4774208762490346,2.188997733392479,5.0,1.0,0.2745585882490595,0.0,0.0,0.0,-0.0131849809187744,1400,50400,18,1.6,0.3564356435643564,0.4208716237632988,-4.200349638530665e-05,-0.000247806625893,0.0029070912761568,0.006633225615721
B5,S4,28,5,49.52021934560455,0.1849274897152254,4.0,1.0003927550605,1.4,0.0492138800921679,0.4772758489228934,2.203219622621663,5.0,1.0,0.2743345057478912,0.0,0.0,0.0,0.0,1400,50400,18,1.6,0.3564356435643564,0.458116267324867,-2.028239742549176e-05,-0.0002484996611187,0.00291486531939,0.0062746266110252
P,S4,28,5,49.52039471640138,0.1853692485618222,4.0,1.0003927550608287,1.4,0.0493920590599446,0.4771441877167888,2.226550982483753,5.0,1.0,0.2741460055612698,0.0,0.0,0.0,0.0,439,15804,18,1.6,0.3861386138613861,0.4038999901006331,-0.0001385358220772,-0.0004177172793689,0.0028829386329292,0.0054846403420462
B0,S5,28,5,49.06561323218212,0.4531547705448934,4.0,1.9338898704416403,7.0,0.0739676737934306,0.5882852693923724,5.481536310904408,5.0,0.0,0.3989340570042684,15.0,0.0,0.0,0.0,0,0,0,0.0,0.0,0.2412131188120298,0.0,0.0,0.0,0.0
B1,S5,28,5,49.51292743875025,0.1964891621928443,0.0,1.0003927550604772,1.4,0.0604309843261282,0.4831603704920155,2.212535051989898,5.0,1.0,0.2925176543447403,15.0,0.0,0.0,0.0,18180,654480,180,0.2,0.0,0.4099165346518263,0.0078431095252916,0.0041527870471256,0.0393095103546272,0.1421596765754728
B2,S5,28,5,49.2488338877581,0.3678245617717172,0.0,1.0003927550604772,1.4,0.0517300459407997,0.5283006018105141,4.162025666890822,5.0,0.0,0.342755718610293,15.0,0.0,0.0,0.0,1818,65448,18,0.2,0.0,0.5123143069291058,0.1835391500028638,0.0480949329631954,0.7475471994975607,2.227818451120998
B3,S5,28,5,49.51647691578378,0.1842639114428217,0.0,1.0003927550604772,1.4,0.0488000741116137,0.4801502781240856,2.010207563645678,5.0,1.0,0.277889504992843,15.0,0.0,0.0,0.0,1818,65448,18,0.2,0.0,0.4849950198041541,0.00073623037478,0.0012246195403236,0.0265741613712791,0.052573425488881
B4,S5,28,5,49.51777004075054,0.1854651685645302,0.2000000000000001,1.0003927550604772,1.4,0.0487139739641048,0.4791840626086383,2.1824913370996604,5.0,1.0,0.2752617140062949,0.0,0.0,0.0,-0.0030491936174535,1818,65448,18,0.2,0.0,0.3936045049482741,0.000673291776091,0.0015153797337106,0.028649205496471,0.0578069390548968
B5,S5,28,5,49.52016002235272,0.1849132614704451,4.0,1.0003927550604772,1.4,0.0492522262484786,0.4773923329229745,2.2003984672490517,5.0,1.0,0.2745295636297948,0.2000000000000001,6.0,0.0,0.6986868941546789,1818,65448,18,0.2,0.0,0.4043589009876933,-3.45106422057484e-05,-0.0001320156610375,0.0023248836014531,0.0046127684014876
P,S5,28,5,49.52061012729532,0.1853814608177219,4.0,1.0003927550604772,1.4,0.0495255073177248,0.4770173083526288,2.228297731108053,5.0,1.0,0.2740670060265175,0.7999999999999998,6.0,0.0,0.6717246636276402,602,21672,18,1.0,0.0,0.414914386136942,-0.0001263235661775,-0.0005445966435289,0.0027118182224938,0.005245120746224
B0,S6,28,5,49.11678786974664,0.4310175357114717,0.0,1.9338898704416403,7.0,0.0741792007804779,0.5623419323824166,5.215336789611479,5.0,0.0,0.3856027946754292,16.0,0.0,0.0,0.0,0,0,0,0.0,0.0,0.2526452871288621,0.0,0.0,0.0,0.0
B1,S6,28,5,49.54605231261296,0.1770596291276139,0.0,1.0003927550604772,1.4,0.0622959803820266,0.4539476873870356,1.9951085217096511,4.199999999999999,1.0,0.2799301684135018,16.0,0.0,0.0,0.0,18180,654480,180,0.2,0.0,0.4039269603960954,0.0001491719692918,0.0001400530136805,0.003843451528688,0.007353792066457
B2,S6,28,5,49.54594653624898,0.1667596998096891,0.0,1.0003927550604772,1.4,0.0490222465545259,0.4540534637510234,1.7480424682541689,3.8000000000000007,1.0,0.2652308917172348,16.0,0.0,0.0,0.0,1818,65448,18,0.2,0.0,0.3832721485160069,-0.0020724127447602,-0.0013085420288234,0.0331420011590637,0.0972135102374281
B3,S6,28,5,49.54818271827969,0.1734023281257037,4.0,1.0003927550604772,1.4,0.0499625380471155,0.4518172817203094,2.148140486634144,5.0,1.0,0.2633951165601598,16.0,0.0,0.0,0.0,1818,65448,18,0.2,0.0,0.4070506633664504,0.0003810514266586,-0.0009953671321127,0.0169488236361914,0.0492336676922441
B4,S6,28,5,49.548668618285454,0.17618450826186,4.0,1.0003927550604772,1.4,0.0496753874162085,0.4513313817145459,2.2778222157577788,5.0,1.0,0.2617594690807721,0.0,0.0,0.0,-0.0043971867095823,1818,65448,18,0.2,0.0,0.4497226633644134,0.0003259556164043,-0.0007405055375926,0.0114452788439649,0.0362094560285882
B5,S6,28,5,49.54855736273053,0.1759339640143997,4.0,1.0003927550604772,1.4,0.0495761766841862,0.4514426372694657,2.2664418448019275,5.0,1.0,0.2619176545107144,16.0,0.0,0.0,0.0,1818,65448,18,0.2,0.0,0.4317887524749575,0.0003240857861515,-0.0007397277265681,0.0115084490594128,0.036371562461624
P,S6,28,5,49.54906783844029,0.1755863064482926,4.0,1.0003927550604772,1.4,0.049648966197663,0.4509321615597059,2.260429088212858,5.0,1.0,0.262280256105477,16.0,0.0,0.0,0.0,623,22428,18,1.0,0.0,0.4318412079240684,1.5923852432209173e-05,-0.0012972894530491,0.0132755596133833,0.0438471621976553
B0,S7,28,5,49.11678786974664,0.4310175357114717,0.0,1.9338898704416403,7.0,0.0741792007804779,0.5623419323824166,5.215336789611479,5.0,0.0,0.3856027946754292,16.0,0.0,0.0,0.0,0,0,0,0.0,0.0,0.2489405049498888,0.0,0.0,0.0,0.0
B1,S7,28,5,48.83753657891128,0.5496184275637396,0.0,1.0003927550604772,1.4,0.0788977585405414,0.6386067428434572,6.606146793039777,5.0,0.0,0.494218328651874,16.0,0.0,0.0,0.0,18180,654480,180,0.2,0.0,0.4173683465334833,0.3727079704054175,0.1847991084701021,1.1868582246161878,4.618768960769587
B2,S7,28,5,48.83678882390505,0.548869590275585,0.0,1.0003927550604772,1.4,0.075217074022468,0.6386067428434572,6.531385425962784,5.0,0.0,0.4913364967596983,16.0,0.0,0.0,0.0,1818,65448,18,0.2,0.0,0.4729925742572275,0.3800374777211356,0.1832447370636103,1.1872783518825043,4.818506002284287
B3,S7,28,5,48.83678882390505,0.5444333210567973,4.0,1.0003927550604772,1.4,0.0742696304147473,0.6386067428434572,6.483093589066336,5.0,0.0,0.4855712925107011,16.0,0.0,0.0,0.0,1818,65448,18,0.2,0.0,0.3983881782158566,0.3714120443577522,0.1857940939910349,1.384361176481491,5.052101565029716
B4,S7,28,5,48.94373376351426,0.5127098755150464,4.0,1.0003927550604772,1.4,0.0805001428743897,0.6212701719747216,6.207109783846937,5.0,0.0,0.4649702274943847,0.0,5.0,0.2742574257425743,0.4099116536984808,1818,65448,18,0.2,0.0,0.4252254356432255,0.3368513228695907,0.169198284722583,1.267533962929221,4.761320592254666
B5,S7,28,5,48.83678882390505,0.5444940331145137,4.0,1.0003927550604772,1.4,0.074724171785555,0.6386067428434572,6.543392809328936,5.0,0.0,0.48657796563541,3.0,0.0,0.0,0.0035289404863195,1818,65448,18,0.2,0.0,0.5252984554470747,0.3688841548862656,0.1864243778474232,1.395705033707337,5.101970841412194
P,S7,28,5,48.83678882390505,0.5388990135630729,4.0,1.0003927550604772,1.4,0.0718945499741158,0.6386067428434572,6.301254874504208,5.0,0.0,0.4539217957369165,16.0,0.0,0.0,0.0,1236,44496,18,1.0,0.0,0.4420087623765368,0.3633286309672124,0.186377291830702,1.3954189315085015,4.700299127987669
B0,S0,29,5,49.06561323218212,0.4531547705448934,4.0,1.9338898704416403,7.0,0.0739676737934306,0.5882852693923724,5.481536310904408,5.0,0.0,0.4022673903376018,0.0,0.0,0.0,0.0,0,0,0,0.0,0.0,0.242820930695713,0.0,0.0,0.0,0.0
B1,S0,29,5,49.51859269905663,0.1882523066751081,0.0,1.0003927550604772,1.4,0.060054008256133,0.4787610692069961,2.073558247249553,4.199999999999999,1.0,0.2937560531721893,0.0,0.0,0.0,0.0,18180,654480,180,0.2,0.0,0.3797346534615781,0.0,0.0,0.0,0.0
B2,S0,29,5,49.516353555701365,0.1842437951658599,0.0,1.0003927550604772,1.4,0.0489684908554313,0.4801674380309606,1.930254547246948,5.0,1.0,0.2839669697583284,0.0,0.0,0.0,0.0,1818,65448,18,0.2,0.0,0.3764776831690817,0.0,0.0,0.0,0.0
B3,S0,29,5,49.51804506442652,0.1835415064650024,0.0,1.0003927550604772,1.4,0.049031121866111,0.4788908103708635,2.010481385486168,5.0,1.0,0.2809212934539022,0.0,0.0,0.0,0.0,1818,65448,18,0.2,0.0,0.41040688118769,0.0,0.0,0.0,0.0
B4,S0,29,5,49.51820127288144,0.1836491258611562,0.0,1.0003927550604772,1.4,0.0489473912685771,0.4787749497815525,2.0320031668968443,5.0,1.0,0.280681400984034,0.0,0.0,0.0,-0.0129573202217729,1818,65448,18,0.2,0.0,0.4192205841592464,0.0,0.0,0.0,0.0
B5,S0,29,5,49.51821019530367,0.1836422624942014,0.0,1.0003927550604772,1.4,0.0489143935604445,0.4787682736170211,2.032143650795744,5.0,1.0,0.2806642159726336,0.0,0.0,0.0,0.0,1818,65448,18,0.2,0.0,0.4389549802017247,0.0,0.0,0.0,0.0
P,S0,29,5,49.51770528658354,0.1838325903645474,0.0,1.0003927550604772,1.4,0.0488591001733182,0.4791589249475549,2.0301578164011342,5.0,1.0,0.2810090234431375,0.0,0.0,0.0,0.0,608,21888,18,1.0,0.0,0.4104777821798916,0.0,0.0,0.0,0.0
B0,S1,29,5,49.06561323218212,0.4531547705448934,4.0,1.9338898704416403,7.0,0.0739676737934306,0.5882852693923724,5.481536310904408,5.0,0.0,0.3989340570042684,15.0,0.0,0.0,0.0,0,0,0,0.0,0.0,0.2406726831656786,0.0,0.0,0.0,0.0
B1,S1,29,5,49.52209466222707,0.1836046661479693,0.0,1.0003927550604772,1.4,0.0584088325663638,0.4760780598367091,1.99522886720088,4.0,1.0,0.2858413428163516,15.0,0.0,0.0,0.0,18180,654480,180,0.2,0.0,0.3841762079198563,-0.0050586775536843,-0.0029066506309973,0.0284876439195969,0.1093088568470235
B2,S1,29,5,49.53581006309707,0.1796046861657259,0.0,1.0003927550604772,1.4,0.0542348254677192,0.4641899369029332,1.9374311091958465,5.0,1.0,0.2694380005421478,15.0,0.0,0.0,0.0,1818,65448,18,0.2,0.0,0.3922148613839616,-0.0046395125842335,-0.0159785248840762,0.3382851801793975,0.7004041075387404
B3,S1,29,5,49.51966149238324,0.1830040511968084,0.0,1.0003927550604772,1.4,0.0492692256058836,0.4776813387967138,2.014449064160459,5.0,1.0,0.276887102704659,15.0,0.0,0.0,0.0,1818,65448,18,0.2,0.0,0.5283965643540418,-0.0005103953416542,-0.0011541627948901,0.0216271014633164,0.0441865760295421
B4,S1,29,5,49.520325354767685,0.1829710823158161,0.0,1.0003927550604772,1.4,0.049315581109769,0.4771853468638696,2.03571028649266,5.0,1.0,0.2763538895195431,0.0,0.0,0.0,0.017875033821152,1818,65448,18,0.2,0.0,0.5058004554475791,-0.0006167852168694,-0.0014560590162062,0.0241534817161621,0.0531978170521817
B5,S1,29,5,49.51830938738395,0.1836293285330338,0.0,1.0003927550604772,1.4,0.0489607208232245,0.4786959046806416,2.0325849626514807,5.0,1.0,0.2775085377717896,0.2000000000000001,9.0,0.0,0.6365748301669657,1818,65448,18,0.2,0.0,0.4293378712897927,4.703004509706843e-05,6.117494647384092e-05,0.0004684132165735,0.0017657093692697
P,S1,29,5,49.51777639206657,0.1839035490537784,0.0,1.0003927550604772,1.4,0.0489452605531655,0.4791074784782978,2.034123993075793,5.0,1.0,0.2778739927191586,0.7999999999999998,9.0,0.0,0.6249302169376725,620,22320,18,1.0,0.0,0.4331152475213745,8.579362912680688e-06,-0.000217163820352,0.0089475620151233,0.015046457203465
B0,S2,29,5,49.11678786974664,0.4310175357114717,0.0,1.9338898704416403,7.0,0.0741792007804779,0.5623419323824166,5.215336789611479,5.0,0.0,0.3856027946754292,16.0,0.0,0.0,0.0,0,0,0,0.0,0.0,0.2439562376236095,0.0,0.0,0.0,0.0
B1,S2,29,5,49.5485538394338,0.1716083582524447,0.0,1.0003927550604772,1.4,0.0618627784230081,0.4514461605661992,1.912852985402328,4.0,1.0,0.2795523471842193,16.0,0.0,0.0,0.0,18180,654480,180,0.2,0.0,0.4079531287142444,-0.0053000043137618,-0.002338600829951,0.0324166531300491,0.116347309676582
B2,S2,29,5,49.55787121430478,0.1670846510107698,0.0,1.0003927550604772,1.4,0.0523372622975302,0.4421287856952176,1.840984107624831,5.0,1.0,0.2644950171131806,16.0,0.0,0.0,0.0,1818,65448,18,0.2,0.0,0.4384748316813712,-0.0016849390307928,-0.0132882953935862,0.2839219706127025,0.5965637260115917
B3,S2,29,5,49.55179205482345,0.1730633233151523,4.0,1.0003927550604772,1.4,0.05119367022282,0.4482079451765486,2.159936514620904,5.0,1.0,0.263472894934763,16.0,0.0,0.0,0.0,1818,65448,18,0.2,0.0,0.4523050396042296,-9.589528157410988e-05,-0.0044239728441795,0.0570370431462876,0.135580549637887
B4,S2,29,5,49.55168155585031,0.1730421070952482,4.0,1.0003927550604772,1.4,0.0507632975437344,0.4483184441496917,2.1530002051539,5.0,1.0,0.263136235923782,0.0,0.0,0.0,0.0212112752659668,1818,65448,18,0.2,0.0,0.4840154059379394,0.0001828204398577,-0.0044392633693632,0.0607391604404625,0.1446578025851607
B5,S2,29,5,49.54804952128752,0.1729304032676936,4.0,1.0003927550604772,1.4,0.0496684720822439,0.451950478712483,2.1214460628114336,5.0,1.0,0.2639723433814498,1.2000000000000002,5.0,0.0,0.5603664740590534,1818,65448,18,0.2,0.0,0.5203180396012325,0.000425205181729,-0.0009938101942594,0.0194676142990815,0.0492871537189976
P,S2,29,5,49.54854378349304,0.1732405505621271,4.0,1.0003927550604772,1.4,0.049942574913054,0.451456216506962,2.1307247988585503,5.0,1.0,0.2639645217332758,1.2000000000000002,5.0,0.0,0.5680751500240407,678,24408,18,1.0,0.0,0.5737259108884407,0.0006831684693645,-0.0009591459930931,0.0245666091336644,0.0513486015729661
B0,S3,29,5,49.065613232182116,0.4531547705448934,4.0,1.9338898704416405,7.0,0.07396767379343068,0.5882852693923724,5.481536310904408,5.0,0.0,0.4022673903376018,15.0,0.0,0.0,0.0,0,0,0,0.0,0.0,0.25367758416004926,0.0,0.0,0.0,0.0
B1,S3,29,5,49.51636700870257,0.1914713728344483,0.0,1.0003927550604772,1.4000000000000001,0.060350307703352896,0.4804664630940749,2.126526378461823,5.0,1.0,0.29469121554443445,0.20000000000000018,0.0,0.0,0.0,18180,654480,180,1.6,0.0,0.4142033168307643,0.0032190661593402004,0.0017053938870787988,0.01708211408060123,0.06040807946682562
B2,S3,29,5,49.517012123051316,0.18339658393049235,0.0,1.0003927550604772,1.4000000000000001,0.04897727072932419,0.47965532266238853,1.907163467231176,5.0,1.0,0.2835069343729995,0.20000000000000018,0.0,0.0,0.0,1818,65448,18,1.6,0.0,0.4910678316858562,-0.0008472112353675454,-0.0005121153685720969,0.010965708424130582,0.02471212558091124
B3,S3,29,5,49.51841249588326,0.18341554067789734,0.0,1.0003927550604772,1.4000000000000001,0.04907403692792167,0.4786158803793015,2.0118322154047936,5.0,1.0,0.280724054662808,0.20000000000000018,0.0,0.0,0.0,1818,65448,18,1.6,0.25742574257425743,0.4613285940613783,-0.00012596578710505346,-0.000274929991562034,0.005716499099349903,0.011452088072887532
B4,S3,29,5,49.518494107671344,0.18356054462894256,0.0,1.0003927550604772,1.4000000000000001,0.04895938631491343,0.4785558390744953,2.0335989442863713,5.0,1.0,0.28034880281749974,0.0,0.0,0.0,0.01787500962683919,1818,65448,18,1.6,0.25742574257425743,0.5029680296997462,-8.858123221364145e-05,-0.00021911070705721292,0.0043730623594555595,0.009475328352043984
B5,S3,29,5,49.518502576562774,0.1835564017688566,0.0,1.0003927550604772,1.4000000000000001,0.048926528990444265,0.4785495022624673,2.0337048437829885,5.0,1.0,0.280332293922278,0.20000000000000018,0.0,0.0,0.0,1818,65448,18,1.6,0.25742574257425743,0.4542073366333215,-8.586072534480516e-05,-0.00021877135455383723,0.004343421400093916,0.009424751532833396
P,S3,29,5,49.518121448887015,0.18372712703387625,0.0,1.0003927550604772,1.4000000000000001,0.048926957701349034,0.4788294664411694,2.0311575192492057,5.0,1.0,0.2810274518408738,0.8000000000000007,0.0,0.0,0.0,617,22212,18,1.6,0.25742574257425743,0.4326610099017464,-0.00010546333067115721,-0.0003294585063854938,0.004508917390118938,0.00875042924875302
B0,S4,29,5,49.06561323218212,0.4531547705448934,4.0,1.9338898704416403,7.0,0.0739676737934306,0.5882852693923724,5.481536310904408,5.0,0.0,0.3989340570042684,0.0,0.0,0.0,0.0,0,0,0,0.0,0.0,0.261044980196866,0.0,0.0,0.0,0.0
B1,S4,29,5,49.51892255220798,0.1878205669168698,0.0,1.0003927550604772,1.4,0.0602312946544816,0.4785121719725254,2.066958755203464,4.199999999999999,1.0,0.2905223061128656,0.0,0.0,0.0,0.0,14270,513720,180,1.6,0.0,0.4371786930692402,-0.0008427767847838,-0.0004725384951811,0.0045819010964436,0.0166302979370129
B2,S4,29,5,49.51640834204383,0.1841839034402172,0.0,1.0003927550604772,1.4,0.0490382172928978,0.4800182569796263,1.924310707366113,5.0,1.0,0.2804667259495635,0.0,0.0,0.0,0.0,1427,51372,18,1.6,0.0,0.4136188316815515,-6.029530974230313e-05,-0.0001502048073831,0.0024291606087558,0.0059973921422695
B3,S4,29,5,49.51816430711626,0.1835649423505376,0.0,1.0003927550605,1.4,0.0490311329654669,0.4787334291175398,2.014403858830637,5.0,1.0,0.2768083515993737,0.0,0.0,0.0,0.0,1427,51372,18,1.6,0.3366336633663366,0.4099970495027976,5.049581207491882e-05,-0.0001020724740641,0.0024962628398697,0.0048516274473037
B4,S4,29,5,49.51830362854061,0.1835991654273742,0.0,1.0003927550605,1.4,0.0489061927644478,0.4786276684380297,2.034900830480084,5.0,1.0,0.2763941754318258,0.0,0.0,0.0,-0.0128589042243041,1427,51372,18,1.6,0.3366336633663366,0.4518607920815183,1.1297894688649944e-05,-1.3737442046135584e-05,0.0037185908803678,0.008757135985472
B5,S4,29,5,49.518311015089104,0.1836113004686754,0.0,1.0003927550605,1.4,0.0488705838014012,0.4786221413806402,2.035489896984285,5.0,1.0,0.2763803894879137,0.0,0.0,0.0,0.0,1427,51372,18,1.6,0.3366336633663366,0.4953608019811984,2.900198073860216e-05,-1.2588353527576146e-05,0.0036644942804073,0.008017038339026
P,S4,29,5,49.5177977688997,0.1838471936853406,0.0,1.0003927550608287,1.4,0.0486739596018682,0.479058342871788,2.0338802701091923,5.0,1.0,0.2768986905009813,0.0,0.0,0.0,0.0,471,16956,18,1.6,0.4158415841584158,0.4383691386132035,-4.777600552507977e-05,-0.0002662994268618,0.0088129879467473,0.0184486951985313
B0,S5,29,5,49.06561323218212,0.4531547705448934,4.0,1.9338898704416403,7.0,0.0739676737934306,0.5882852693923724,5.481536310904408,5.0,0.0,0.3989340570042684,15.0,0.0,0.0,0.0,0,0,0,0.0,0.0,0.3494174059389731,0.0,0.0,0.0,0.0
B1,S5,29,5,49.512084360445,0.1990349286572938,0.0,1.0003927550604772,1.4,0.0614992015203138,0.4837362866869554,2.2603030167409583,5.0,1.0,0.2944941925709343,15.0,0.0,0.0,0.0,18180,654480,180,0.2,0.0,0.5087392772309451,0.0103715849556401,0.0047515762192489,0.0514146308917844,0.188155699810315
B2,S5,29,5,48.98099207661917,0.4610347111242542,0.0,1.0003927550604772,1.4,0.0562028139691634,0.5812258442377356,5.11288881464336,5.0,0.0,0.3864865499230187,15.0,0.0,0.0,0.0,1818,65448,18,0.2,0.0,0.4077429999993586,0.2767905123742947,0.1010573824507261,1.016147077452203,3.182629729812299
B3,S5,29,5,49.515576282571296,0.1848465458364913,0.0,1.0003927550604772,1.4,0.0487292196013038,0.480786780157203,2.0143777319542187,5.0,1.0,0.2786590463013382,15.0,0.0,0.0,0.0,1818,65448,18,0.2,0.0,0.4204559405966077,0.0013320992980286,0.001951278565599,0.0402085289625944,0.0831659667190223
B4,S5,29,5,49.51478281512847,0.1856441333596764,0.0,1.0003927550604772,1.4,0.0484603464454281,0.481423865398078,2.0395203112489204,5.0,1.0,0.2787320039224714,0.0,0.0,0.0,0.0178749474388846,1818,65448,18,0.2,0.0,0.4479976435657878,0.0020562658269907,0.0027824595180021,0.0564477029089971,0.1196728224737966
B5,S5,29,5,49.51830938738395,0.1836293285330338,0.0,1.0003927550604772,1.4,0.0489607208232245,0.4786959046806416,2.0325849626514807,5.0,1.0,0.2775085377717896,0.2000000000000001,6.0,0.0,0.697170871222309,1818,65448,18,0.2,0.0,0.4274735247506241,4.703004509706843e-05,6.117494647384092e-05,0.0004684132165735,0.0017657093692697
P,S5,29,5,49.51777639206657,0.1839035490537784,0.0,1.0003927550604772,1.4,0.0489452605531655,0.4791074784782978,2.034123993075793,5.0,1.0,0.2778739927191586,0.7999999999999998,6.0,0.0,0.6693556880192908,632,22752,18,1.0,0.0,0.405081306929211,8.579362912680688e-06,-0.000217163820352,0.0089475620151233,0.015046457203465
B0,S6,29,5,49.11678786974664,0.4310175357114717,0.0,1.9338898704416403,7.0,0.0741792007804779,0.5623419323824166,5.215336789611479,5.0,0.0,0.3856027946754292,16.0,0.0,0.0,0.0,0,0,0,0.0,0.0,0.2527618019818271,0.0,0.0,0.0,0.0
B1,S6,29,5,49.5460297004535,0.1770494674136602,0.0,1.0003927550604772,1.4,0.0619308353864229,0.4539702995464978,1.9920602070939624,4.199999999999999,1.0,0.2792039687862379,16.0,0.0,0.0,0.0,18180,654480,180,0.2,0.0,0.4803969801998554,0.0001411048474537,0.0001855381503474,0.0070991577788035,0.0121615704892548
B2,S6,29,5,49.54638785824606,0.1664659684222597,0.0,1.0003927550604772,1.4,0.0489468261280469,0.4536121417539434,1.7607866681156272,3.6000000000000014,1.0,0.2643611885431867,16.0,0.0,0.0,0.0,1818,65448,18,0.2,0.0,0.4881280396067169,-0.0023036216193029,-0.0018049393348604,0.0429267163894593,0.1319706657654464
B3,S6,29,5,49.548155673225445,0.1736994292645608,4.0,1.0003927550604772,1.4,0.0501246961510376,0.4518443267745553,2.1609480788218725,5.0,1.0,0.2633917737109066,16.0,0.0,0.0,0.0,1818,65448,18,0.2,0.0,0.4615491980210677,0.0005402106678344,-0.0007875912461727,0.0156822240717389,0.0478553402862807
B4,S6,29,5,49.54762527104496,0.1733038245552004,4.0,1.0003927550604772,1.4,0.0494020777979614,0.4523747289550428,2.143377301931867,5.0,1.0,0.2632443436146474,0.0,0.0,0.0,0.0212114264637535,1818,65448,18,0.2,0.0,0.4874303366308919,0.0004445378998098,-0.0003829785640121,0.0138354967727707,0.0338573952566626
B5,S6,29,5,49.54743822983729,0.1729630796746667,4.0,1.0003927550604772,1.4,0.0493377073768056,0.4525617701627098,2.122954847706706,5.0,1.0,0.2635160261889825,16.0,0.0,0.0,0.0,1818,65448,18,0.2,0.0,0.525396514851561,0.0004578815887021,-0.0003825187440327,0.0148710171353556,0.0355779935499313
P,S6,29,5,49.548310095737314,0.1728228821318702,4.0,1.0003927550604772,1.4,0.0496295269477712,0.451689904262686,2.123182434454621,5.0,1.0,0.2637178504993864,16.0,0.0,0.0,0.0,584,21024,18,1.0,0.0,0.475309089108465,0.0002655000391075,-0.000725458237369,0.0140158156196861,0.0391798526663691
B0,S7,29,5,49.11678786974664,0.4310175357114717,0.0,1.9338898704416403,7.0,0.0741792007804779,0.5623419323824166,5.215336789611479,5.0,0.0,0.3856027946754292,16.0,0.0,0.0,0.0,0,0,0,0.0,0.0,0.2730090594076779,0.0,0.0,0.0,0.0
B1,S7,29,5,48.837543361471326,0.5499428734671435,0.0,1.0003927550604772,1.4,0.0791010355688118,0.6386067428434572,6.615646938951667,5.0,0.0,0.4947371774535616,16.0,0.0,0.0,0.0,18180,654480,180,0.2,0.0,0.4910341782162126,0.373034510900937,0.1848219814473068,1.187196023208294,4.628043726833394
B2,S7,29,5,48.83678882390505,0.5489875515149247,0.0,1.0003927550604772,1.4,0.0753384220651547,0.6386067428434572,6.535367025082093,5.0,0.0,0.4915495220587367,16.0,0.0,0.0,0.0,1818,65448,18,0.2,0.0,0.4324392574258442,0.380217961473362,0.1831896617546533,1.1884408376904148,4.828154347726517
B3,S7,29,5,48.83678882390505,0.5446228895747814,4.0,1.0003927550604772,1.4,0.0746480495591195,0.6386067428434572,6.491957353646493,5.0,0.0,0.486174843513645,16.0,0.0,0.0,0.0,1818,65448,18,0.2,0.0,0.5423244455423538,0.371463670978055,0.1859748248227291,1.385271003175859,5.073447738321858
B4,S7,29,5,48.93679741517107,0.5166478129376079,4.0,1.0003927550604772,1.4,0.0799494900613004,0.6243260003539461,6.2114323872793005,5.0,0.0,0.4677324761800532,0.0,5.0,0.2742574257425743,0.4064540781642135,1818,65448,18,0.2,0.0,0.5715448514865333,0.3437885262822173,0.1715682928348911,1.2667189988324452,4.776559659627363
B5,S7,29,5,48.83678882390505,0.5454651417706725,4.0,1.0003927550604772,1.4,0.0746247286211519,0.6386067428434572,6.518611067433696,5.0,0.0,0.4879627267826655,3.0,0.0,0.0,0.0351826246798959,1818,65448,18,0.2,0.0,0.4503026633675191,0.3729599436847078,0.1856624539367146,1.382608838763936,5.084838997962139
P,S7,29,5,48.83678882390505,0.5386437233300497,4.0,1.0003927550604772,1.4,0.0720171607662546,0.6386067428434572,6.227138856646452,5.0,0.0,0.4553694248422519,16.0,0.0,0.0,0.0,1231,44316,18,1.0,0.0,0.4503007722803994,0.3660863412372871,0.1861913803434021,1.3919821131500996,4.700542992867843
P,S0,0,10,49.75555121209565,0.0623954517187876,0.0,1.50539230867262,1.4,0.008971353131169,0.2444487879043464,0.541918260565837,0.200000000000001,1.0,0.5258841660563929,0.0,0.0,0.0,0.0,1426,51336,44,1.0,0.0,0.6077636039572999,0.0,0.0,0.0,0.0
P,S4,0,10,49.75555121209565,0.0622546923838025,0.0,1.505392308673674,1.4,0.0089807268368993,0.2444487879043464,0.5395521838474927,0.200000000000001,1.0,0.5116572866632022,0.0,0.0,0.0,0.0,1161,41796,44,1.6,0.4158415841584158,0.5831361782154567,-8.952122377695743e-05,0.0,0.0015709498496931,0.0046528375576329
P,S7,0,10,49.69509188956855,0.1619064870929407,0.0,1.50539230867262,1.4,0.0108122395069217,0.2997138430094139,2.023092138265396,5.0,1.0,0.5525148201217042,16.0,0.0,0.0,0.0,3099,111564,44,1.0,0.0,0.6240999207893585,0.102418029836979,0.064130316267537,0.3099329621957594,1.7605030870300684
P,S0,1,10,49.74143167473477,0.0663973851314416,0.0,1.4236138689426814,1.4,0.0099508295490617,0.2585683252652302,0.5989147039704924,0.4000000000000003,1.0,0.5128281706701118,0.0,0.0,0.0,0.0,1340,48240,44,1.0,0.0,0.6363179504930513,0.0,0.0,0.0,0.0
P,S4,1,10,49.74143167473477,0.0664423920911877,0.0,1.4236138689286373,1.4,0.0099094085314863,0.2585683252652302,0.5940648546303579,0.4000000000000003,1.0,0.5089820797619162,0.0,0.0,0.0,0.0,1065,38340,44,1.6,0.4356435643564356,0.6000096534647821,0.0003281598469587,0.0,0.0037731493422441,0.0198183769415408
P,S7,1,10,49.67592655912201,0.1722599569870098,0.0,1.4236138689426814,1.4,0.0123267055748207,0.3180010825304435,2.1280169556331785,5.0,1.0,0.5560138712389876,16.0,0.0,0.0,0.0,3077,110772,44,1.0,0.0,0.6459411089134945,0.1092481122278525,0.0686880840701036,0.3333805467970947,1.8583216324869771
P,S0,2,10,49.78898139155812,0.0512607194154174,0.0,1.1625081822841232,1.4,0.0110286954733147,0.2110186084418828,0.4472572460631687,0.200000000000001,1.0,0.4152006173642421,0.0,0.0,0.0,0.0,1662,59832,42,1.0,0.0,0.6257579009906123,0.0,0.0,0.0,0.0
P,S4,2,10,49.78898139155812,0.0514013024098407,0.0,1.1625081822836374,1.4,0.0112348368275202,0.2110186084418828,0.4576626317581186,0.200000000000001,1.0,0.4071063486396123,0.0,0.0,0.0,0.0,1309,47124,42,1.6,0.4158415841584158,0.5846103168316926,0.0001271542194687,0.0,0.005099527912499,0.0240485999324405
P,S7,2,10,49.71603990875186,0.1535037981390185,0.0,1.1625081822841232,1.4,0.0146095914710858,0.2773296765028519,1.9605357725643515,5.0,1.0,0.4436542246356311,16.0,0.0,0.0,0.0,3185,114660,42,1.0,0.0,0.6943361386130155,0.1037794397104771,0.0742641590989094,0.2928749360064842,1.7474989258836269
P,S0,3,10,49.750179294481086,0.0635154631946209,0.0,1.296075449451601,1.4,0.0081425279197053,0.2498207055189141,0.522745480551385,0.200000000000001,1.0,0.5335303211553599,0.0,0.0,0.0,0.0,1341,48276,42,1.0,0.0,0.5971872574264125,0.0,0.0,0.0,0.0
P,S4,3,10,49.750179294481086,0.0631591753176727,0.0,1.2960754494497877,1.4,0.0082027788890731,0.2498207055189141,0.5097441307442723,0.200000000000001,1.0,0.5259407572382252,0.0,0.0,0.0,0.0,1033,37188,42,1.6,0.4356435643564356,0.6266161386151051,-0.000308979322324,0.0,0.0037359793537419,0.0152899903353201
P,S7,3,10,49.690772805767466,0.1662598103055013,0.0,1.296075449451601,1.4,0.0113546942695514,0.3040799869113044,2.082885422697701,5.0,1.0,0.5674255916158724,16.0,0.0,0.0,0.0,2953,106308,42,1.0,0.0,0.6319710198050137,0.1054384724223598,0.0632760621229593,0.3187731723768578,1.824497817386752
P,S0,4,10,49.75501201080488,0.059963987852921,0.0,1.3065429291900326,1.4,0.009979373666209,0.2449879891951241,0.4849774905658108,0.200000000000001,1.0,0.4916853437838052,0.0,0.0,0.0,0.0,1355,48780,42,1.0,0.0,0.6772889108934479,0.0,0.0,0.0,0.0
P,S4,4,10,49.75501201080488,0.0598149180960917,0.0,1.306542929189776,1.4,0.0099956328954498,0.2449879891951241,0.4778985884736897,0.200000000000001,1.0,0.4767145288060548,0.0,0.0,0.0,0.0,1048,37728,42,1.6,0.4059405940594059,0.6437311881200003,-9.95025856325646e-05,0.0,0.0035266205708381,0.0072647568257536
P,S7,4,10,49.68605609474371,0.1727072807354965,0.0,1.3065429291900326,1.4,0.0133792982656812,0.3075351979353371,2.2000860804841222,5.0,1.0,0.5211634112650104,16.0,0.0,0.0,0.0,2972,106992,42,1.0,0.0,0.689068811884636,0.1152758282929491,0.0714272921950254,0.3053162979787629,1.7797993513781218
P,S0,5,10,49.73252822610584,0.0665284238873719,0.0,1.0633904704012829,1.2000000000000002,0.0114095670449391,0.2674717738941581,0.5177174434111569,0.4000000000000003,1.0,0.5123771091580207,0.0,0.0,0.0,0.0,1396,50256,42,1.0,0.0,0.7018489603988111,0.0,0.0,0.0,0.0
P,S4,5,10,49.73252822610584,0.0666205631185476,0.0,1.0633904704016317,1.2000000000000002,0.0114279446485207,0.2674717738941581,0.5241554744511355,0.4000000000000003,1.0,0.4993037368700811,0.0,0.0,0.0,0.0,1048,37728,42,1.6,0.396039603960396,0.5968957524745215,0.0001588349628575,0.0,0.0068710009041055,0.0284672229764822
P,S7,5,10,49.65992416110725,0.1893511231384199,0.0,1.0633904704012829,1.2000000000000002,0.0145806889177512,0.3327608922379497,2.405493900381467,5.0,1.0,0.5562570610910844,16.0,0.0,0.0,0.0,3050,109800,42,1.0,0.0,0.6820101485158879,0.1258365393187738,0.0747851755984783,0.3347742706358403,1.935961245011226
P,S0,6,10,49.74145029933638,0.0681966697918689,0.0,1.261963043677692,1.4,0.0064402498997339,0.2585497006636217,0.6800690136450349,0.200000000000001,1.0,0.5803956407604491,0.0,0.0,0.0,0.0,1259,45324,44,1.0,0.0,0.7002212376229893,0.0,0.0,0.0,0.0
P,S4,6,10,49.74145029933638,0.0676877001596777,0.0,1.2619630436778035,1.4,0.0064272831852079,0.2585497006636217,0.6634946067406104,0.200000000000001,1.0,0.5691094761247882,0.0,0.0,0.0,0.0,1005,36180,44,1.6,0.4158415841584158,0.6545997227728756,-0.000328515581034,0.0,0.0035642536239279,0.0141022757259385
P,S7,6,10,49.6883192661493,0.1735921816686674,0.0,1.261963043677692,1.4,0.009946778749847,0.3070370966361153,2.233112232624413,5.0,1.0,0.6324461851219181,16.0,0.0,0.0,0.0,3108,111888,44,1.0,0.0,0.6608103564380289,0.109681132797301,0.0573165452850119,0.3285641628908564,1.9192146144232325
P,S0,7,10,49.77697290506443,0.0554450866648618,0.0,1.3632282780225713,1.4,0.009579334676291,0.223027094935567,0.484240614766842,0.200000000000001,1.0,0.4603216471847726,0.0,0.0,0.0,0.0,1496,53856,44,1.0,0.0,0.696667900989845,0.0,0.0,0.0,0.0
P,S4,7,10,49.77697290506443,0.0557732719087878,0.0,1.3632282780134652,1.4,0.0096026994590122,0.223027094935567,0.4961641314337761,0.200000000000001,1.0,0.4477450889400331,0.0,0.0,0.0,0.0,1180,42480,44,1.6,0.4257425742574257,0.6331869207954669,0.0001991684700903,0.0,0.0026940397125798,0.0069224473135321
P,S7,7,10,49.71136030036904,0.1565513606001397,0.0,1.3632282780225713,1.4,0.0125527229663744,0.2830597716509615,1.9756337900165704,5.0,1.0,0.4939865273111494,16.0,0.0,0.0,0.0,3212,115632,44,1.0,0.0,0.6828547029681882,0.1039020582375554,0.0683024174610764,0.2966137542421236,1.7317958957839024
P,S0,8,10,49.75851685521139,0.0604573818701294,0.0,1.21649891843948,1.4,0.011048407660388,0.2414831447886101,0.5337081985472891,0.200000000000001,1.0,0.4437980109055447,0.0,0.0,0.0,0.0,1588,57168,44,1.0,0.0,0.6124905742554162,0.0,0.0,0.0,0.0
P,S4,8,10,49.75851685521139,0.0597479868945563,0.0,1.2164989184391124,1.4,0.0110348765331078,0.2414831447886101,0.514206102322921,0.200000000000001,1.0,0.4322453066203397,0.0,0.0,0.0,0.0,1264,45504,44,1.6,0.4059405940594059,0.6155267821785595,-0.000893727011197,0.0,0.011731441105752,0.0366962443326329
P,S7,8,10,49.6783545757191,0.1773280739449904,0.0,1.21649891843948,1.4,0.0136844696431188,0.3132266077100496,2.2857252816256888,5.0,1.0,0.4928041099132373,3.0,0.0,0.0,8.098834009795386e-05,3129,112644,44,1.0,0.0,0.6409498415847014,0.1199946418797162,0.0805382144889677,0.3350231974382964,2.0372761423274937
P,S0,9,10,49.765624169936856,0.0571291427594606,0.0,1.1328756358442025,1.4,0.0101637143963516,0.2343758300631435,0.4280311692674402,0.200000000000001,1.0,0.4682048376470721,0.0,0.0,0.0,0.0,1414,50904,44,1.0,0.0,0.6087268217817098,0.0,0.0,0.0,0.0
P,S4,9,10,49.765624169936856,0.0572316357799615,0.0,1.1328756358438046,1.4,0.0101639951891296,0.2343758300631435,0.4328385942415862,0.200000000000001,1.0,0.4637036798122804,0.0,0.0,0.0,0.0,1074,38664,44,1.6,0.4158415841584158,0.60445100990085,-4.382989602053078e-05,0.0,0.005228968183836,0.0161005311225721
P,S7,9,10,49.69873119065383,0.1694962557248439,0.0,1.1328756358442025,1.4,0.0139611383635453,0.2953325385873597,2.171667176477067,5.0,1.0,0.5153778358594205,16.0,0.0,0.0,0.0,3143,113148,44,1.0,0.0,0.6556073960409506,0.1150544231824418,0.0695426416313225,0.3054883955211949,1.863710870682103
P,S0,10,10,49.75679438144174,0.0607744472195313,0.0,0.9479802638827224,1.2000000000000002,0.0089229306895189,0.2432056185582567,0.5303797902021544,0.200000000000001,1.0,0.4429926771641372,0.0,0.0,0.0,0.0,1595,57420,44,1.0,0.0,0.6478238613877099,0.0,0.0,0.0,0.0
P,S4,10,10,49.75679438144174,0.0605863795876945,0.0,0.9479802638820056,1.2000000000000002,0.0089504379482534,0.2432056185582567,0.5266168853083343,0.200000000000001,1.0,0.4383437375357909,0.0,0.0,0.0,0.0,1305,46980,44,1.6,0.4257425742574257,0.5962870990119297,-0.0001423320755523,0.0,0.0024917487695077,0.0089555073862953
P,S7,10,10,49.67582531195325,0.1715987796015332,0.0,0.9479802638827224,1.2000000000000002,0.0118137990321828,0.3155697264458439,2.1600125469290896,5.0,1.0,0.4864317150987525,16.0,0.0,0.0,0.0,3147,113292,44,1.0,0.0,0.6337811980193863,0.113976775192726,0.0812063365929134,0.3252462886231981,1.895958518650306
P,S0,11,10,49.75664290430551,0.0617844506468174,0.0,1.1265558746252058,1.4,0.0095953329959856,0.2433570956944919,0.5347674689795353,0.200000000000001,1.0,0.4789244161367119,0.0,0.0,0.0,0.0,1446,52056,44,1.0,0.0,0.638409326729563,0.0,0.0,0.0,0.0
P,S4,11,10,49.75664290430551,0.0604422708336473,0.0,1.1265558746245463,1.4,0.009544360270555,0.2433570956944919,0.4843661669723261,0.200000000000001,1.0,0.4743061868210128,0.0,0.0,0.0,0.0,1105,39780,44,1.6,0.4158415841584158,0.6023764653451004,-0.0014942004411515,0.0,0.0164692316477967,0.067739470345338
P,S7,11,10,49.68822024985816,0.1664732487060461,0.0,1.1265558746252058,1.4,0.0110592849892067,0.3054787248619632,2.03804944356925,5.0,1.0,0.5120083404333279,16.0,0.0,0.0,0.0,3008,108288,44,1.0,0.0,0.6452212871300788,0.1084969960610341,0.070956566629853,0.3198859701451439,1.7753994570865328
P,S0,12,10,49.765287775670224,0.0572224678504564,0.0,1.1281129507392749,1.4,0.0073139892772052,0.2347122243297761,0.4437438605949353,0.200000000000001,1.0,0.4732604457024068,0.0,0.0,0.0,0.0,1450,52200,44,1.0,0.0,0.5971712178209844,0.0,0.0,0.0,0.0
P,S4,12,10,49.765287775670224,0.0570682394971349,0.0,1.128112950738307,1.4,0.0073147186486396,0.2347122243297761,0.4379565581010681,0.200000000000001,1.0,0.4624482382720455,0.0,0.0,0.0,0.0,1108,39888,44,1.6,0.4257425742574257,0.5442689108925755,-0.0001533654596878,0.0,0.0039995529312335,0.0067150303068245
P,S7,12,10,49.69728985147663,0.1695164270142213,0.0,1.1281129507392749,1.4,0.0090345444419009,0.2965971192210617,2.198387326630633,5.0,1.0,0.5175441339899469,16.0,0.0,0.0,0.0,3034,109224,44,1.0,0.0,0.6751408811873946,0.1138506449739255,0.0704810844554657,0.3198320485902783,1.9523621487159617
P,S0,13,10,49.743691118065584,0.0640686920219614,0.0,1.0060515474958815,1.2000000000000002,0.0090507773638109,0.2563088819344159,0.5599017726264947,0.200000000000001,1.0,0.508484629265023,0.0,0.0,0.0,0.0,1372,49392,44,1.0,0.0,0.6118337326748443,0.0,0.0,0.0,0.0
P,S4,13,10,49.743691118065584,0.0640137249380848,0.0,1.0060515474928,1.2000000000000002,0.0090336881653765,0.2563088819344159,0.554115251631277,0.200000000000001,1.0,0.5044934505019331,0.0,0.0,0.0,0.0,1112,40032,44,1.6,0.4356435643564356,0.5543668613823359,-0.0002780430418476,0.0,0.0048746870121121,0.0181127876273556
P,S7,13,10,49.67843292269539,0.1851171364159607,0.0,1.0060515474958815,1.2000000000000002,0.0113721431571271,0.315562146299321,2.39554485596978,5.0,1.0,0.5769073496288565,3.0,0.0,0.0,0.0002551487904826,3068,110448,44,1.0,0.0,0.7119939009904142,0.1243042738225759,0.0684462102933523,0.3357363471592975,2.0600963737297127
P,S0,14,10,49.731475808612,0.0737941265798318,1.4000000000000004,1.2981295965667148,1.4,0.0099240417681957,0.2685241913880034,0.8777977831034547,2.1999999999999997,1.0,0.4608770888915099,0.0,0.0,0.0,0.0,1771,63756,44,1.0,0.0,0.778498603960885,0.0,0.0,0.0,0.0
P,S4,14,10,49.731475808612,0.0731979223777867,1.4000000000000004,1.2981295965870772,1.4,0.0099777687089197,0.2685241913880034,0.8493971471624164,1.3999999999999986,1.0,0.4495400769857686,0.0,0.0,0.0,0.0,1402,50472,44,1.6,0.4257425742574257,0.6766705445542276,-6.099440937737399e-05,0.0,0.0056794810271512,0.0135032341527562
P,S7,14,10,49.63190100261093,0.2031428526313873,4.0,1.2981295965667148,1.4,0.0116844623779507,0.3549032980507078,2.6861818396465824,5.0,1.0,0.4923912002912687,16.0,0.0,0.0,0.0,3146,113256,44,1.0,0.0,0.7093978217811371,0.1342186236070191,0.0959149231685003,0.3302916238432516,1.8970396770889613
P,S0,15,10,49.75345421160976,0.0626966498976469,0.0,1.3359725401892302,1.4,0.0103284494548184,0.246545788390236,0.6063414098808343,0.4000000000000003,1.0,0.5284410151580157,0.0,0.0,0.0,0.0,1613,58068,44,1.0,0.0,0.6809813168306076,0.0,0.0,0.0,0.0
P,S4,15,10,49.75345421160976,0.0626994454675406,0.0,1.3359725401891214,1.4,0.0103600236489281,0.246545788390236,0.6045551527315182,0.4000000000000003,1.0,0.5136784452541131,0.0,0.0,0.0,0.0,1217,43812,44,1.6,0.396039603960396,0.6562691881182479,-0.0001779775303171,0.0,0.0070257671290789,0.0182005762890071
P,S7,15,10,49.691063572607256,0.178351637849087,0.0,1.3359725401892302,1.4,0.0136723360817665,0.3034661664079721,2.3656215945069268,5.0,1.0,0.5664815836892169,3.0,0.0,0.0,0.0120909363479315,3216,115776,44,1.0,0.0,0.7286236732667958,0.118264418130656,0.0658434080080638,0.2908459835257844,1.7838425417046142
P,S0,16,10,49.776605501948445,0.0550210928839781,0.0,1.1609864151762708,1.4,0.0070912693201116,0.2233944980515545,0.4960964977638666,0.0,1.0,0.4231895157526627,0.0,0.0,0.0,0.0,1538,55368,44,1.0,0.0,0.7164744851486308,0.0,0.0,0.0,0.0
P,S4,16,10,49.776605501948445,0.0555798828454459,0.0,1.160986415173568,1.4,0.0071041408031504,0.2233944980515545,0.5154095356678297,0.0,1.0,0.4129745601188829,0.0,0.0,0.0,0.0,1147,41292,44,1.6,0.4257425742574257,0.620445653463447,0.0007372878295567,0.0,0.0079850116104296,0.0311484850992712
P,S7,16,10,49.6997660850855,0.161811760448548,0.0,1.1609864151762708,1.4,0.009618373882306,0.2927003557927818,2.0468156663630883,5.0,1.0,0.4560640380717912,16.0,0.0,0.0,0.0,3069,110484,44,1.0,0.0,0.7755482079209296,0.1095126341556303,0.0776054664309526,0.3117743681113722,1.8311613139768208
P,S0,17,10,49.76380548704744,0.0580725535873178,0.0,1.1761227304354838,1.4,0.0110407064170314,0.236194512952558,0.4501222916996155,0.200000000000001,1.0,0.477082340878196,0.0,0.0,0.0,0.0,1459,52524,44,1.0,0.0,0.6569725247518904,0.0,0.0,0.0,0.0
P,S4,17,10,49.76380548704744,0.0577715492799695,0.0,1.1761227304355275,1.4,0.0110510738591195,0.236194512952558,0.4413155541258795,0.200000000000001,1.0,0.4686068566780764,0.0,0.0,0.0,0.0,1118,40248,44,1.6,0.396039603960396,0.6494718118795003,-0.0001333785043671,0.0,0.0041970394042323,0.0157284162369649
P,S7,17,10,49.69723663348135,0.1670639056337043,0.0,1.1761227304354838,1.4,0.0140487667894323,0.296850643274297,2.103801838205709,5.0,1.0,0.5130855772485109,16.0,0.0,0.0,0.0,3112,112032,44,1.0,0.0,0.6629592772282699,0.111859451451076,0.0692921616593054,0.3009660529317344,1.7372190615060592
P,S0,18,10,49.737159925584784,0.0648216970399564,0.0,1.3585152604811606,1.4,0.0088724646812149,0.2628400744152159,0.5615857807049877,0.4000000000000003,1.0,0.4918882065524083,0.0,0.0,0.0,0.0,1504,54144,42,1.0,0.0,0.6415510495049368,0.0,0.0,0.0,0.0
P,S4,18,10,49.737159925584784,0.064782588764267,0.0,1.358515260481674,1.4,0.008884087250475,0.2628400744152159,0.5543351960061607,0.4000000000000003,1.0,0.4850321166417687,0.0,0.0,0.0,0.0,1135,40860,42,1.6,0.4257425742574257,0.6093209108888067,-2.6016394240158117e-05,0.0,0.0044733347223271,0.0177865044765589
P,S7,18,10,49.66030605984315,0.1880549360488994,0.0,1.3585152604811606,1.4,0.0121201400233437,0.3316735532004955,2.371949496121484,5.0,1.0,0.5316281317082161,16.0,0.0,0.0,0.0,3018,108648,42,1.0,0.0,0.678428782179037,0.126761257140868,0.0782031430900076,0.3369579606312527,1.9625946411680748
P,S0,19,10,49.761709310288765,0.057205714659854,0.0,1.1012384501101629,1.4,0.0079506476961001,0.2382906897112349,0.4878846377400235,0.200000000000001,1.0,0.4283415220414576,0.0,0.0,0.0,0.0,1589,57204,44,1.0,0.0,0.6284331188142838,0.0,0.0,0.0,0.0
P,S4,19,10,49.761709310288765,0.0569935119897345,0.0,1.1012384501081878,1.4,0.0079534696862807,0.2382906897112349,0.475379525987774,0.200000000000001,1.0,0.4231276082291855,0.0,0.0,0.0,0.0,1198,43128,44,1.6,0.4257425742574257,0.5701105445554601,-3.773710195113106e-05,0.0,0.0009852092001381,0.0035863265684262
P,S7,19,10,49.6771252047516,0.1819641240238113,0.0,1.1012384501101629,1.4,0.0106794785955406,0.3135455852957776,2.360053204734712,5.0,1.0,0.4766606357542424,3.0,0.0,0.0,0.0005106561204857,3115,112140,44,1.0,0.0,0.689286504952503,0.1274814482854475,0.0839703950876469,0.3130276267816043,1.94658796676264
P,S0,20,10,49.76158250556825,0.0593586650150869,0.0,0.9661415703810878,1.0,0.0065061277945424,0.2384174944317507,0.5120425647144335,0.200000000000001,1.0,0.5353856437044532,0.0,0.0,0.0,0.0,1411,50796,44,1.0,0.0,0.8182988613854003,0.0,0.0,0.0,0.0
P,S4,20,10,49.76158250556825,0.0592721574903225,0.0,0.966141570381178,1.0,0.0064678603362255,0.2384174944317507,0.5032473103284203,0.200000000000001,1.0,0.5262333747528488,0.0,0.0,0.0,0.0,1049,37764,44,1.6,0.4257425742574257,0.9254979603980192,-6.322246731724906e-05,0.0,0.0078599669030339,0.0234134410951845
P,S7,20,10,49.70490028839226,0.1624448236594749,0.0,0.9661415703810878,1.0,0.0079455889727239,0.2904216552749119,2.0622367278956237,5.0,1.0,0.5688754438396125,16.0,0.0,0.0,0.0,3012,108432,44,1.0,0.0,0.7701463168319101,0.1058383531358932,0.0607017262943401,0.2916719767222133,1.6927958647150894
P,S0,21,10,49.73680441240085,0.0661773611148036,0.0,1.3159032560574782,1.4,0.0096871752421971,0.2631955875991494,0.5739677257925194,0.4000000000000003,1.0,0.5337662859801886,0.0,0.0,0.0,0.0,1416,50976,44,1.0,0.0,0.6662379405902852,0.0,0.0,0.0,0.0
P,S4,21,10,49.73680441240085,0.0659664107795455,0.0,1.315903256051021,1.4,0.0096899698229607,0.2631955875991494,0.5614199910030401,0.4000000000000003,1.0,0.5205874555504488,0.0,0.0,0.0,0.0,1128,40608,44,1.6,0.4158415841584158,0.5652004455450789,-0.0002492960192512,0.0,0.0047470719344389,0.0152106053812126
P,S7,21,10,49.67240711372284,0.1857191919218321,0.0,1.3159032560574782,1.4,0.0124917102801989,0.3216118999203132,2.383348337458856,5.0,1.0,0.589071696890784,3.0,0.0,0.0,1.7076444915220534e-05,3133,112788,44,1.0,0.0,0.7518959504937307,0.1230479466739698,0.0678007803717335,0.341339766907474,2.0472513976126328
P,S0,22,10,49.73012736960458,0.0692628845463084,0.0,1.0993636299916651,1.2000000000000002,0.0078642752458708,0.2698726303954188,0.5802644068061618,0.4000000000000003,1.0,0.6081866769868922,0.0,0.0,0.0,0.0,1244,44784,42,1.0,0.0,0.7360297128735231,0.0,0.0,0.0,0.0
P,S4,22,10,49.73012736960458,0.0695032351902033,0.0,1.0993636299915566,1.2000000000000002,0.0078786791262046,0.2698726303954188,0.582919746413956,0.4000000000000003,1.0,0.5922969275632085,0.0,0.0,0.0,0.0,1015,36540,42,1.6,0.4059405940594059,0.5777337029696967,0.0003898308515087,0.0,0.0064890155890182,0.0236637342276544
P,S7,22,10,49.67602959602368,0.1774478330502826,0.0,1.0993636299916651,1.2000000000000002,0.0108252111684187,0.3190771864393937,2.2650675003275778,5.0,1.0,0.6556417449455211,16.0,0.0,0.0,0.0,2974,107064,42,1.0,0.0,0.6554420990078773,0.1106179387257463,0.058768434429254,0.3326270608598989,1.9537340121238755
P,S0,23,10,49.75333064046661,0.0604420767217301,0.0,1.2682127778780503,1.4,0.0124936708731302,0.2466693595333922,0.4847144285605793,0.4000000000000003,1.0,0.463146342344957,0.0,0.0,0.0,0.0,1611,57996,44,1.0,0.0,0.6488374356420104,0.0,0.0,0.0,0.0
P,S4,23,10,49.75333064046661,0.0602350874423055,0.0,1.268212777876309,1.4,0.0125392445866379,0.2466693595333922,0.4719668337841937,0.4000000000000003,1.0,0.4477810524167452,0.0,0.0,0.0,0.0,1287,46332,44,1.6,0.4257425742574257,0.6443589901020531,-0.0001437628527906,0.0,0.0046995551115642,0.0131226336882932
P,S7,23,10,49.675915814456935,0.1795345376369449,0.0,1.2682127778780503,1.4,0.0149973337203686,0.316152293367189,2.24558519847138,5.0,1.0,0.4945457536707612,16.0,0.0,0.0,0.0,3166,113976,44,1.0,0.0,0.6816679108914565,0.1221222707106037,0.0784147865737665,0.3191762457061742,1.8115104477517123
P,S0,24,10,49.74792074370091,0.0625398360460536,0.0,1.1216379367829103,1.4,0.0057278558044988,0.2520792562990905,0.5029911316993108,0.200000000000001,1.0,0.5492184915230086,0.0,0.0,0.0,0.0,1307,47052,44,1.0,0.0,0.6106129603947488,0.0,0.0,0.0,0.0
P,S4,24,10,49.74792074370091,0.062635309987017,0.0,1.1216379367788814,1.4,0.0057297116949516,0.2520792562990905,0.5049826281848382,0.200000000000001,1.0,0.5381160077422223,0.0,0.0,0.0,0.0,1048,37728,44,1.6,0.4059405940594059,0.6459167227716318,0.0001178537143309,0.0,0.0031769726371422,0.0123903601679423
P,S7,24,10,49.68940454805258,0.1712853105680746,0.0,1.1216379367829103,1.4,0.0078928129828345,0.3055171854499221,2.1741845745636934,5.0,1.0,0.5853636073398018,16.0,0.0,0.0,0.0,3046,109656,44,1.0,0.0,0.6380160098971,0.1116596826551418,0.0625192229894437,0.3113721077420095,1.8487646665192297
P,S0,25,10,49.75455735740804,0.0595684934561132,0.0,1.2804545039570998,1.4,0.0101861378280359,0.2454426425919607,0.477368103456591,0.200000000000001,1.0,0.4801773128572809,0.0,0.0,0.0,0.0,1497,53892,44,1.0,0.0,0.6836312079192992,0.0,0.0,0.0,0.0
P,S4,25,10,49.75455735740804,0.0595698869523846,0.0,1.280454503956905,1.4,0.0102119781210214,0.2454426425919607,0.4782293927575629,0.200000000000001,1.0,0.4660877870152792,0.0,0.0,0.0,0.0,1120,40320,44,1.6,0.4059405940594059,0.5873704356435885,5.14242815962615e-05,0.0,0.0025349907373524,0.0077778588374087
P,S7,25,10,49.68179004789017,0.1851691929019965,0.0,1.2804545039570998,1.4,0.0132475759680105,0.3111532549781586,2.463586163354845,5.0,1.0,0.5265863346134526,16.0,0.0,0.0,0.0,3129,112644,44,1.0,0.0,0.7633619009872142,0.1275893625331983,0.0746052826491308,0.3065035951597892,1.97717161117404
P,S0,26,10,49.751431972983255,0.0609095430736391,0.0,1.2879195198814977,1.4,0.0129123093777267,0.2485680270167449,0.4902045771747139,0.4000000000000003,1.0,0.4542763583059664,0.0,0.0,0.0,0.0,1583,56988,44,1.0,0.0,0.7717161089104674,0.0,0.0,0.0,0.0
P,S4,26,10,49.751431972983255,0.0608944264364312,0.0,1.287919519881099,1.4,0.01294370360195,0.2485680270167449,0.4875581323705098,0.4000000000000003,1.0,0.4415970275843156,0.0,0.0,0.0,0.0,1298,46728,44,1.6,0.4158415841584158,0.6224241188097985,-4.071011847482653e-06,0.0,0.0041766878508227,0.0121377791218776
P,S7,26,10,49.66905622309935,0.1895559851445332,0.0,1.2879195198814977,1.4,0.0166552292952159,0.3219849095611522,2.4861113823272825,5.0,1.0,0.5021909602293425,16.0,0.0,0.0,0.0,3164,113904,44,1.0,0.0,0.686813000001085,0.131390487393304,0.082405050953163,0.3281851718400688,2.045529258459845
P,S0,27,10,49.74259079306505,0.0656467065924427,0.0,1.2819752850312516,1.4,0.008054688441292,0.2574092069349518,0.6374772327510406,0.200000000000001,1.0,0.4913970101342161,0.0,0.0,0.0,0.0,1489,53604,44,1.0,0.0,0.7255570297022834,0.0,0.0,0.0,0.0
P,S4,27,10,49.74259079306505,0.0665047853847501,0.0,1.2819752850312778,1.4,0.0080437853995038,0.2574092069349518,0.6631602536823995,0.200000000000001,1.0,0.4837336634057562,0.0,0.0,0.0,0.0,1106,39816,44,1.6,0.3861386138613861,0.5964111386143341,-0.0002339755008736,0.0,0.0029319894619561,0.0095695293839611
P,S7,27,10,49.67111963364054,0.1763300337108486,0.0,1.2819752850312516,1.4,0.0101459533173212,0.3218894930286424,2.212272027387017,5.0,1.0,0.5332406882164418,16.0,0.0,0.0,0.0,3003,108108,44,1.0,0.0,0.7164042574256407,0.114048760198965,0.0737016868555855,0.3424597416510835,1.9308238362751915
P,S0,28,10,49.76377410939071,0.0580447415829086,0.0,1.2398065035446124,1.4,0.0074444333258694,0.2362258906092904,0.5157988241251239,0.200000000000001,1.0,0.4712473374886298,0.0,0.0,0.0,0.0,1321,47556,44,1.0,0.0,0.6280783267321017,0.0,0.0,0.0,0.0
P,S4,28,10,49.76377410939071,0.0584338123185919,0.0,1.239806503543385,1.4,0.0075099147838639,0.2362258906092904,0.5341747073115954,0.200000000000001,1.0,0.4632373626620042,0.0,0.0,0.0,0.0,1038,37368,44,1.6,0.396039603960396,0.6208751683156115,-0.0001297269145376,0.0,0.002560035862551,0.0060762073033252
P,S7,28,10,49.69639065818065,0.1732043056706742,0.0,1.2398065035446124,1.4,0.0101562976387415,0.2975712324726203,2.254075449115775,5.0,1.0,0.5246134403007484,16.0,0.0,0.0,0.0,3125,112500,44,1.0,0.0,0.6667859306932346,0.1180721364058258,0.0699828349601503,0.31641731278728,1.972501712398416
P,S0,29,10,49.75604572098299,0.0631475626089919,0.0,1.157320009214032,1.4,0.0100941839481106,0.2439542790170108,0.6679346510127727,0.4000000000000003,1.0,0.4859659219898898,0.0,0.0,0.0,0.0,1654,59544,44,1.0,0.0,0.6894278217845171,0.0,0.0,0.0,0.0
P,S4,29,10,49.75604572098299,0.0630626717797531,0.0,1.1573200092140483,1.4,0.0100674042119849,0.2439542790170108,0.6644249930891297,0.4000000000000003,1.0,0.4695014451691018,0.0,0.0,0.0,0.0,1223,44028,44,1.6,0.396039603960396,0.6632933564375917,-0.0002848027175802,0.0,0.0038154538038739,0.0128839359319371
P,S7,29,10,49.68241155188799,0.1773816834539356,0.0,1.157320009214032,1.4,0.0129069303122012,0.3103969182876724,2.3892426059663228,5.0,1.0,0.5143967192911918,16.0,0.0,0.0,0.0,3113,112068,44,1.0,0.0,0.6131198019784729,0.1173285282185625,0.0752973340300613,0.289926734211086,1.7699607757813152
P,S0,0,25,49.7505455826205,0.0576127633106922,0.0,1.509852891825692,1.0,0.0041133912595929,0.2494544173794963,0.4402029735420377,0.0,1.0,1.1142912037093404,0.0,0.0,0.0,0.0,3700,133200,110,1.0,0.0,1.1675994950483883,0.0,0.0,0.0,0.0
P,S4,0,25,49.7505455826205,0.0578448192965152,0.0,1.5098528918259266,1.0,0.0041069778419843,0.2494544173794963,0.4600318661694109,0.0,1.0,1.1068958653089511,0.0,0.0,0.0,0.0,3022,108792,110,1.6,0.4257425742574257,1.0352110792083105,0.0002620265123249,0.0,0.0070286539110213,0.0301374626116611
P,S7,0,25,49.75629287139728,0.0553350440981297,0.0,1.509852891825692,1.0,0.004153518227934,0.2437071286027219,0.4146990901354456,0.0,1.0,1.07545966135863,16.0,0.0,0.0,0.0,4116,148176,110,1.0,0.0,1.1663424257442396,0.0002388910493646,0.0,0.0093350469877577,0.046935451590189
P,S0,1,25,49.748857074597154,0.056884738682223,0.0,1.3381558059100938,1.0,0.004327283446536,0.2511429254028456,0.3600955712291757,0.0,1.0,1.0082400720862532,0.0,0.0,0.0,0.0,3815,137340,110,1.0,0.0,1.1871697623757769,0.0,0.0,0.0,0.0
P,S4,1,25,49.748857074597154,0.0568632723061731,0.0,1.3381558059103742,1.0,0.0045284207479191,0.2511429254028456,0.3513916142805235,0.0,1.0,1.001287807041351,0.0,0.0,0.0,0.0,3146,113256,110,1.6,0.4158415841584158,1.1180848514864057,-2.627602654868555e-05,0.0,0.0047419895220599,0.014107097347157
P,S7,1,25,49.7546828378668,0.0554783672341626,0.0,1.3381558059100938,1.0,0.0046247337930717,0.2453171621331975,0.4259392414004416,0.0,1.0,0.9718643965910144,16.0,0.0,0.0,0.0,4305,154980,110,1.0,0.0,1.198255009904363,0.0008359375458356,0.0,0.0243709994757281,0.1313615905922595
P,S0,2,25,49.7534404800188,0.0564648398805862,0.0,1.4625238103747489,1.0,0.003971705489201,0.2465595199812043,0.409722209181283,0.0,1.0,1.069449302882675,0.0,0.0,0.0,0.0,3859,138924,110,1.0,0.0,1.1912122673259158,0.0,0.0,0.0,0.0
P,S4,2,25,49.7534404800188,0.0564432741847151,0.0,1.462523810375267,1.0,0.0040271016676583,0.2465595199812043,0.414236189492744,0.0,1.0,1.062023610456997,0.0,0.0,0.0,0.0,2883,103788,110,1.6,0.4257425742574257,1.1039753465339155,3.132193159677277e-05,0.0,0.0011888495479794,0.0035151471295023
P,S7,2,25,49.75915145932122,0.1013828764335319,0.0,1.4625238103747489,1.0,0.0091360473176127,0.2408485406787832,1.2736772908547007,5.0,1.0,1.0501146302542448,16.0,0.0,0.0,0.0,6596,237456,110,1.0,0.0,1.188467683169791,0.0473917373321579,0.0,0.1646297836904082,0.9351267797135157
P,S0,3,25,49.726417029142254,0.0633004233013383,0.0,1.4994230417844348,1.0,0.0044522367277522,0.2735829708577455,0.4230809233151787,0.0,1.0,1.1987710825340472,0.0,0.0,0.0,0.0,3603,129708,110,1.0,0.0,1.0995615742572091,0.0,0.0,0.0,0.0
P,S4,3,25,49.726417029142254,0.0633652031822625,0.0,1.4994230417844592,1.0,0.0045836924772576,0.2735829708577455,0.4291071384710008,0.0,1.0,1.1932605296657763,0.0,0.0,0.0,0.0,2741,98676,110,1.6,0.4257425742574257,0.9941109108893054,9.982463478766523e-05,0.0,0.0033452057229297,0.0140219926442235
P,S7,3,25,49.7325736532027,0.1273742094370975,0.0,1.4994230417844348,1.0,0.0092516872766955,0.2674263467973006,1.594525691061946,5.0,1.0,1.2184204555058131,16.0,0.0,0.0,0.0,7131,256716,110,1.0,0.0,1.1641878514854056,0.0658528526479441,7.105427357601002e-15,0.238488857030795,1.2951143106675085
P,S0,4,25,49.756315257021015,0.0551579209325618,0.0,1.4085423513110913,1.0,0.0037470127101696,0.243684742978985,0.3445451944854269,0.0,1.0,1.048962276763188,0.0,0.0,0.0,0.0,3788,136368,110,1.0,0.0,1.0934482871282916,0.0,0.0,0.0,0.0
P,S4,4,25,49.756315257021015,0.0551899041170077,0.0,1.408542351311462,1.0,0.0037745258935336,0.243684742978985,0.3491995694459944,0.0,1.0,1.0377245275290452,0.0,0.0,0.0,0.0,2947,106092,110,1.6,0.4257425742574257,1.0086257425743077,4.5584569740561576e-05,0.0,0.0039675672578098,0.0114143193718739
P,S7,4,25,49.76198180886349,0.0530635183135883,0.0,1.4085423513110913,1.0,0.0038594802477835,0.2380181911365113,0.3407074621808887,0.0,1.0,1.006204064058126,16.0,0.0,0.0,0.0,4092,147312,110,1.0,0.0,1.2141706930685026,-5.002140799240107e-05,-7.105427357601002e-15,0.0112412918505597,0.0567855011808894
P,S0,5,25,49.75956411283662,0.0549581863097906,0.0,1.4031716717072171,1.0,0.0038361078164976,0.2404358871633789,0.3617023512707041,0.0,1.0,1.1169374288473322,0.0,0.0,0.0,0.0,3812,137232,110,1.0,0.0,1.2729119306920376,0.0,0.0,0.0,0.0
P,S4,5,25,49.75956411283662,0.0549655760933813,0.0,1.4031716717079803,1.0,0.0041061648137285,0.2404358871633789,0.361176175030976,0.0,1.0,1.103638384110634,0.0,0.0,0.0,0.0,2978,107208,110,1.6,0.4356435643564356,1.126319306931151,-6.064039449624192e-06,0.0,0.0062143944836918,0.0255501775288479
P,S7,5,25,49.7651423174368,0.0537890141567649,0.0,1.4031716717072171,1.0,0.0041120141512711,0.2348576825632022,0.4306315879867021,0.0,1.0,1.0710754810886658,16.0,0.0,0.0,0.0,4587,165132,110,1.0,0.0,1.2793745643576395,0.0010451866974652,0.0,0.0231115516063837,0.1166291296132783
P,S0,6,25,49.741061778645445,0.060204469255209,0.0,1.474223714463468,1.4,0.0036673614202328,0.2589382213545548,0.4023310716706212,0.0,1.0,1.2401271636119338,0.0,0.0,0.0,0.0,3402,122472,110,1.0,0.0,1.180786653463602,0.0,0.0,0.0,0.0
P,S4,6,25,49.741061778645445,0.0602081522310406,0.0,1.4742237144656671,1.4,0.0036738640564599,0.2589382213545548,0.4034927506716875,0.0,1.0,1.2265749567872763,0.0,0.0,0.0,0.0,2747,98892,110,1.6,0.4257425742574257,1.150561999998215,3.256733467318224e-05,0.0,0.0011834185702852,0.0039110175915602
P,S7,6,25,49.74149619933441,0.1389394249843967,0.0,1.474223714463468,1.4,0.0076760726832512,0.2530548243051171,1.721853143564907,5.0,1.0,1.2294021949648135,16.0,0.0,0.0,0.0,7865,283140,110,1.0,0.0,1.2992500495027632,0.0810936984344896,0.0,0.2658483400620639,1.390354886671831
P,S0,7,25,49.75491344897815,0.0566477778835863,0.0,1.5322813456067708,1.2000000000000002,0.0043490649507556,0.2450865510218491,0.397536962315118,0.0,1.0,1.15582922006514,0.0,0.0,0.0,0.0,3518,126648,108,1.0,0.0,1.2166709306941337,0.0,0.0,0.0,0.0
P,S4,7,25,49.75491344897815,0.0567201873188293,0.0,1.5322813456068762,1.2000000000000002,0.0045854722898262,0.2450865510218491,0.4052781300366802,0.0,1.0,1.1427415850248912,0.0,0.0,0.0,0.0,2876,103536,108,1.6,0.4257425742574257,1.0865771089109078,-2.066746320318613e-05,0.0,0.0014487708208505,0.0045568740137312
P,S7,7,25,49.76056227793013,0.12583046396154,0.0,1.5322813456067708,1.2000000000000002,0.00893740922568,0.2394377220698729,1.566153405412707,5.0,1.0,1.1551099556198048,16.0,0.0,0.0,0.0,7253,261108,108,1.0,0.0,1.4019402673250507,0.0714665001221142,0.0,0.2398743045991267,1.270139204000193
P,S0,8,25,49.741438623502944,0.0594546550193263,0.0,1.5576735820369714,1.2000000000000002,0.0042027411602456,0.258561376497056,0.3955684892904109,0.0,1.0,1.1551964493353342,0.0,0.0,0.0,0.0,3645,131220,110,1.0,0.0,1.2481628712854522,0.0,0.0,0.0,0.0
P,S4,8,25,49.741438623502944,0.059399932867496,0.0,1.557673582036924,1.2000000000000002,0.004271820097494,0.258561376497056,0.3894794690656439,0.0,1.0,1.1379743096531512,0.0,0.0,0.0,0.0,2898,104328,110,1.6,0.4158415841584158,1.1188344059393227,-3.6594096106006e-05,0.0,0.0040476880315765,0.0184180548561265
P,S7,8,25,49.7473384960268,0.0571333857340531,0.0,1.5576735820369714,1.2000000000000002,0.0042543897543147,0.2526615039732007,0.3827058156746921,0.0,1.0,1.1108711866656762,16.0,0.0,0.0,0.0,4183,150588,110,1.0,0.0,1.4274330297027544,-4.757624468582078e-06,0.0,0.0101511821171769,0.0544548059746382
P,S0,9,25,49.73904609787235,0.0605172228008787,0.0,1.3488153769244742,1.2000000000000002,0.0034268686836109,0.2609539021276532,0.4210051249024203,0.0,1.0,1.2451755712975956,0.0,0.0,0.0,0.0,3564,128304,110,1.0,0.0,1.1474411980232997,0.0,0.0,0.0,0.0
P,S4,9,25,49.73904609787235,0.06054530087823,0.0,1.3488153769242852,1.2000000000000002,0.0036576515649998,0.2609539021276532,0.4245231679431675,0.0,1.0,1.230263994292257,0.0,0.0,0.0,0.0,2882,103752,110,1.6,0.4257425742574257,1.0323642574245366,3.183706280771026e-05,0.0,0.0031832532101887,0.0109432577970352
P,S7,9,25,49.74496667012051,0.1325734761146111,0.0,1.3488153769244742,1.2000000000000002,0.0076760928448753,0.2550333298794882,1.661006900830797,5.0,1.0,1.2358420603089346,16.0,0.0,0.0,0.0,7527,270972,110,1.0,0.0,1.1739321287155455,0.0744696168025541,0.0,0.2414318722947825,1.2807661213143573
P,S0,10,25,49.73544730011968,0.0607277212325814,0.0,1.5378425244441882,1.0,0.0036808477828999,0.2645526998803262,0.4236333185897365,0.0,1.0,1.1737480422782351,0.0,0.0,0.0,0.0,3672,132192,110,1.0,0.0,1.1562382574264138,0.0,0.0,0.0,0.0
P,S4,10,25,49.73544730011968,0.0607632126148726,0.0,1.537842524444838,1.0,0.0037370284345801,0.2645526998803262,0.4267950706234394,0.0,1.0,1.1634305006394037,0.0,0.0,0.0,0.0,2806,101016,110,1.6,0.4356435643564356,1.015434366335924,3.567825154172921e-05,0.0,0.0015212140563534,0.0055400292049831
P,S7,10,25,49.71179799310946,0.1534672021243395,0.0,1.5378425244441882,1.0,0.0074185744046543,0.258547775003926,1.94542596065842,5.0,1.0,1.1853493887699225,16.0,0.0,0.0,0.0,8169,294084,110,1.0,0.0,1.1726166039582018,0.0952452817694987,0.0,0.2907268274630681,1.5997185198642658
P,S0,11,25,49.75516857015519,0.056361658255237,0.0,1.388598734536458,1.0,0.0048092814317873,0.2448314298448082,0.4392717119597746,0.0,1.0,1.0520019228841064,0.0,0.0,0.0,0.0,4062,146232,110,1.0,0.0,1.155345534653402,0.0,0.0,0.0,0.0
P,S4,11,25,49.75516857015519,0.0563647849642066,0.0,1.3885987345368689,1.0,0.0048751881285871,0.2448314298448082,0.4379850530061389,0.0,1.0,1.0394087895186386,0.0,0.0,0.0,0.0,3212,115632,110,1.6,0.4257425742574257,1.0142785742555314,5.6323697150327534e-05,0.0,0.0016288137211688,0.0058353790250997
P,S7,11,25,49.760857126876594,0.0555510690903846,0.0,1.388598734536458,1.0,0.0049854127578046,0.2391428731234057,0.4922759313827803,0.0,1.0,1.0128287551846833,16.0,0.0,0.0,0.0,4553,163908,110,1.0,0.0,1.3931957623753988,0.0017134202544103,0.0,0.0207530847255483,0.1120879791182183
P,S0,12,25,49.73598151458895,0.0617142064582119,0.0,1.365241036188628,1.0,0.0034383012958519,0.2640184854110501,0.5061737083006469,0.0,1.0,1.197569512180328,0.0,0.0,0.0,0.0,3506,126216,110,1.0,0.0,1.2277813762371843,0.0,0.0,0.0,0.0
P,S4,12,25,49.73598151458895,0.0616204357464604,0.0,1.3652410361885574,1.0,0.0036397135748276,0.2640184854110501,0.5012539407413747,0.0,1.0,1.1899380818380576,0.0,0.0,0.0,0.0,2759,99324,110,1.6,0.4257425742574257,1.0956832277203137,-8.475081956486191e-05,0.0,0.0028443455538678,0.0100568282459953
P,S7,12,25,49.74196404533035,0.059005985307689,0.0,1.365241036188628,1.0,0.0035348273032096,0.2580359546696513,0.4587170120280355,0.0,1.0,1.1547157413615692,16.0,0.0,0.0,0.0,3913,140868,110,1.0,0.0,1.1512035841613144,-0.0008559240307308,0.0,0.0136239505627031,0.0719398279877303
P,S0,13,25,49.7472106316503,0.0584394962199247,0.0,1.460693710948106,1.0,0.0036880259301203,0.2527893683497026,0.4553310116804467,0.0,1.0,1.1117225341692618,0.0,0.0,0.0,0.0,3674,132264,110,1.0,0.0,1.2386046534656727,0.0,0.0,0.0,0.0
P,S4,13,25,49.7472106316503,0.0582744028580975,0.0,1.4606937109476723,1.0,0.003773088337921,0.2527893683497026,0.441989714147801,0.0,1.0,1.1053175089412146,0.0,0.0,0.0,0.0,2837,102132,110,1.6,0.4257425742574257,1.0781618811916356,-0.0002082187816419,0.0,0.0040862359758904,0.0186305849670574
P,S7,13,25,49.75301559031549,0.0568492433535854,0.0,1.460693710948106,1.0,0.0047218231053064,0.2469844096845079,0.4638837343713439,0.0,1.0,1.073991814927017,16.0,0.0,0.0,0.0,4553,163908,110,1.0,0.0,1.139633930695637,0.0008908138346864,0.0,0.0398581299889926,0.1833164800590253
P,S0,14,25,49.74154121862898,0.0596486971183952,0.0,1.384972731228914,1.0,0.0037472107236339,0.2584587813710186,0.447937411231458,0.0,1.0,1.1491619521286611,0.0,0.0,0.0,0.0,3743,134748,110,1.0,0.0,1.1592647821755848,0.0,0.0,0.0,0.0
P,S4,14,25,49.74154121862898,0.059574461011888,0.0,1.3849727312289328,1.0,0.0038363555890922,0.2584587813710186,0.4372757775032581,0.0,1.0,1.1423684225586213,0.0,0.0,0.0,0.0,2912,104832,110,1.6,0.4257425742574257,0.998258297026005,7.407062621589411e-07,0.0,0.0010893774904303,0.0036704002896406
P,S7,14,25,49.74744106708335,0.0582315992641035,0.0,1.384972731228914,1.0,0.0039381269207252,0.2525589329166493,0.4758600611976887,0.0,1.0,1.114361092331035,16.0,0.0,0.0,0.0,4250,153000,110,1.0,0.0,1.1891744158431423,0.0012304336911302,0.0,0.0205185493163995,0.1085983437622495
P,S0,15,25,49.745190485998805,0.0585643252333017,0.0,1.3721150627082317,1.0,0.0042730841398145,0.2548095140011952,0.4379756391150784,0.0,1.0,1.1081188242854243,0.0,0.0,0.0,0.0,3853,138708,110,1.0,0.0,1.1811670693073255,0.0,0.0,0.0,0.0
P,S4,15,25,49.745190485998805,0.0586503181073619,0.0,1.3721150627088006,1.0,0.0043624674901657,0.2548095140011952,0.435840770156534,0.0,1.0,1.1018081412506182,0.0,0.0,0.0,0.0,3037,109332,110,1.6,0.4158415841584158,1.0384840693089668,0.0001007668038627,0.0,0.0054359620598702,0.0251386161942178
P,S7,15,25,49.75103839896365,0.0573745139367436,0.0,1.3721150627082317,1.0,0.004402467961071,0.2489616010363562,0.4792653119831299,0.0,1.0,1.0746973632943353,16.0,0.0,0.0,0.0,4346,156456,110,1.0,0.0,1.1857150792064493,0.0011439272899392,0.0,0.0184016541622966,0.0974041312348426
P,S0,16,25,49.72926393247612,0.0625468649567287,0.0,1.4503200195176331,1.0,0.0046387285602216,0.2707360675238845,0.4233383005604152,0.0,1.0,1.1938159469496958,0.0,0.0,0.0,0.0,3696,133056,110,1.0,0.0,1.1812717821743322,0.0,0.0,0.0,0.0
P,S4,16,25,49.72926393247612,0.0625424805104137,0.0,1.4503200195176646,1.0,0.0047667040355192,0.2707360675238845,0.4225811174916827,0.0,1.0,1.1862096549463288,0.0,0.0,0.0,0.0,2884,103824,110,1.6,0.4257425742574257,1.067124465344653,2.058381694619582e-06,0.0,0.0020972323309393,0.0045039717221015
P,S7,16,25,49.73537128057279,0.0603972482431084,0.0,1.4503200195176331,1.0,0.0049432138863752,0.2646287194272148,0.4426593204437507,0.0,1.0,1.1513675459795942,16.0,0.0,0.0,0.0,4241,152676,110,1.0,0.0,1.1715522178242777,0.0002849363815391,0.0,0.0241648181209583,0.1249645531049445
P,S0,17,25,49.72876565885701,0.0635052637114744,0.0,1.556699298087288,1.2000000000000002,0.0032940697806419,0.2712343411429927,0.5337804618243175,0.0,1.0,1.2048217085519983,0.0,0.0,0.0,0.0,3469,124884,110,1.0,0.0,1.1467007821776485,0.0,0.0,0.0,0.0
P,S4,17,25,49.72876565885701,0.0634083960995239,0.0,1.556699298088658,1.2000000000000002,0.0033035006069213,0.2712343411429927,0.5265897546387341,0.0,1.0,1.196371551057437,0.0,0.0,0.0,0.0,2584,93024,110,1.6,0.4356435643564356,1.0497988613868,-4.22042360056496e-05,0.0,0.0016461607433981,0.0052637666592623
P,S7,17,25,49.73450937100663,0.0617338531883989,0.0,1.556699298087288,1.2000000000000002,0.0033508832213715,0.2654906289933691,0.4973177335451758,0.0,1.0,1.1786052926863546,16.0,0.0,0.0,0.0,3833,137988,110,1.0,0.0,1.2046296435640909,-0.0006421847008566,0.0,0.0116809000098712,0.0549863375255313
P,S0,18,25,49.741418760206834,0.0596799305248069,0.0,1.2896338075159388,0.8,0.004937179405402,0.2585812397931661,0.4524402640360186,0.0,1.0,1.1164817667063809,0.0,0.0,0.0,0.0,4046,145656,110,1.0,0.0,1.1477805445531768,0.0,0.0,0.0,0.0
P,S4,18,25,49.741418760206834,0.0597313602205845,0.0,1.2896338075165148,0.8,0.0050312455483192,0.2585812397931661,0.4443543074742975,0.0,1.0,1.1039803454984998,0.0,0.0,0.0,0.0,3103,111708,110,1.6,0.4257425742574257,1.187399623762362,2.9762948647038545e-05,0.0,0.0081173503415854,0.0364002131696487
P,S7,18,25,49.74733334329539,0.1108379505226154,0.0,1.2896338075159388,0.8,0.0100838000524529,0.2526666567046121,1.413560751261571,5.0,1.0,1.104011000674879,16.0,0.0,0.0,0.0,7124,256464,110,1.0,0.0,1.272589445541076,0.053487478902272,0.0,0.196137942523805,1.036604054430249
P,S0,19,25,49.73512909451296,0.0618528917365027,0.0,1.3958710312359206,1.2000000000000002,0.0027363961400431,0.2648709054870366,0.4168143188980593,0.0,1.0,1.2749450579330506,0.0,0.0,0.0,0.0,3199,115164,108,1.0,0.0,1.2246126138601503,0.0,0.0,0.0,0.0
P,S4,19,25,49.73512909451296,0.0616802186955249,0.0,1.3958710312374425,1.2000000000000002,0.0027699892971979,0.2648709054870366,0.3990285472081481,0.0,1.0,1.2631073588247126,0.0,0.0,0.0,0.0,2561,92196,108,1.6,0.4257425742574257,1.0440629900973128,-0.0002652603060596,0.0,0.0077228819683057,0.0261803703147073
P,S7,19,25,49.74104763214283,0.0594824381209429,0.0,1.3958710312359206,1.2000000000000002,0.0027535762878529,0.2589523678571694,0.40426718625395,0.0,1.0,1.230604128080721,16.0,0.0,0.0,0.0,3452,124272,108,1.0,0.0,1.200022980198567,-0.0004864210254035,0.0,0.0119213683698475,0.0581799901240223
P,S0,20,25,49.744694263727226,0.0587781038713454,0.0,1.508446177021658,1.0,0.0043043653363961,0.2553057362727742,0.4137611589309173,0.0,1.0,1.1496774347302208,0.0,0.0,0.0,0.0,3597,129492,110,1.0,0.0,1.0902954257442905,0.0,0.0,0.0,0.0
P,S4,20,25,49.744694263727226,0.0587724311970043,0.0,1.5084461770215,1.0,0.0044660175303167,0.2553057362727742,0.411758021300681,0.0,1.0,1.136316811724999,0.0,0.0,0.0,0.0,2952,106272,110,1.6,0.4257425742574257,1.032405712868411,-1.254771046602099e-05,0.0,0.0018586215393554,0.0068188925790281
P,S7,20,25,49.75053385933524,0.0564032541056191,0.0,1.508446177021658,1.0,0.0044194624893498,0.2494661406647651,0.3775003912730696,0.0,1.0,1.102998422182755,16.0,0.0,0.0,0.0,3999,143964,110,1.0,0.0,1.1313591881204983,-0.0002407329205584,0.0,0.0152912346627971,0.0766259053018544
P,S0,21,25,49.75709091287453,0.0552180218443182,0.0,1.2808822335994,0.8,0.0044509965696136,0.2429090871254686,0.3648781705979856,0.0,1.0,1.042855217362486,0.0,0.0,0.0,0.0,3656,131616,108,1.0,0.0,1.1089522673266925,0.0,0.0,0.0,0.0
P,S4,21,25,49.75709091287453,0.0552418710598416,0.0,1.2808822335992431,0.8,0.0045794783743134,0.2429090871254686,0.3679567456260244,0.0,1.0,1.0364320483600675,0.0,0.0,0.0,0.0,3169,114084,108,1.6,0.4158415841584158,1.0074097128678416,8.436812628381807e-07,0.0,0.0032473413795273,0.0136040069648238
P,S7,21,25,49.76274331218552,0.0530595635940009,0.0,1.2808822335994,0.8,0.0046489065097921,0.2372566878144795,0.3473482976555061,0.0,1.0,1.000883801070639,16.0,0.0,0.0,0.0,4199,151164,108,1.0,0.0,1.1101768019792566,7.770118879957266e-05,0.0,0.01026044118057,0.0531430241275806
P,S0,22,25,49.73376558970852,0.0617563206262979,0.0,1.4285975698144835,1.2000000000000002,0.0034456245474008,0.2662344102914815,0.4454209619896573,0.0,1.0,1.2911018372193055,0.0,0.0,0.0,0.0,3472,124992,110,1.0,0.0,1.0892491683161196,0.0,0.0,0.0,0.0
P,S4,22,25,49.73376558970852,0.0616771275401126,0.0,1.4285975698142677,1.2000000000000002,0.0037338396441502,0.2662344102914815,0.4350712821136375,0.0,1.0,1.2833106470226363,0.0,0.0,0.0,0.0,2839,102204,110,1.6,0.4257425742574257,0.9902499900998027,4.541005607025528e-06,0.0,0.0015091353992673,0.0043315964557798
P,S7,22,25,49.738185050388864,0.1264316015375276,0.0,1.4285975698144835,1.2000000000000002,0.0084052775046486,0.2618149496111357,1.593676058636592,5.0,1.0,1.2962562043953614,9.2,0.0,0.0,0.0045292758493957,7367,265212,110,1.0,0.0,1.1935766435659154,0.0663488115366915,-7.105427357601002e-15,0.2592140343696272,1.335754741647036
P,S0,23,25,49.74028579330521,0.0601794009514791,0.0,1.5902115301591198,1.2000000000000002,0.003707143060502,0.2597142066947882,0.4137706435325199,0.0,1.0,1.1965270765623124,0.0,0.0,0.0,0.0,3639,131004,110,1.0,0.0,1.1081685643553596,0.0,0.0,0.0,0.0
P,S4,23,25,49.74028579330521,0.0602366461694527,0.0,1.5902115301594195,1.2000000000000002,0.0037831133630783,0.2597142066947882,0.4203910680981187,0.0,1.0,1.1819492112579444,0.0,0.0,0.0,0.0,2781,100116,110,1.6,0.4059405940594059,1.1925920495048217,0.0001099101206915,0.0,0.0035677736407464,0.0118850352947355
P,S7,23,25,49.7461932219257,0.0880210973447094,0.0,1.5902115301591198,1.2000000000000002,0.0065228154366993,0.2538067780742992,1.0712146039173185,5.0,1.0,1.1763855000346366,16.0,0.0,0.0,0.0,5950,214200,110,1.0,0.0,1.1773543465321858,0.0299174761441776,-7.105427357601002e-15,0.1458198893877309,0.7742863234263637
P,S0,24,25,49.75747151621533,0.0560935188512776,0.0,1.4035140603748772,1.0,0.0041994811217601,0.2425284837846675,0.4495799177463567,0.0,1.0,1.090657711820826,0.0,0.0,0.0,0.0,3767,135612,110,1.0,0.0,1.0911744356424533,0.0,0.0,0.0,0.0
P,S4,24,25,49.75747151621533,0.0563044184012024,0.0,1.4035140603750276,1.0,0.0043530747133984,0.2425284837846675,0.4608392734463968,0.0,1.0,1.0767627660804633,0.0,0.0,0.0,0.0,2879,103644,110,1.6,0.4158415841584158,1.0448940198005916,0.0001005827951525,0.0,0.0024907969403642,0.0068652936452309
P,S7,24,25,49.76309468075988,0.0537475630142305,0.0,1.4035140603748772,1.0,0.0045902030693754,0.2369053192401224,0.4026862463308092,0.0,1.0,1.04601392075026,16.0,0.0,0.0,0.0,4249,152964,110,1.0,0.0,1.0908822178223117,-0.0009415804137058,0.0,0.0207263769080086,0.1084546553815236
P,S0,25,25,49.76855709772281,0.0520044908399869,0.0,1.3566645799892951,1.0,0.0038679190496041,0.2314429022771875,0.3206353149909766,0.0,1.0,0.9515399374532916,0.0,0.0,0.0,0.0,4084,147024,110,1.0,0.0,1.0776717227725945,0.0,0.0,0.0,0.0
P,S4,25,25,49.76855709772281,0.0520788853827454,0.0,1.3566645799894466,1.0,0.0040628232489157,0.2314429022771875,0.3257780300662133,0.0,1.0,0.9435441709443838,0.0,0.0,0.0,0.0,3265,117540,110,1.6,0.4257425742574257,0.9902431584123406,5.3380269857059015e-06,0.0,0.0024657101847651,0.0089558994367621
P,S7,25,25,49.77404534328016,0.050119484642634,0.0,1.3566645799892951,1.0,0.0039476762546311,0.2259546567198427,0.3418362817529597,0.0,1.0,0.9133640132082448,16.0,0.0,0.0,0.0,4418,159048,110,1.0,0.0,1.123645742577852,3.584069454559691e-05,0.0,0.0151372170911088,0.078224700389191
P,S0,26,25,49.75079435365824,0.0572508339260995,0.0,1.3193262949035507,1.0,0.0031754183684193,0.2492056463417569,0.4454079040309828,0.0,1.0,1.0773639184001167,0.0,0.0,0.0,0.0,3757,135252,110,1.0,0.0,1.0993258316816672,0.0,0.0,0.0,0.0
P,S4,26,25,49.75079435365824,0.0571512586252332,0.0,1.3193262949039446,1.0,0.0032044997616707,0.2492056463417569,0.4386787464017167,0.0,1.0,1.067089064399575,0.0,0.0,0.0,0.0,3009,108324,110,1.6,0.4356435643564356,1.0347965247515591,-0.0001157653987247,0.0,0.0037295524483837,0.0132667084133338
P,S7,26,25,49.75655575165644,0.1055110826272369,0.0,1.3193262949035507,1.0,0.0080220219588768,0.2434442483435575,1.3942270109028922,5.0,1.0,1.0613181200236317,4.4,5.0,0.0101921956901572,0.1310943401034473,6682,240552,110,1.0,0.0,1.163787019799886,0.0508166754584189,0.0,0.1640454559297737,1.0081352755406896
P,S0,27,25,49.73940445710871,0.0604677128283946,0.0,1.4323766964538978,1.0,0.0036321855192538,0.2605955428912878,0.4274763832378546,0.0,1.0,1.1790939621241905,0.0,0.0,0.0,0.0,3502,126072,110,1.0,0.0,1.1510246237623216,0.0,0.0,0.0,0.0
P,S4,27,25,49.73940445710871,0.0605828573568771,0.0,1.432376696454965,1.0,0.0037191508601172,0.2605955428912878,0.4375606722002615,0.0,1.0,1.165766314695339,0.0,0.0,0.0,0.0,2763,99468,110,1.6,0.4356435643564356,1.1003874257433983,0.0001220936183141,0.0,0.0025095980168075,0.0120736240886081
P,S7,27,25,49.745332945802375,0.0832909836434059,0.0,1.4323766964538978,1.0,0.0046531036615474,0.2546670541976255,0.9774268812885062,5.0,1.0,1.16607961138801,16.0,0.0,0.0,0.0,5537,199332,110,1.0,0.0,1.1318293663367007,0.0240281035816016,-7.105427357601002e-15,0.1378942395111622,0.7156427103971814
P,S0,28,25,49.7291249915607,0.0624479767614687,0.0,1.3923363592644904,1.0,0.004036984695312,0.2708750084392974,0.4145246921427165,0.0,1.0,1.1877590859815523,0.0,0.0,0.0,0.0,3736,134496,110,1.0,0.0,1.1086083366328492,0.0,0.0,0.0,0.0
P,S4,28,25,49.72912499156071,0.062402206015037,0.0,1.3923363592644564,1.0,0.0041594832114741,0.2708750084392903,0.4079137244940333,0.0,1.0,1.178595081259303,0.0,0.0,0.0,0.0,2925,105300,110,1.6,0.4059405940594059,0.9920938613873606,2.142368723354049e-06,-7.105427357601002e-15,0.0038823780544987,0.0149903239397851
P,S7,28,25,49.73523786120301,0.0601612350020215,0.0,1.3923363592644904,1.0,0.0041701011405726,0.2647621387969892,0.4079468768669905,0.0,1.0,1.1486946323824392,16.0,0.0,0.0,0.0,4050,145800,110,1.0,0.0,1.124341346534457,-0.0003629829226398,0.0,0.013075204313246,0.0659323789397582
P,S0,29,25,49.74921010910423,0.0570258416881202,0.0,1.43276106299247,1.0,0.0037293071031851,0.2507898908957742,0.3669495486471625,0.0,1.0,1.1069338827271349,0.0,0.0,0.0,0.0,3707,133452,110,1.0,0.0,1.0956446435647202,0.0,0.0,0.0,0.0
P,S4,29,25,49.74921010910423,0.0570935610214075,0.0,1.4327610629927243,1.0,0.0039094280148716,0.2507898908957742,0.374339162328588,0.0,1.0,1.1000551984694644,0.0,0.0,0.0,0.0,3008,108288,110,1.6,0.4257425742574257,1.02800550494877,5.4403624613015567e-05,0.0,0.0033433679029855,0.0108724914779116
P,S7,29,25,49.75498313371002,0.1307645128784594,0.0,1.43276106299247,1.0,0.0083364360347563,0.2450168662899798,1.611030268271849,5.0,1.0,1.117370099207108,7.800000000000001,5.0,0.0,0.0130817127158415,7420,267120,110,1.0,0.0,1.1104795742557874,0.075388882946868,0.0,0.2530151550946584,1.3465030089928305
P,S0,0,50,49.69337374337918,0.055839301812367,0.0,1.8122412510842876,1.0,0.0018779732821763,0.3066262566208166,0.3370337554267493,0.0,1.0,2.0438521738312936,0.0,0.0,0.0,0.0,7491,269676,220,1.0,0.0,2.055633722774122,0.0,0.0,0.0,0.0
P,S4,0,50,49.69337374337918,0.0558406831707145,0.0,1.812241251084041,1.0,0.0018935122762002,0.3066262566208166,0.3364375562054839,0.0,1.0,2.035320016740775,0.0,0.0,0.0,0.0,5957,214452,220,1.6,0.4356435643564356,1.8568961881200183,1.0504167878698512e-05,0.0,0.0028839629953978,0.0124253964119098
P,S7,0,50,49.699005149093885,0.0543400344131405,0.0,1.8122412510842876,1.0,0.0019515392125286,0.3009948509061146,0.3216961775088499,0.0,1.0,1.998128797909759,16.0,0.0,0.0,0.0,8052,289872,220,1.0,0.0,1.9213537227710056,-2.0617748247686585e-05,0.0,0.0084610876216686,0.0424215454698988
P,S0,1,50,49.69171222025279,0.0559306739505873,0.0,1.8911485380013813,1.0,0.0021625333336706,0.3082877797472108,0.3519204227596376,0.0,1.0,2.142031740459837,0.0,0.0,0.0,0.0,7626,274536,220,1.0,0.0,1.9467270792056928,0.0,0.0,0.0,0.0
P,S4,1,50,49.69171222025279,0.0558895119323459,0.0,1.891148538001412,1.0,0.0022546969970005,0.3082877797472108,0.3423269930216719,0.0,1.0,2.125122046240137,0.0,0.0,0.0,0.0,6084,219024,220,1.6,0.4257425742574257,1.7873992871302269,-4.321383106122706e-05,0.0,0.0038124033305422,0.0168733568668386
P,S7,1,50,49.697319725085855,0.0547666902766188,0.0,1.8911485380013813,1.0,0.00223578985065,0.3026802749141453,0.3483175542888816,0.0,1.0,2.0966911165221127,16.0,0.0,0.0,0.0,7919,285084,220,1.0,0.0,1.9945383168314856,-6.0913938474072005e-05,0.0,0.0064112751531553,0.033907611862665
P,S0,2,50,49.67924846860984,0.0582422762103118,0.0,1.9501066756543597,1.0,0.0022411612734277,0.3207515313901581,0.360650752951743,0.0,1.0,2.2678816482539594,0.0,0.0,0.0,0.0,7250,261000,220,1.0,0.0,2.019078514854525,0.0,0.0,0.0,0.0
P,S4,2,50,49.67924846860984,0.0583488214627592,0.0,1.9501066756540948,1.0,0.0023740425072036,0.3207515313901581,0.3641892069192842,0.0,1.0,2.2587746690094948,0.0,0.0,0.0,0.0,5853,210708,220,1.6,0.4356435643564356,1.89671724752086,7.921173925645036e-05,0.0,0.0023015548870262,0.0055358317641399
P,S7,2,50,49.68268679151063,0.057924480840181,0.0,1.9501066756543597,1.0,0.0024475861007019,0.3173132084893666,0.3950190038718751,0.0,1.0,2.246430318249208,16.0,0.0,0.0,0.0,7742,278712,220,1.0,0.0,2.0850014653471662,0.0004277861163517,0.0,0.0120839598448938,0.0666349278857936
P,S0,3,50,49.67187601753458,0.0597665816014285,0.0,1.9742267572208296,0.8,0.0024616912246145,0.3281239824654207,0.4147351876110136,0.0,1.0,2.383050120940561,0.0,0.0,0.0,0.0,7036,253296,220,1.0,0.0,2.074054009899375,0.0,0.0,0.0,0.0
P,S4,3,50,49.67187601753458,0.0598092637909935,0.0,1.974226757220949,0.8,0.0026015416744202,0.3281239824654207,0.4169427764493761,0.0,1.0,2.3740179195470463,0.0,0.0,0.0,0.0,5510,198360,220,1.6,0.4356435643564356,1.859231306928513,4.548435175320137e-05,0.0,0.0018981816606853,0.0058866764054215
P,S7,3,50,49.67771356286911,0.0734618463636603,0.0,1.9742267572208296,0.8,0.0040695015743052,0.3222864371308915,0.8405248779450907,5.0,1.0,2.398343880291721,9.4,0.0,0.0,0.0005440912119213,10320,371520,220,1.0,0.0,2.034452227726073,0.0146309865410436,-1.4210854715202004e-14,0.0986807366505928,0.5533593316632683
P,S0,4,50,49.68640514553074,0.0569034306198432,0.0,2.010729106204213,1.0,0.0023046266896945,0.3135948544692581,0.3450254235528476,0.0,1.0,2.1586994653717904,0.0,0.0,0.0,0.0,7655,275580,220,1.0,0.0,2.1209093168334507,0.0,0.0,0.0,0.0
P,S4,4,50,49.68640514553073,0.0568960136761367,0.0,2.0107291062036703,1.0,0.0024532638040807,0.3135948544692724,0.3465579385764798,0.0,1.0,2.146456610783717,0.0,0.0,0.0,0.0,6137,220932,220,1.6,0.4257425742574257,1.80810284158238,-1.7630190859846406e-05,1.4210854715202004e-14,0.0046661093612243,0.0207736320729559
P,S7,4,50,49.69100468555784,0.05613135696606,0.0,2.010729106204213,1.0,0.0023579157960392,0.3089953144421571,0.3672997623489279,0.0,1.0,2.129568275709869,16.0,0.0,0.0,0.0,7937,285732,220,1.0,0.0,1.9927752178224216,0.0001083677688877,0.0,0.0055685620031411,0.0274388367750013
P,S0,5,50,49.67494960414813,0.0590993719872946,0.0,1.9041257173552368,1.2000000000000002,0.0021427526269587,0.3250503958518678,0.3912294244017609,0.0,1.0,2.395493086129158,0.0,0.0,0.0,0.0,6931,249516,220,1.0,0.0,1.9667610396018156,0.0,0.0,0.0,0.0
P,S4,5,50,49.67494960414813,0.0590682939651376,0.0,1.9041257173553476,1.2000000000000002,0.0021835484072923,0.3250503958518678,0.3855748518212934,0.0,1.0,2.3845033413572785,0.0,0.0,0.0,0.0,5709,205524,220,1.6,0.4356435643564356,1.757513782181512,-1.8523355394851893e-05,0.0,0.0017850125814362,0.00646885771176
P,S7,5,50,49.68073386372815,0.0691708415697258,0.0,1.9041257173552368,1.2000000000000002,0.0040765037173724,0.3192661362718496,0.7418975476304233,5.0,1.0,2.3672675029437538,16.0,0.0,0.0,0.0,9962,358632,220,1.0,0.0,2.0472393762382595,0.0114478524982898,-1.4210854715202004e-14,0.0810461038750389,0.463635895184693
P,S0,6,50,49.66929031949229,0.0600877589532705,0.0,1.956761205529339,1.0,0.0022338680939379,0.3307096805077094,0.3670096075733255,0.0,1.0,2.322918974709977,0.0,0.0,0.0,0.0,7315,263340,220,1.0,0.0,1.9778046237589288,0.0,0.0,0.0,0.0
P,S4,6,50,49.66929031949229,0.0601356304643906,0.0,1.9567612055292265,1.0,0.0023597506553177,0.3307096805077094,0.3677264158899795,0.0,1.0,2.306735765456602,0.0,0.0,0.0,0.0,5798,208728,220,1.6,0.4356435643564356,2.1045669207902247,4.372280248917532e-05,0.0,0.0019612496820542,0.004117204078873
P,S7,6,50,49.67518678277423,0.0732627193606808,0.0,1.956761205529339,1.0,0.0042752233979667,0.324813217225774,0.8231915849810455,5.0,1.0,2.291616186085136,6.200000000000001,5.0,0.0011208668036614,0.0869941211256614,10543,379548,220,1.0,0.0,2.128248425743541,0.0146036585856763,-1.4210854715202004e-14,0.0795417747417914,0.4879604120503912
P,S0,7,50,49.65403431840004,0.0638339711112427,0.0,1.9832615895837615,0.8,0.0027341235549279,0.3459656815999565,0.4897459016921395,0.0,1.0,2.434755948696302,0.0,0.0,0.0,0.0,7146,257256,220,1.0,0.0,1.947386247525849,0.0,0.0,0.0,0.0
P,S4,7,50,49.65403431840004,0.0637571975352015,0.0,1.9832615895844092,0.8,0.0028534787371298,0.3459656815999565,0.4808732555404546,0.0,1.0,2.4238058666288707,0.0,0.0,0.0,0.0,5708,205488,220,1.6,0.4257425742574257,1.7680046336620463,-3.620045484922785e-05,0.0,0.0027152839653297,0.0086924386818054
P,S7,7,50,49.6601583430928,0.0617511294412296,0.0,1.9832615895837615,0.8,0.0027761891051282,0.3398416569071969,0.4227462419787783,0.0,1.0,2.39394292302792,16.0,0.0,0.0,0.0,7731,278316,220,1.0,0.0,2.1346005643575308,-0.0006666712318927,0.0,0.0206804883113917,0.1094293787777154
P,S0,8,50,49.67075188212515,0.0600144645524234,0.0,1.975095606735792,1.0,0.0023034057209281,0.3292481178748474,0.3741737152604323,0.0,1.0,2.3141293346235017,0.0,0.0,0.0,0.0,7142,257112,220,1.0,0.0,2.0924328514861417,0.0,0.0,0.0,0.0
P,S4,8,50,49.67075188212515,0.0600412773486479,0.0,1.9750956067347736,1.0,0.0023578790124001,0.3292481178748474,0.3753857972122701,0.0,1.0,2.2991379000023717,0.0,0.0,0.0,0.0,5727,206172,220,1.6,0.4356435643564356,1.9705373465332725,2.1030339722664937e-05,0.0,0.0021601245639786,0.0050142133683024
P,S7,8,50,49.6766262583393,0.0578273332337477,0.0,1.975095606735792,1.0,0.0023762443632746,0.3233737416607027,0.3600486858682217,0.0,1.0,2.245365364141066,16.0,0.0,0.0,0.0,7716,277776,220,1.0,0.0,1.9684151089083148,-7.20294523173376e-05,0.0,0.006763765762173,0.0345870094171672
P,S0,9,50,49.67144016124021,0.0598899493790934,0.0,1.8725741800026103,1.0,0.0023459399937523,0.3285598387597872,0.3580650771066593,0.0,1.0,2.260069567480365,0.0,0.0,0.0,0.0,7542,271512,220,1.0,0.0,1.945567148514684,0.0,0.0,0.0,0.0
P,S4,9,50,49.67144016124021,0.0599182449929554,0.0,1.872574180002729,1.0,0.0024457204689603,0.3285598387597872,0.358923896761425,0.0,1.0,2.253429116602424,0.0,0.0,0.0,0.0,5837,210132,220,1.6,0.4257425742574257,1.7531116138595486,2.806208397125587e-05,0.0,0.0017152628162975,0.0064864191609999
P,S7,9,50,49.67732456693538,0.0584338967649755,0.0,1.8725741800026103,1.0,0.0024387474666406,0.3226754330646173,0.3546866146090586,0.0,1.0,2.216517254127933,16.0,0.0,0.0,0.0,7804,280944,220,1.0,0.0,1.9882011980182213,8.289752241370796e-05,0.0,0.0045283546359797,0.024595997535286
P,S0,10,50,49.676581196540745,0.0586451022220104,0.0,1.9970365533312484,1.0,0.0018941890853438,0.3234188034592549,0.3460321034425526,0.0,1.0,2.2839327582646027,0.0,0.0,0.0,0.0,7290,262440,220,1.0,0.0,1.951200752478369,0.0,0.0,0.0,0.0
P,S4,10,50,49.676581196540745,0.0586530039043382,0.0,1.997036553331416,1.0,0.001904727159144,0.3234188034592549,0.3475702675269098,0.0,1.0,2.273035930859462,0.0,0.0,0.0,0.0,5779,208044,220,1.6,0.4158415841584158,1.8001991287125594,-1.373599200655412e-05,0.0,0.0012102618235658,0.00413789596941
P,S7,10,50,49.68237727191739,0.0572436706138539,0.0,1.9970365533312484,1.0,0.0019215499719224,0.3176227280826111,0.3428139523996166,0.0,1.0,2.239621487410466,16.0,0.0,0.0,0.0,7782,280152,220,1.0,0.0,1.9677696633638928,-5.951163505963503e-05,0.0,0.0077851341916641,0.0414170327906603
P,S0,11,50,49.67743466646352,0.0587042934987899,0.0,2.119008483394736,1.0,0.0023639054771592,0.3225653335364811,0.406308412895487,0.0,1.0,2.2757820557629325,0.0,0.0,0.0,0.0,7268,261648,220,1.0,0.0,2.016398930690869,0.0,0.0,0.0,0.0
P,S4,11,50,49.67743466646352,0.0587156889072327,0.0,2.119008483394861,1.0,0.002435693761792,0.3225653335364811,0.4043951203051159,0.0,1.0,2.26597038993978,0.0,0.0,0.0,0.0,6205,223380,220,1.6,0.4158415841584158,1.786769217822907,2.534742891752151e-05,0.0,0.0010097667655415,0.0030321977258154
P,S7,11,50,49.68321350663537,0.0574536242018387,0.0,2.119008483394736,1.0,0.0024575210127337,0.3167864933646314,0.4232970847754302,0.0,1.0,2.2291956502458774,16.0,0.0,0.0,0.0,7804,280944,220,1.0,0.0,2.2146450792116403,-9.244916054931136e-05,0.0,0.0031225467436613,0.0178563158588566
P,S0,12,50,49.686976055039366,0.0567104402063549,0.0,1.9023850215834772,1.0,0.0023580077757962,0.3130239449606335,0.334406586349921,0.0,1.0,2.2193710466822973,0.0,0.0,0.0,0.0,7570,272520,220,1.0,0.0,2.180785851483997,0.0,0.0,0.0,0.0
P,S4,12,50,49.686976055039366,0.0567939374979154,0.0,1.9023850215830196,1.0,0.0024872072123382,0.3130239449606335,0.3360722941916556,0.0,1.0,2.1986483858198254,0.0,0.0,0.0,0.0,6200,223200,220,1.6,0.4257425742574257,1.907626693068913,8.245973070262341e-05,0.0,0.0032466019837755,0.0123948212322261
P,S7,12,50,49.69074077455211,0.0559807502668118,0.0,1.9023850215834772,1.0,0.0023719577332644,0.3092592254478887,0.3369100618073175,0.0,1.0,2.181451832257237,16.0,0.0,0.0,0.0,7646,275256,220,1.0,0.0,2.242781376237575,1.2221023632380534e-05,0.0,0.0012926606629832,0.0058234004907205
P,S0,13,50,49.67026682615149,0.0598962047685271,0.0,1.8058905413405824,1.0,0.0019014998859535,0.3297331738485098,0.3622948337584312,0.0,1.0,2.3205422651235605,0.0,0.0,0.0,0.0,7102,255672,220,1.0,0.0,2.150227970294437,0.0,0.0,0.0,0.0
P,S4,13,50,49.67026682615149,0.0599076205982577,0.0,1.8058905413403652,1.0,0.0019366030077277,0.3297331738485098,0.3610330618076873,0.0,1.0,2.3138029266931266,0.0,0.0,0.0,0.0,5586,201096,220,1.6,0.4356435643564356,1.914330722774148,1.64963732473683e-05,0.0,0.001904337380985,0.005399404614193
P,S7,13,50,49.67614995030299,0.0584901639604569,0.0,1.8058905413405824,1.0,0.0019611562068759,0.3238500496970076,0.3488820684335813,0.0,1.0,2.279838920235471,16.0,0.0,0.0,0.0,7604,273744,220,1.0,0.0,2.140743772277274,-2.100379854617224e-05,-1.4210854715202004e-14,0.0041587717084397,0.0205442345814347
P,S0,14,50,49.6521164968973,0.0637415009563914,0.0,2.026746288408986,1.0,0.0021593483152535,0.3478835031027003,0.4127208000072266,0.0,1.0,2.480911678491735,0.0,0.0,0.0,0.0,6981,251316,220,1.0,0.0,2.2712241881197426,0.0,0.0,0.0,0.0
P,S4,14,50,49.6521164968973,0.063754597984154,0.0,2.0267462884090017,1.0,0.0022287299338617,0.3478835031027003,0.4129027739309606,0.0,1.0,2.4650366667080954,0.0,0.0,0.0,0.0,5565,200340,220,1.6,0.4257425742574257,2.036303811879893,3.1079880714893204e-05,0.0,0.0025520049571241,0.0092626294724375
P,S7,14,50,49.65827067200879,0.0617994899095051,0.0,2.026746288408986,1.0,0.002243072899881,0.3417293279912101,0.4014246990830756,0.0,1.0,2.423648836130621,16.0,0.0,0.0,0.0,7374,265464,220,1.0,0.0,2.040661524749186,6.389865537687056e-05,0.0,0.0022661820148641,0.0100617712639987
P,S0,15,50,49.67521846958225,0.0592748254981992,0.0,2.018361015601588,1.0,0.0023041140401588,0.3247815304177521,0.4083836309797561,0.0,1.0,2.3481929438659885,0.0,0.0,0.0,0.0,7377,265572,220,1.0,0.0,1.9708226831660276,0.0,0.0,0.0,0.0
P,S4,15,50,49.67521846958225,0.0592972221455399,0.0,2.0183610156013336,1.0,0.0024078765942502,0.3247815304177521,0.409354731990168,0.0,1.0,2.333600203982115,0.0,0.0,0.0,0.0,5837,210132,220,1.6,0.4356435643564356,1.7635685049519974,2.3390799271355567e-05,0.0,0.0015257328023707,0.004925606794633
P,S7,15,50,49.681017317681786,0.0584275643015829,0.0,2.018361015601588,1.0,0.0023550021984797,0.3189826823182144,0.4414978675120644,0.0,1.0,2.30790124511948,16.0,0.0,0.0,0.0,7884,283824,220,1.0,0.0,2.2194853366335616,0.0006648989359896,0.0,0.010972824173109,0.0604792729396137
P,S0,16,50,49.66738517004446,0.0610003612139924,0.0,1.9825828930681064,1.0,0.0024721379565329,0.3326148299555385,0.4157621962989267,0.0,1.0,2.303343545476954,0.0,0.0,0.0,0.0,7391,266076,220,1.0,0.0,2.1410114158432334,0.0,0.0,0.0,0.0
P,S4,16,50,49.66738517004446,0.0611291017404097,0.0,1.982582893067636,1.0,0.0025814481698729,0.3326148299555385,0.4302378625689969,0.0,1.0,2.2905553705490416,0.0,0.0,0.0,0.0,6078,218808,220,1.6,0.4356435643564356,1.9095231287108183,0.0001447108069413,0.0,0.0051125102869491,0.0188963508469896
P,S7,16,50,49.67332098936869,0.0617419062130576,0.0,1.9825828930681064,1.0,0.0029561227418991,0.3266790106313095,0.5396523414621861,0.0,1.0,2.2617135668523245,16.0,0.0,0.0,0.0,8629,310644,220,1.0,0.0,2.2588959306928458,0.0028739905606386,0.0,0.0375002174452987,0.1721118317062497
P,S0,17,50,49.70096644108189,0.0537725229099617,0.0,1.8787213895999444,1.0,0.0018361696025558,0.2990335589181114,0.3148049160566693,0.0,1.0,2.141842125059024,0.0,0.0,0.0,0.0,7530,271080,220,1.0,0.0,2.07715554455321,0.0,0.0,0.0,0.0
P,S4,17,50,49.70096644108189,0.0537769079611933,0.0,1.878721389599625,1.0,0.0019224188374192,0.2990335589181114,0.3121705436773482,0.0,1.0,2.1290783618561275,0.0,0.0,0.0,0.0,5868,211248,220,1.6,0.4356435643564356,1.898470801977352,7.40085207550506e-06,0.0,0.0012210460203334,0.0030809881873594
P,S7,17,50,49.70643346884933,0.0526296733482067,0.0,1.8787213895999444,1.0,0.0018316299024328,0.2935665311506668,0.3080876004956998,0.0,1.0,2.100137295513673,16.0,0.0,0.0,0.0,7914,284904,220,1.0,0.0,2.2777767029729508,-3.226989910291855e-05,0.0,0.0048863501162585,0.0262150092941723
P,S0,18,50,49.67618553962454,0.0586824966432855,0.0,1.9908517834785608,1.0,0.0018201728724353,0.3238144603754591,0.361031658298706,0.0,1.0,2.3037125969928125,0.0,0.0,0.0,0.0,7171,258156,220,1.0,0.0,2.26737402970072,0.0,0.0,0.0,0.0
P,S4,18,50,49.67618553962454,0.0587146010967169,0.0,1.9908517834783912,1.0,0.0019138108293994,0.3238144603754591,0.3642357265076867,0.0,1.0,2.293752378698128,0.0,0.0,0.0,0.0,5450,196200,220,1.6,0.4356435643564356,2.0283020693082423,1.3651223720829995e-05,0.0,0.0009178451091287,0.0027003849787028
P,S7,18,50,49.68198194014294,0.0754984074813992,0.0,1.9908517834785608,1.0,0.0045986176621152,0.3180180598570601,0.8674503888595636,5.0,1.0,2.2909219025315477,9.2,0.0,0.0022417336073229,-0.0019233721308491,10650,383400,220,1.0,0.0,2.161721376235772,0.0179602253342515,-1.4210854715202004e-14,0.1009018085965465,0.588062357882467
P,S0,19,50,49.68962268108114,0.0563352758573313,0.0,1.95728539826054,1.0,0.0025936521966349,0.3103773189188601,0.3309610298158943,0.0,1.0,2.14094150484661,0.0,0.0,0.0,0.0,7761,279396,220,1.0,0.0,2.1299520693054825,0.0,0.0,0.0,0.0
P,S4,19,50,49.68962268108113,0.0563782050561413,0.0,1.957285398259576,1.0,0.002698976403094,0.3103773189188672,0.3316419924695992,0.0,1.0,2.132735848671361,0.0,0.0,0.0,0.0,6189,222804,220,1.6,0.4356435643564356,1.852637732671349,3.766420034798795e-05,7.105427357601002e-15,0.0017647385785366,0.0068840559320868
P,S7,19,50,49.69526427060935,0.0553032752849827,0.0,1.95728539826054,1.0,0.0024756424676162,0.3047357293906501,0.3664067073001994,0.0,1.0,2.1066224611979107,16.0,0.0,0.0,0.0,8160,293760,220,1.0,0.0,2.0637878415838333,0.0002128884084244,-1.4210854715202004e-14,0.0121956721296356,0.0678374884682185
P,S0,20,50,49.6832637036583,0.0575608662514812,0.0,1.9643015744815568,1.0,0.0022735723198492,0.316736296341702,0.3614090468067495,0.0,1.0,2.1698235727181103,0.0,0.0,0.0,0.0,7517,270612,220,1.0,0.0,2.1109828118806218,0.0,0.0,0.0,0.0
P,S4,20,50,49.6832637036583,0.0576257696744244,0.0,1.9643015744814625,1.0,0.0024222375236613,0.316736296341702,0.3542668968141015,0.0,1.0,2.1621066331741643,0.0,0.0,0.0,0.0,6110,219960,220,1.6,0.4356435643564356,1.95209471287106,7.151630121044611e-05,0.0,0.004917773013858,0.023546640523935
P,S7,20,50,49.688993678240216,0.0559284307348665,0.0,1.9643015744815568,1.0,0.0023422153784856,0.311006321759784,0.3542771353702769,0.0,1.0,2.123200264151786,16.0,0.0,0.0,0.0,7999,287964,220,1.0,0.0,2.2200536138622944,-1.7528517520182252e-05,0.0,0.004604288915651,0.0215475136124652
P,S0,21,50,49.68747624524924,0.0570986881221678,0.0,1.8434252341895296,1.0,0.002169209320784,0.3125237547507637,0.348694868183675,0.0,1.0,2.085942259973275,0.0,0.0,0.0,0.0,7868,283248,220,1.0,0.0,2.22865712870915,0.0,0.0,0.0,0.0
P,S4,21,50,49.68747624524924,0.0571165589892303,0.0,1.8434252341888493,1.0,0.0022231161022186,0.3125237547507637,0.3457468074900319,0.0,1.0,2.064389059083593,0.0,0.0,0.0,0.0,6216,223776,220,1.6,0.4257425742574257,2.020384782180471,1.5132131750222875e-05,0.0,0.0026821188719594,0.0112400951062987
P,S7,21,50,49.693185403161166,0.0553737781429972,0.0,1.8434252341895296,1.0,0.0022634318733266,0.3068145968388336,0.36470696908764,0.0,1.0,2.026754372085424,16.0,0.0,0.0,0.0,8599,309564,220,1.0,0.0,2.119572346533225,0.0001946189749372,0.0,0.0083849915122016,0.0451932650615852
P,S0,22,50,49.67978081484917,0.0583338176755742,0.0,1.7906892423126142,1.0,0.0019232733395864,0.3202191851508331,0.3557156514490784,0.0,1.0,2.1639620734563807,0.0,0.0,0.0,0.0,7462,268632,220,1.0,0.0,2.0289424059417724,0.0,0.0,0.0,0.0
P,S4,22,50,49.67978081484917,0.0583554032647256,0.0,1.790689242311818,1.0,0.0019609668835579,0.3202191851508331,0.3589708738184882,0.0,1.0,2.1520245453301765,0.0,0.0,0.0,0.0,5825,209700,220,1.6,0.4356435643564356,1.952933306931822,-7.612199812989662e-06,0.0,0.0016268610435687,0.0052754618007377
P,S7,22,50,49.685577857295605,0.0569683624161677,0.0,1.7906892423126142,1.0,0.0019688981242224,0.3144221427043945,0.367105846692246,0.0,1.0,2.1177365741415297,16.0,0.0,0.0,0.0,7920,285120,220,1.0,0.0,2.139476999997383,0.0002255257015508,0.0,0.008611302532735,0.0416274139338931
P,S0,23,50,49.68488003927565,0.0572356346351223,0.0,1.894552159749321,1.0,0.0021224165570963,0.3151199607243455,0.3473744401281465,0.0,1.0,2.1447202840704565,0.0,0.0,0.0,0.0,7503,270108,220,1.0,0.0,2.037016435643087,0.0,0.0,0.0,0.0
P,S4,23,50,49.68488003927565,0.0572482293706594,0.0,1.8945521597490695,1.0,0.0021816713510309,0.3151199607243455,0.3479693084232914,0.0,1.0,2.136244160304825,0.0,0.0,0.0,0.0,5822,209592,220,1.6,0.4356435643564356,1.8828320693059917,1.1742492042665642e-05,0.0,0.0018690360585367,0.0052471782172979
P,S7,23,50,49.690597001353005,0.055517619321325,0.0,1.894552159749321,1.0,0.0021432330905224,0.3094029986469948,0.3487735400664561,0.0,1.0,2.095053374410217,16.0,0.0,0.0,0.0,7974,287064,220,1.0,0.0,2.1150888217805304,-5.03026332100559e-05,0.0,0.0051846819006939,0.0281194494370325
P,S0,24,50,49.69105675128248,0.0563361942737776,0.0,1.9207709098897052,1.0,0.0020036340787169,0.3089432487175187,0.4054839884654058,0.0,1.0,2.1757863718902857,0.0,0.0,0.0,0.0,7762,279432,220,1.0,0.0,2.060599277228903,0.0,0.0,0.0,0.0
P,S4,24,50,49.69105675128248,0.0562413368760753,0.0,1.9207709098897583,1.0,0.0021007321156036,0.3089432487175187,0.3901698783085877,0.0,1.0,2.1601401897932284,0.0,0.0,0.0,0.0,6146,221256,220,1.6,0.4257425742574257,1.8260381584155712,-8.602355305807607e-05,0.0,0.0036099391999471,0.0163952374419714
P,S7,24,50,49.69667373228601,0.0546743878435082,0.0,1.9207709098897052,1.0,0.0020504304601318,0.3033262677139916,0.3700327263545482,0.0,1.0,2.1234781565058864,16.0,0.0,0.0,0.0,8212,295632,220,1.0,0.0,2.1823578316852403,9.54469058744578e-05,0.0,0.0028310161862421,0.0144188323099697
P,S0,25,50,49.667466850471165,0.060260986270413,0.0,2.06360307604558,1.0,0.0019721947410652,0.3325331495288353,0.360465953993701,0.0,1.0,2.425703066305055,0.0,0.0,0.0,0.0,7128,256608,220,1.0,0.0,2.0417143762390677,0.0,0.0,0.0,0.0
P,S4,25,50,49.667466850471165,0.0603211439395803,0.0,2.063603076045445,1.0,0.0020891996100953,0.3325331495288353,0.3571492871119936,0.0,1.0,2.414978319207828,0.0,0.0,0.0,0.0,5621,202356,220,1.6,0.4356435643564356,1.7624326831690558,4.945860756395276e-05,0.0,0.0067259252868083,0.0325331951562105
P,S7,25,50,49.67338681004347,0.0603949671783306,0.0,2.06360307604558,1.0,0.0021924157183499,0.3266131899565323,0.4859650829978748,0.0,1.0,2.384359095628407,16.0,0.0,0.0,0.0,8164,293904,220,1.0,0.0,2.0419407623743573,0.0018123994574375,-2.131628207280301e-14,0.0326705530429194,0.1594035636996324
P,S0,26,50,49.67294639654949,0.0597792426077334,0.0,1.758921088536082,1.0,0.0024241484607426,0.3270536034505085,0.3744520798177134,0.0,1.0,2.2535106993549987,0.0,0.0,0.0,0.0,7456,268416,220,1.0,0.0,1.9575974950493047,0.0,0.0,0.0,0.0
P,S4,26,50,49.67294639654949,0.0597717216964605,0.0,1.7589210885358,1.0,0.0025363306239776,0.3270536034505085,0.3666889893180887,0.0,1.0,2.2361668054832298,0.0,0.0,0.0,0.0,6008,216288,220,1.6,0.4257425742574257,1.7480289207915212,-2.394935516694674e-06,0.0,0.0027637303654941,0.0135955296372053
P,S7,26,50,49.67881080806181,0.058538457009383,0.0,1.758921088536082,1.0,0.0024615460302463,0.3211891919381884,0.3993260767388435,0.0,1.0,2.211889255566773,16.0,0.0,0.0,0.0,7930,285480,220,1.0,0.0,2.1170565742563263,0.0001839493737133,-1.4210854715202004e-14,0.0066839848198227,0.0383185819114537
P,S0,27,50,49.67991751132213,0.0583233540999609,0.0,1.880762836118561,1.0,0.0022717738827724,0.3200824886778761,0.3611316486338622,0.0,1.0,2.1789369579830566,0.0,0.0,0.0,0.0,7537,271332,220,1.0,0.0,2.026810059404771,0.0,0.0,0.0,0.0
P,S4,27,50,49.67991751132213,0.0583988374922547,0.0,1.880762836118271,1.0,0.0023533403176634,0.3200824886778761,0.3651574918236676,0.0,1.0,2.172684773412553,0.0,0.0,0.0,0.0,6054,217944,220,1.6,0.4158415841584158,1.8329917524719312,7.300995266133758e-05,0.0,0.0034525270575969,0.0146341496519518
P,S7,27,50,49.68487646966674,0.0573875763443536,0.0,1.880762836118561,1.0,0.002320782840525,0.3151235303332598,0.3525043512052626,0.0,1.0,2.147830241309848,16.0,0.0,0.0,0.0,8029,289044,220,1.0,0.0,2.2875818316840584,0.0001015913135127,0.0,0.0063291277740304,0.0341451614771436
P,S0,28,50,49.6673860451755,0.0605561995181798,0.0,1.9380011502564176,0.8,0.0026913713205717,0.3326139548245024,0.3560655464609724,0.0,1.0,2.4038992900292366,0.0,0.0,0.0,0.0,7186,258696,220,1.0,0.0,2.06894085148282,0.0,0.0,0.0,0.0
P,S4,28,50,49.66738604517548,0.0605931632633194,0.0,1.938001150256763,0.8,0.0028290307838609,0.3326139548245166,0.3565359390080765,0.0,1.0,2.3898876296683635,0.0,0.0,0.0,0.0,5657,203652,220,1.6,0.4356435643564356,1.83401205940484,3.1859159373433255e-05,1.4210854715202004e-14,0.0016807874910824,0.0042486050321365
P,S7,28,50,49.67319450512999,0.0596726961188482,0.0,1.9380011502564176,0.8,0.0025646200678325,0.3268054948700154,0.4052489838709447,0.0,1.0,2.367981036339206,16.0,0.0,0.0,0.0,7635,274860,220,1.0,0.0,2.0795527821785145,0.0002974662071654,-1.4210854715202004e-14,0.0128675934752138,0.067125901881225
P,S0,29,50,49.667328774297246,0.0607830219235307,0.0,1.9944043383019296,1.0,0.0023523316257006,0.3326712257027537,0.425986099135509,0.0,1.0,2.337836408891119,0.0,0.0,0.0,0.0,7221,259956,220,1.0,0.0,2.1146185247492006,0.0,0.0,0.0,0.0
P,S4,29,50,49.667328774297246,0.0608133492693489,0.0,1.9944043383011107,1.0,0.0024747927640611,0.3326712257027537,0.4249057627024299,0.0,1.0,2.327898642201272,0.0,0.0,0.0,0.0,5882,211752,220,1.6,0.4356435643564356,1.8496249405942955,7.290540275928237e-07,0.0,0.001923457203091,0.0077594136545542
P,S7,29,50,49.67324477307394,0.0587133860514929,0.0,1.9944043383019296,1.0,0.0025083608659058,0.3267552269260605,0.3793880893370293,0.0,1.0,2.286212944915462,16.0,0.0,0.0,0.0,7596,273456,220,1.0,0.0,2.0851287623768844,-0.0002417294810145,0.0,0.0130794185707969,0.0688213033613948
